company,ticker,cik,accession_no,form,stage,filed,filing_date,pricing_date,priority,status,offering_value,primary_offering_shares,secondary_offering_shares,offering_size_source,offering_size_confidence,filing_price,offering_price,current_price,price_updated,location,location_source,lockup_end_date,holder_name,shares,cash_value,ipo_value,liquid_shares,liquid_value,locked_shares,locked_value,cash_realized_ipo,liquidity_status,liquidity_confidence,stanford_university_bio,is_beneficial_owner,holder_type,role,ownership_percent,ownership_percent_before,ownership_percent_after,shares_before_ipo,shares_sold_ipo,shares_after_ipo,stanford_source,lockup_scope,valuation_as_of,sec_url
"VME Companies, Inc.",VME,0002113640,0001575872-26-000653,S-1,Pre-pricing,2026-09-18,,,Medium,New,,,,,,,,,,,,,Michael Thomas,,,,,,,,,,,False,True,Individual,,,43.5,,700,,,,,,https://www.sec.gov/Archives/edgar/data/2113640/000157587226000653/0001575872-26-000653-index.htm
"VME Companies, Inc.",VME,0002113640,0001575872-26-000653,S-1,Pre-pricing,2026-09-18,,,Medium,New,,,,,,,,,,,,,Kuoh Lee,,,,,,,,,,,False,True,Individual,,,41.5,,673,,,,,,https://www.sec.gov/Archives/edgar/data/2113640/000157587226000653/0001575872-26-000653-index.htm
"VME Companies, Inc.",VME,0002113640,0001575872-26-000653,S-1,Pre-pricing,2026-09-18,,,Medium,New,,,,,,,,,,,,,"EWDV Fund CT, LLC",,,,,,,,,,,False,True,Fund,,,15.0,,,,,,,,https://www.sec.gov/Archives/edgar/data/2113640/000157587226000653/0001575872-26-000653-index.htm
"TRex Bio, Inc.",TRXB,0002139097,0001193125-26-395671,S-1,Pre-pricing,2026-09-18,,,Medium,New,,,,,,,,,,,,,,,,,,,,,,,,False,False,,,,,,,,,,,,https://www.sec.gov/Archives/edgar/data/2139097/000119312526395671/0001193125-26-395671-index.htm
"Retension Pharmaceuticals, Inc.",RTSN,0002002988,0001213900-26-101499,S-1,Pre-pricing,2026-09-18,,,Medium,New,,,,,,,,,,,,,CRS Capital LLC,,,,,,,,,,,False,True,Fund,,,9.9,,2831697,,,,,,https://www.sec.gov/Archives/edgar/data/2002988/000121390026101499/0001213900-26-101499-index.htm
"Retension Pharmaceuticals, Inc.",RTSN,0002002988,0001213900-26-101499,S-1,Pre-pricing,2026-09-18,,,Medium,New,,,,,,,,,,,,,Eric Keller,,,,,,,,,,,False,True,Individual,,,12.1,,3515905,,,,,,https://www.sec.gov/Archives/edgar/data/2002988/000121390026101499/0001213900-26-101499-index.htm
"Retension Pharmaceuticals, Inc.",RTSN,0002002988,0001213900-26-101499,S-1,Pre-pricing,2026-09-18,,,Medium,New,,,,,,,,,,,,,Paul Sweetnam,,,,,,,,,,,False,True,Individual,,,11.4,,3302503,,,,,,https://www.sec.gov/Archives/edgar/data/2002988/000121390026101499/0001213900-26-101499-index.htm
"Retension Pharmaceuticals, Inc.",RTSN,0002002988,0001213900-26-101499,S-1,Pre-pricing,2026-09-18,,,Medium,New,,,,,,,,,,,,,Michael Joseph Berendt,,,,,,,,,,,False,True,Individual,,,1.2,,331670,,,,,,https://www.sec.gov/Archives/edgar/data/2002988/000121390026101499/0001213900-26-101499-index.htm
"Retension Pharmaceuticals, Inc.",RTSN,0002002988,0001213900-26-101499,S-1,Pre-pricing,2026-09-18,,,Medium,New,,,,,,,,,,,,,Franklin M. Berger,,,,,,,,,,,False,True,Individual,,,,,77726,,,,,,https://www.sec.gov/Archives/edgar/data/2002988/000121390026101499/0001213900-26-101499-index.htm
"Retension Pharmaceuticals, Inc.",RTSN,0002002988,0001213900-26-101499,S-1,Pre-pricing,2026-09-18,,,Medium,New,,,,,,,,,,,,,Donald Olds,,,,,,,,,,,False,True,Individual,,,1.2,,325277,,,,,,https://www.sec.gov/Archives/edgar/data/2002988/000121390026101499/0001213900-26-101499-index.htm
"Electra Therapeutics, Inc.",ETRA,0002088082,0001193125-26-395670,424B4,Priced,2026-09-18,2026-09-14,2026-09-17,Medium,New,350000010.0,23333334,,final 424B4 explicit issuer-only THE OFFERING row; authoritative final 424B4 aggregate IPO price table; explicit issuer offering statement in final 424B4,High,14-16,15.0,13.25,2026-09-18T20:00:00+00:00,"SOUTH SAN FRANCISCO, CA",SEC submissions metadata,2027-03-16,Electra Therapeutics LLC,,,,,,,,,Lock-up applies — share quantity unavailable,"Filing supports holder lock-up coverage, but the share count is unavailable; locked and liquid quantities are not shown",False,True,Entity,,,38.2,,15065741,,,,holder-mapped,,https://www.sec.gov/Archives/edgar/data/2088082/000119312526395670/0001193125-26-395670-index.htm
"Electra Therapeutics, Inc.",ETRA,0002088082,0001193125-26-395670,424B4,Priced,2026-09-18,2026-09-14,2026-09-17,Medium,New,350000010.0,23333334,,final 424B4 explicit issuer-only THE OFFERING row; authoritative final 424B4 aggregate IPO price table; explicit issuer offering statement in final 424B4,High,14-16,15.0,13.25,2026-09-18T20:00:00+00:00,"SOUTH SAN FRANCISCO, CA",SEC submissions metadata,2027-03-16,Entities affiliated with OrbiMed,5551837.0,73561840.25,83277555.0,,,,,,Lock-up applies — covered quantity unresolved,"Holder class is supported, but the filing does not establish that the entire disclosed position is covered",False,True,Entity,,8.8,9.0,8.8,3549527,,5551837,,holder-mapped,2026-09-18,https://www.sec.gov/Archives/edgar/data/2088082/000119312526395670/0001193125-26-395670-index.htm
"Electra Therapeutics, Inc.",ETRA,0002088082,0001193125-26-395670,424B4,Priced,2026-09-18,2026-09-14,2026-09-17,Medium,New,350000010.0,23333334,,final 424B4 explicit issuer-only THE OFFERING row; authoritative final 424B4 aggregate IPO price table; explicit issuer offering statement in final 424B4,High,14-16,15.0,13.25,2026-09-18T20:00:00+00:00,"SOUTH SAN FRANCISCO, CA",SEC submissions metadata,2027-03-16,"Entities affiliated with Westlake BioPartners Fund I, L.P.",6347539.0,84104891.75,95213085.0,,,,,,Lock-up applies — covered quantity unresolved,"Holder class is supported, but the filing does not establish that the entire disclosed position is covered",False,True,Entity,,10.1,7.1,10.1,2820403,,6347539,,holder-mapped,2026-09-18,https://www.sec.gov/Archives/edgar/data/2088082/000119312526395670/0001193125-26-395670-index.htm
"Electra Therapeutics, Inc.",ETRA,0002088082,0001193125-26-395670,424B4,Priced,2026-09-18,2026-09-14,2026-09-17,Medium,New,350000010.0,23333334,,final 424B4 explicit issuer-only THE OFFERING row; authoritative final 424B4 aggregate IPO price table; explicit issuer offering statement in final 424B4,High,14-16,15.0,13.25,2026-09-18T20:00:00+00:00,"SOUTH SAN FRANCISCO, CA",SEC submissions metadata,2027-03-16,"Redmile Biopharma Investments II, L.P.",4796215.0,63549848.75,71943225.0,,,,,,Lock-up applies — covered quantity unresolved,"Holder class is supported, but the filing does not establish that the entire disclosed position is covered",False,True,Fund,,7.6,7.1,7.6,2811887,,4796215,,holder-mapped,2026-09-18,https://www.sec.gov/Archives/edgar/data/2088082/000119312526395670/0001193125-26-395670-index.htm
"Electra Therapeutics, Inc.",ETRA,0002088082,0001193125-26-395670,424B4,Priced,2026-09-18,2026-09-14,2026-09-17,Medium,New,350000010.0,23333334,,final 424B4 explicit issuer-only THE OFFERING row; authoritative final 424B4 aggregate IPO price table; explicit issuer offering statement in final 424B4,High,14-16,15.0,13.25,2026-09-18T20:00:00+00:00,"SOUTH SAN FRANCISCO, CA",SEC submissions metadata,2027-03-16,Aventis Inc.,2461948.0,32620811.0,36929220.0,,,,,,Lock-up applies — covered quantity unresolved,"Holder class is supported, but the filing does not establish that the entire disclosed position is covered",False,True,Entity,,3.9,6.2,3.9,2461948,,2461948,,holder-mapped,2026-09-18,https://www.sec.gov/Archives/edgar/data/2088082/000119312526395670/0001193125-26-395670-index.htm
"Electra Therapeutics, Inc.",ETRA,0002088082,0001193125-26-395670,424B4,Priced,2026-09-18,2026-09-14,2026-09-17,Medium,New,350000010.0,23333334,,final 424B4 explicit issuer-only THE OFFERING row; authoritative final 424B4 aggregate IPO price table; explicit issuer offering statement in final 424B4,High,14-16,15.0,13.25,2026-09-18T20:00:00+00:00,"SOUTH SAN FRANCISCO, CA",SEC submissions metadata,2027-03-16,LSP 7 Coöperatief U.A.,2461948.0,32620811.0,36929220.0,,,,,,Lock-up applies — covered quantity unresolved,"Holder class is supported, but the filing does not establish that the entire disclosed position is covered",False,True,Entity,,3.9,6.2,3.9,2461948,,2461948,,holder-mapped,2026-09-18,https://www.sec.gov/Archives/edgar/data/2088082/000119312526395670/0001193125-26-395670-index.htm
"Electra Therapeutics, Inc.",ETRA,0002088082,0001193125-26-395670,424B4,Priced,2026-09-18,2026-09-14,2026-09-17,Medium,New,350000010.0,23333334,,final 424B4 explicit issuer-only THE OFFERING row; authoritative final 424B4 aggregate IPO price table; explicit issuer offering statement in final 424B4,High,14-16,15.0,13.25,2026-09-18T20:00:00+00:00,"SOUTH SAN FRANCISCO, CA",SEC submissions metadata,2027-03-16,Entities affiliated with New Leaf Ventures,3248304.0,43040028.0,48724560.0,,,,,,Lock-up applies — covered quantity unresolved,"Holder class is supported, but the filing does not establish that the entire disclosed position is covered",False,True,Entity,,5.2,4.4,5.2,1722233,,3248304,,holder-mapped,2026-09-18,https://www.sec.gov/Archives/edgar/data/2088082/000119312526395670/0001193125-26-395670-index.htm
"Electra Therapeutics, Inc.",ETRA,0002088082,0001193125-26-395670,424B4,Priced,2026-09-18,2026-09-14,2026-09-17,Medium,New,350000010.0,23333334,,final 424B4 explicit issuer-only THE OFFERING row; authoritative final 424B4 aggregate IPO price table; explicit issuer offering statement in final 424B4,High,14-16,15.0,13.25,2026-09-18T20:00:00+00:00,"SOUTH SAN FRANCISCO, CA",SEC submissions metadata,2027-03-16,"Quehuong (Kathy) Dong, Pharm.D., M.B.A.",1854659.0,24574231.75,27819885.0,,,,,,Lock-up applies — covered quantity unresolved,"Holder class is supported, but the filing does not establish that the entire disclosed position is covered",False,True,Individual,,3.0,3.4,3.0,1399175,,1854659,,holder-mapped,2026-09-18,https://www.sec.gov/Archives/edgar/data/2088082/000119312526395670/0001193125-26-395670-index.htm
"Electra Therapeutics, Inc.",ETRA,0002088082,0001193125-26-395670,424B4,Priced,2026-09-18,2026-09-14,2026-09-17,Medium,New,350000010.0,23333334,,final 424B4 explicit issuer-only THE OFFERING row; authoritative final 424B4 aggregate IPO price table; explicit issuer offering statement in final 424B4,High,14-16,15.0,13.25,2026-09-18T20:00:00+00:00,"SOUTH SAN FRANCISCO, CA",SEC submissions metadata,2027-03-16,"Gary S. Koe, Ph.D.",444493.0,5889532.25,6667395.0,,,,,,Lock-up applies — covered quantity unresolved,"Holder class is supported, but the filing does not establish that the entire disclosed position is covered",False,True,Individual,,,,,380837,,444493,,holder-mapped,2026-09-18,https://www.sec.gov/Archives/edgar/data/2088082/000119312526395670/0001193125-26-395670-index.htm
"Electra Therapeutics, Inc.",ETRA,0002088082,0001193125-26-395670,424B4,Priced,2026-09-18,2026-09-14,2026-09-17,Medium,New,350000010.0,23333334,,final 424B4 explicit issuer-only THE OFFERING row; authoritative final 424B4 aggregate IPO price table; explicit issuer offering statement in final 424B4,High,14-16,15.0,13.25,2026-09-18T20:00:00+00:00,"SOUTH SAN FRANCISCO, CA",SEC submissions metadata,2027-03-16,"Kim-Hien Dao, D.O., Ph.D.",547202.0,7250426.5,8208030.0,,,,,,Lock-up applies — covered quantity unresolved,"Holder class is supported, but the filing does not establish that the entire disclosed position is covered",False,True,Individual,,,1.4,,547202,,547202,,holder-mapped,2026-09-18,https://www.sec.gov/Archives/edgar/data/2088082/000119312526395670/0001193125-26-395670-index.htm
"Electra Therapeutics, Inc.",ETRA,0002088082,0001193125-26-395670,424B4,Priced,2026-09-18,2026-09-14,2026-09-17,Medium,New,350000010.0,23333334,,final 424B4 explicit issuer-only THE OFFERING row; authoritative final 424B4 aggregate IPO price table; explicit issuer offering statement in final 424B4,High,14-16,15.0,13.25,2026-09-18T20:00:00+00:00,"SOUTH SAN FRANCISCO, CA",SEC submissions metadata,2027-03-16,"Matthew Fust, M.B.A.",136800.0,1812600.0,2052000.0,,,,,,Lock-up applies — covered quantity unresolved,"Holder class is supported, but the filing does not establish that the entire disclosed position is covered",False,True,Individual,,,,,136800,,136800,,holder-mapped,2026-09-18,https://www.sec.gov/Archives/edgar/data/2088082/000119312526395670/0001193125-26-395670-index.htm
"Electra Therapeutics, Inc.",ETRA,0002088082,0001193125-26-395670,424B4,Priced,2026-09-18,2026-09-14,2026-09-17,Medium,New,350000010.0,23333334,,final 424B4 explicit issuer-only THE OFFERING row; authoritative final 424B4 aggregate IPO price table; explicit issuer offering statement in final 424B4,High,14-16,15.0,13.25,2026-09-18T20:00:00+00:00,"SOUTH SAN FRANCISCO, CA",SEC submissions metadata,2027-03-16,"Carl L. Gordon, Ph.D., C.F.A.",5551837.0,,,,,,,,Lock-up applies — covered quantity unresolved,"Holder class is supported, but the filing does not establish that the entire disclosed position is covered",False,True,Individual,,8.8,9.0,8.8,3549527,,5551837,,holder-mapped,,https://www.sec.gov/Archives/edgar/data/2088082/000119312526395670/0001193125-26-395670-index.htm
"Electra Therapeutics, Inc.",ETRA,0002088082,0001193125-26-395670,424B4,Priced,2026-09-18,2026-09-14,2026-09-17,Medium,New,350000010.0,23333334,,final 424B4 explicit issuer-only THE OFFERING row; authoritative final 424B4 aggregate IPO price table; explicit issuer offering statement in final 424B4,High,14-16,15.0,13.25,2026-09-18T20:00:00+00:00,"SOUTH SAN FRANCISCO, CA",SEC submissions metadata,2027-03-16,"Beth Seidenberg, M.D.",6347539.0,,,,,,,,Lock-up applies — covered quantity unresolved,"Holder class is supported, but the filing does not establish that the entire disclosed position is covered",False,True,Individual,,10.1,7.1,10.1,2820403,,6347539,,holder-mapped,,https://www.sec.gov/Archives/edgar/data/2088082/000119312526395670/0001193125-26-395670-index.htm
"Electra Therapeutics, Inc.",ETRA,0002088082,0001193125-26-395670,424B4,Priced,2026-09-18,2026-09-14,2026-09-17,Medium,New,350000010.0,23333334,,final 424B4 explicit issuer-only THE OFFERING row; authoritative final 424B4 aggregate IPO price table; explicit issuer offering statement in final 424B4,High,14-16,15.0,13.25,2026-09-18T20:00:00+00:00,"SOUTH SAN FRANCISCO, CA",SEC submissions metadata,2027-03-16,"Nancy Stagliano, Ph.D.",638987.0,8466577.75,9584805.0,,,,,,Lock-up applies — covered quantity unresolved,"Holder class is supported, but the filing does not establish that the entire disclosed position is covered",False,True,Individual,,1.0,,1.0,383352,,638987,,holder-mapped,2026-09-18,https://www.sec.gov/Archives/edgar/data/2088082/000119312526395670/0001193125-26-395670-index.htm
Amaero Inc.,AMRO,0002141616,0001193125-26-395150,S-1/A,Pre-pricing,2026-09-18,,,Medium,New,,7456500,,,,,,,,,,,Pegasus Growth Capital Fund I LP,7459149,,,,,,,,,,False,True,Fund,,23.84,31.3,23.84,7459149,,7459149,,,,https://www.sec.gov/Archives/edgar/data/2141616/000119312526395150/0001193125-26-395150-index.htm
Amaero Inc.,AMRO,0002141616,0001193125-26-395150,S-1/A,Pre-pricing,2026-09-18,,,Medium,New,,7456500,,,,,,,,,,,Affiliates of FIL Limited,1534410,,,,,,,,,,False,True,Entity,,4.9,6.44,4.9,1534410,,1534410,,,,https://www.sec.gov/Archives/edgar/data/2141616/000119312526395150/0001193125-26-395150-index.htm
Amaero Inc.,AMRO,0002141616,0001193125-26-395150,S-1/A,Pre-pricing,2026-09-18,,,Medium,New,,7456500,,,,,,,,,,,Hank J. Holland,7499199,,,,,,,,,,False,True,Individual,,23.94,31.41,23.94,7499199,,7499199,,,,https://www.sec.gov/Archives/edgar/data/2141616/000119312526395150/0001193125-26-395150-index.htm
Amaero Inc.,AMRO,0002141616,0001193125-26-395150,S-1/A,Pre-pricing,2026-09-18,,,Medium,New,,7456500,,,,,,,,,,,Eric Bono,239663,,,,,,,,,,False,True,Individual,,,1.0,,239663,,239663,,,,https://www.sec.gov/Archives/edgar/data/2141616/000119312526395150/0001193125-26-395150-index.htm
Amaero Inc.,AMRO,0002141616,0001193125-26-395150,S-1/A,Pre-pricing,2026-09-18,,,Medium,New,,7456500,,,,,,,,,,,Brett Paduch,82001,,,,,,,,,,False,True,Individual,,,,,82001,,82001,,,,https://www.sec.gov/Archives/edgar/data/2141616/000119312526395150/0001193125-26-395150-index.htm
Amaero Inc.,AMRO,0002141616,0001193125-26-395150,S-1/A,Pre-pricing,2026-09-18,,,Medium,New,,7456500,,,,,,,,,,,Omer Granit,686259,,,,,,,,,,False,True,Individual,,2.19,2.87,2.19,686259,,686259,,,,https://www.sec.gov/Archives/edgar/data/2141616/000119312526395150/0001193125-26-395150-index.htm
Amaero Inc.,AMRO,0002141616,0001193125-26-395150,S-1/A,Pre-pricing,2026-09-18,,,Medium,New,,7456500,,,,,,,,,,,Robert Latta,52500,,,,,,,,,,False,True,Individual,,,,,52500,,52500,,,,https://www.sec.gov/Archives/edgar/data/2141616/000119312526395150/0001193125-26-395150-index.htm
Amaero Inc.,AMRO,0002141616,0001193125-26-395150,S-1/A,Pre-pricing,2026-09-18,,,Medium,New,,7456500,,,,,,,,,,,Erik Levy,44722,,,,,,,,,,False,True,Individual,,,,,44722,,44722,,,,https://www.sec.gov/Archives/edgar/data/2141616/000119312526395150/0001193125-26-395150-index.htm
"Alopexx, Inc.",ALPX,0001880995,0001213900-26-101026,S-1/A,Pre-pricing,2026-09-17,,,High,New,33000000,3000000,,primary offering; cover title adjacent to IPO statement,High,$10.00–$12.00,,,,,,,Daniel Vlock,4684334,,,,,,,,,,False,True,Individual,,56.1,87.2,56.1,4546958,,4684334,,,,https://www.sec.gov/Archives/edgar/data/1880995/000121390026101026/0001213900-26-101026-index.htm
"Alopexx, Inc.",ALPX,0001880995,0001213900-26-101026,S-1/A,Pre-pricing,2026-09-17,,,High,New,33000000,3000000,,primary offering; cover title adjacent to IPO statement,High,$10.00–$12.00,,,,,,,Peter Werth,568967,,,,,,,,,,False,True,Individual,,6.8,10.4,6.8,535623,,568967,,,,https://www.sec.gov/Archives/edgar/data/1880995/000121390026101026/0001213900-26-101026-index.htm
"Alopexx, Inc.",ALPX,0001880995,0001213900-26-101026,S-1/A,Pre-pricing,2026-09-17,,,High,New,33000000,3000000,,primary offering; cover title adjacent to IPO statement,High,$10.00–$12.00,,,,,,,Dr. Gerald Pier,627850,,,,,,,,,,False,True,Individual,,7.5,11.1,7.5,627850,,627850,,,,https://www.sec.gov/Archives/edgar/data/1880995/000121390026101026/0001213900-26-101026-index.htm
"Alopexx, Inc.",ALPX,0001880995,0001213900-26-101026,S-1/A,Pre-pricing,2026-09-17,,,High,New,33000000,3000000,,primary offering; cover title adjacent to IPO statement,High,$10.00–$12.00,,,,,,,Gail H. Cassell,11600,,,,,,,,,,False,True,Individual,,0.1,0.2,0.1,11600,,11600,,,,https://www.sec.gov/Archives/edgar/data/1880995/000121390026101026/0001213900-26-101026-index.htm
"Alopexx, Inc.",ALPX,0001880995,0001213900-26-101026,S-1/A,Pre-pricing,2026-09-17,,,High,New,33000000,3000000,,primary offering; cover title adjacent to IPO statement,High,$10.00–$12.00,,,,,,,Richard Cohen,11600,,,,,,,,,,False,True,Individual,,0.1,0.2,0.1,11600,,11600,,,,https://www.sec.gov/Archives/edgar/data/1880995/000121390026101026/0001213900-26-101026-index.htm
"Alopexx, Inc.",ALPX,0001880995,0001213900-26-101026,S-1/A,Pre-pricing,2026-09-17,,,High,New,33000000,3000000,,primary offering; cover title adjacent to IPO statement,High,$10.00–$12.00,,,,,,,Ann MacDougall,11600,,,,,,,,,,False,True,Individual,,0.1,0.2,0.1,11600,,11600,,,,https://www.sec.gov/Archives/edgar/data/1880995/000121390026101026/0001213900-26-101026-index.htm
"Alopexx, Inc.",ALPX,0001880995,0001213900-26-101026,S-1/A,Pre-pricing,2026-09-17,,,High,New,33000000,3000000,,primary offering; cover title adjacent to IPO statement,High,$10.00–$12.00,,,,,,,Christine de los Reyes,191400,,,,,,,,,,False,True,Individual,,2.3,3.6,2.3,191400,,191400,,,,https://www.sec.gov/Archives/edgar/data/1880995/000121390026101026/0001213900-26-101026-index.htm
"Alopexx, Inc.",ALPX,0001880995,0001213900-26-101026,S-1/A,Pre-pricing,2026-09-17,,,High,New,33000000,3000000,,primary offering; cover title adjacent to IPO statement,High,$10.00–$12.00,,,,,,,William W. Chin,281213,,,,,,,,,,False,True,Individual,,3.4,5.2,3.4,281213,,281213,,,,https://www.sec.gov/Archives/edgar/data/1880995/000121390026101026/0001213900-26-101026-index.htm
"Alopexx, Inc.",ALPX,0001880995,0001213900-26-101026,S-1/A,Pre-pricing,2026-09-17,,,High,New,33000000,3000000,,primary offering; cover title adjacent to IPO statement,High,$10.00–$12.00,,,,,,,Thomas T. Thomas,328425,,,,,,,,,,False,True,Individual,,3.9,6.0,3.9,328425,,328425,,,,https://www.sec.gov/Archives/edgar/data/1880995/000121390026101026/0001213900-26-101026-index.htm
"NuvOx Therapeutics, Inc.",NUOX,0001966126,0001213900-26-100586,S-1/A,Pre-pricing,2026-09-16,,,High,New,,,,,,$6.00–$8.00,,,,,,,Evan Unger,3419366,,,,,,,,,,False,True,Individual,,25.1,63.3,25.1,3419366,,3419366,,,,https://www.sec.gov/Archives/edgar/data/1966126/000121390026100586/0001213900-26-100586-index.htm
"NuvOx Therapeutics, Inc.",NUOX,0001966126,0001213900-26-100586,S-1/A,Pre-pricing,2026-09-16,,,High,New,,,,,,$6.00–$8.00,,,,,,,Rong Wang,884538,,,,,,,,,,False,True,Individual,,6.5,23.9,6.5,884538,,884538,,,,https://www.sec.gov/Archives/edgar/data/1966126/000121390026100586/0001213900-26-100586-index.htm
"NuvOx Therapeutics, Inc.",NUOX,0001966126,0001213900-26-100586,S-1/A,Pre-pricing,2026-09-16,,,High,New,,,,,,$6.00–$8.00,,,,,,,Jennifer Johnson,303774,,,,,,,,,,False,True,Individual,,2.3,8.8,2.3,303774,,303774,,,,https://www.sec.gov/Archives/edgar/data/1966126/000121390026100586/0001213900-26-100586-index.htm
"NuvOx Therapeutics, Inc.",NUOX,0001966126,0001213900-26-100586,S-1/A,Pre-pricing,2026-09-16,,,High,New,,,,,,$6.00–$8.00,,,,,,,Jonathan Schilling,209054,,,,,,,,,,False,True,Individual,,1.6,5.9,1.6,209054,,209054,,,,https://www.sec.gov/Archives/edgar/data/1966126/000121390026100586/0001213900-26-100586-index.htm
"NuvOx Therapeutics, Inc.",NUOX,0001966126,0001213900-26-100586,S-1/A,Pre-pricing,2026-09-16,,,High,New,,,,,,$6.00–$8.00,,,,,,,Jon S. Saxe,128926,,,,,,,,,,False,True,Individual,,1.0,3.7,1.0,128926,,128926,,,,https://www.sec.gov/Archives/edgar/data/1966126/000121390026100586/0001213900-26-100586-index.htm
"NuvOx Therapeutics, Inc.",NUOX,0001966126,0001213900-26-100586,S-1/A,Pre-pricing,2026-09-16,,,High,New,,,,,,$6.00–$8.00,,,,,,,Marvin J. Slepian,111612,,,,,,,,,,False,True,Individual,,,3.2,,111612,,111612,,,,https://www.sec.gov/Archives/edgar/data/1966126/000121390026100586/0001213900-26-100586-index.htm
"NuvOx Therapeutics, Inc.",NUOX,0001966126,0001213900-26-100586,S-1/A,Pre-pricing,2026-09-16,,,High,New,,,,,,$6.00–$8.00,,,,,,,Richard Carmona,88538,,,,,,,,,,False,True,Individual,,,2.6,,88538,,88538,,,,https://www.sec.gov/Archives/edgar/data/1966126/000121390026100586/0001213900-26-100586-index.htm
"NuvOx Therapeutics, Inc.",NUOX,0001966126,0001213900-26-100586,S-1/A,Pre-pricing,2026-09-16,,,High,New,,,,,,$6.00–$8.00,,,,,,,Wilson Cheung,46728,,,,,,,,,,False,True,Individual,,,1.2,,41728,,46728,,,,https://www.sec.gov/Archives/edgar/data/1966126/000121390026100586/0001213900-26-100586-index.htm
"NuvOx Therapeutics, Inc.",NUOX,0001966126,0001213900-26-100586,S-1/A,Pre-pricing,2026-09-16,,,High,New,,,,,,$6.00–$8.00,,,,,,,Unger Family Trust,3081598,,,,,,,,,,False,True,Trust,,23.2,60.9,23.2,3081598,,3081598,,,,https://www.sec.gov/Archives/edgar/data/1966126/000121390026100586/0001213900-26-100586-index.htm
"NuvOx Therapeutics, Inc.",NUOX,0001966126,0001213900-26-100586,S-1/A,Pre-pricing,2026-09-16,,,High,New,,,,,,$6.00–$8.00,,,,,,,New World Angels Investors XXXVI (NuvOx) LLC,555431,,,,,,,,,,False,True,Entity,,4.2,14.0,4.2,555431,,555431,,,,https://www.sec.gov/Archives/edgar/data/1966126/000121390026100586/0001213900-26-100586-index.htm
"NuvOx Therapeutics, Inc.",NUOX,0001966126,0001213900-26-100586,S-1/A,Pre-pricing,2026-09-16,,,High,New,,,,,,$6.00–$8.00,,,,,,,Bochnowski Family Trust,337326,,,,,,,,,,False,True,Trust,,2.5,9.0,2.5,337326,,337326,,,,https://www.sec.gov/Archives/edgar/data/1966126/000121390026100586/0001213900-26-100586-index.htm
"NuvOx Therapeutics, Inc.",NUOX,0001966126,0001213900-26-100586,S-1/A,Pre-pricing,2026-09-16,,,High,New,,,,,,$6.00–$8.00,,,,,,,"Gulf South Angels Nuvox SPV Investment Group I, LLC",261863,,,,,,,,,,False,True,Entity,,2.0,7.1,2.0,261863,,261863,,,,https://www.sec.gov/Archives/edgar/data/1966126/000121390026100586/0001213900-26-100586-index.htm
"NuvOx Therapeutics, Inc.",NUOX,0001966126,0001213900-26-100586,S-1/A,Pre-pricing,2026-09-16,,,High,New,,,,,,$6.00–$8.00,,,,,,,2009 TJ Schilling Revocable Trust,259847,,,,,,,,,,False,True,Trust,,2.0,7.1,2.0,259847,,259847,,,,https://www.sec.gov/Archives/edgar/data/1966126/000121390026100586/0001213900-26-100586-index.htm
"NuvOx Therapeutics, Inc.",NUOX,0001966126,0001213900-26-100586,S-1/A,Pre-pricing,2026-09-16,,,High,New,,,,,,$6.00–$8.00,,,,,,,MEDA Angels and Side Car Funds,305238,,,,,,,,,,False,True,Fund,,2.3,8.2,2.3,305238,,305238,,,,https://www.sec.gov/Archives/edgar/data/1966126/000121390026100586/0001213900-26-100586-index.htm
"NuvOx Therapeutics, Inc.",NUOX,0001966126,0001213900-26-100586,S-1/A,Pre-pricing,2026-09-16,,,High,New,,,,,,$6.00–$8.00,,,,,,,Llewellyn Lee,204911,,,,,,,,,,False,True,Individual,,1.5,5.7,1.5,204911,,204911,,,,https://www.sec.gov/Archives/edgar/data/1966126/000121390026100586/0001213900-26-100586-index.htm
"NuvOx Therapeutics, Inc.",NUOX,0001966126,0001213900-26-100586,S-1/A,Pre-pricing,2026-09-16,,,High,New,,,,,,$6.00–$8.00,,,,,,,Margaret Z Unger Trust,230101,,,,,,,,,,False,True,Trust,,1.7,6.3,1.7,230101,,230101,,,,https://www.sec.gov/Archives/edgar/data/1966126/000121390026100586/0001213900-26-100586-index.htm
"NuvOx Therapeutics, Inc.",NUOX,0001966126,0001213900-26-100586,S-1/A,Pre-pricing,2026-09-16,,,High,New,,,,,,$6.00–$8.00,,,,,,,David Wilson,222559,,,,,,,,,,False,True,Individual,,1.7,6.5,1.7,222559,,222559,,,,https://www.sec.gov/Archives/edgar/data/1966126/000121390026100586/0001213900-26-100586-index.htm
"NuvOx Therapeutics, Inc.",NUOX,0001966126,0001213900-26-100586,S-1/A,Pre-pricing,2026-09-16,,,High,New,,,,,,$6.00–$8.00,,,,,,,"Jonathan T. Schilling Revocable Trust, dated May 3, 2002",176021,,,,,,,,,,False,True,Trust,,1.3,5.0,1.3,176021,,176021,,,,https://www.sec.gov/Archives/edgar/data/1966126/000121390026100586/0001213900-26-100586-index.htm
"MFB Bancorp, Inc.",,0002152813,0001104659-26-107563,S-1,Pre-pricing,2026-09-14,,,Medium,New,,,,,,,,,,,,,"Mutual Federal, MHC",2545813,,,,,,,,,,False,True,Entity,,77.4,,,,,,,,,https://www.sec.gov/Archives/edgar/data/2152813/000110465926107563/0001104659-26-107563-index.htm
"MFB Bancorp, Inc.",,0002152813,0001104659-26-107563,S-1,Pre-pricing,2026-09-14,,,Medium,New,,,,,,,,,,,,,Stanley Balzekas III,68155,,,,,,,,,,False,True,Individual,,2.07,,,,,,,,,https://www.sec.gov/Archives/edgar/data/2152813/000110465926107563/0001104659-26-107563-index.htm
"MFB Bancorp, Inc.",,0002152813,0001104659-26-107563,S-1,Pre-pricing,2026-09-14,,,Medium,New,,,,,,,,,,,,,"John L. Garlanger, C.P.A.",37479,,,,,,,,,,False,True,Individual,,1.14,,,,,,,,,https://www.sec.gov/Archives/edgar/data/2152813/000110465926107563/0001104659-26-107563-index.htm
"MFB Bancorp, Inc.",,0002152813,0001104659-26-107563,S-1,Pre-pricing,2026-09-14,,,Medium,New,,,,,,,,,,,,,"Robert P. Kazan, M.D.",28564,,,,,,,,,,False,True,Individual,,0.87,,,,,,,,,https://www.sec.gov/Archives/edgar/data/2152813/000110465926107563/0001104659-26-107563-index.htm
"MFB Bancorp, Inc.",,0002152813,0001104659-26-107563,S-1,Pre-pricing,2026-09-14,,,Medium,New,,,,,,,,,,,,,"Amy P. Keane, C.P.A.",13138,,,,,,,,,,False,True,Individual,,0.4,,,,,,,,,https://www.sec.gov/Archives/edgar/data/2152813/000110465926107563/0001104659-26-107563-index.htm
"MFB Bancorp, Inc.",,0002152813,0001104659-26-107563,S-1,Pre-pricing,2026-09-14,,,Medium,New,,,,,,,,,,,,,Julie H. Oksas,44243,,,,,,,,,,False,True,Individual,,1.34,,,,,,,,,https://www.sec.gov/Archives/edgar/data/2152813/000110465926107563/0001104659-26-107563-index.htm
"MFB Bancorp, Inc.",,0002152813,0001104659-26-107563,S-1,Pre-pricing,2026-09-14,,,Medium,New,,,,,,,,,,,,,Stephen M. Oksas,107299,,,,,,,,,,False,True,Individual,,3.21,,,,,,,,,https://www.sec.gov/Archives/edgar/data/2152813/000110465926107563/0001104659-26-107563-index.htm
"MFB Bancorp, Inc.",,0002152813,0001104659-26-107563,S-1,Pre-pricing,2026-09-14,,,Medium,New,,,,,,,,,,,,,"Rodney D. Stickle, C.P.A.",25000,,,,,,,,,,False,True,Individual,,0.75,,,,,,,,,https://www.sec.gov/Archives/edgar/data/2152813/000110465926107563/0001104659-26-107563-index.htm
Little West Holdings Inc.,LILW,0002065821,0001213900-26-099701,S-1/A,Pre-pricing,2026-09-14,,,High,New,18750000,3750000,,primary offering; cover share title; explicit issuer-only cover statement matches total,High,$4.00–$6.00,,,,,,,Veg House Holdings Inc.,5000000,,,,,,,,,,False,True,Entity,,57.1,100.0,57.1,5000000,,5000000,,,,https://www.sec.gov/Archives/edgar/data/2065821/000121390026099701/0001213900-26-099701-index.htm
"Bamboo Insurance Services, Inc.",BMB,0002125355,0001628280-26-061664,S-1/A,Pre-pricing,2026-09-14,,,High,New,665000000,,35000000,explicit selling-holder cover statement; prospectus cover title,High,$18.00–$20.00,,,,,,,CVC Blocker Holdco,,,,,,,,,,,False,True,Entity,,15.0,,15.0,34215530,,,,,,https://www.sec.gov/Archives/edgar/data/2125355/000162828026061664/0001628280-26-061664-index.htm
"Bamboo Insurance Services, Inc.",BMB,0002125355,0001628280-26-061664,S-1/A,Pre-pricing,2026-09-14,,,High,New,665000000,,35000000,explicit selling-holder cover statement; prospectus cover title,High,$18.00–$20.00,,,,,,,Miramar Blocker Holdco,,,,,,,,,,,False,True,Entity,,43.0,,43.0,96549383,,,,,,https://www.sec.gov/Archives/edgar/data/2125355/000162828026061664/0001628280-26-061664-index.htm
"Bamboo Insurance Services, Inc.",BMB,0002125355,0001628280-26-061664,S-1/A,Pre-pricing,2026-09-14,,,High,New,665000000,,35000000,explicit selling-holder cover statement; prospectus cover title,High,$18.00–$20.00,,,,,,,John Chu,9414771,,,,,,,,,,False,True,Individual,,6.0,,6.0,9414771,,9414771,,,,https://www.sec.gov/Archives/edgar/data/2125355/000162828026061664/0001628280-26-061664-index.htm
"Bamboo Insurance Services, Inc.",BMB,0002125355,0001628280-26-061664,S-1/A,Pre-pricing,2026-09-14,,,High,New,665000000,,35000000,explicit selling-holder cover statement; prospectus cover title,High,$18.00–$20.00,,,,,,,Tim Tuller,1083097,,,,,,,,,,False,True,Individual,,1.0,,1.0,1083097,,1083097,,,,https://www.sec.gov/Archives/edgar/data/2125355/000162828026061664/0001628280-26-061664-index.htm
"Bamboo Insurance Services, Inc.",BMB,0002125355,0001628280-26-061664,S-1/A,Pre-pricing,2026-09-14,,,High,New,665000000,,35000000,explicit selling-holder cover statement; prospectus cover title,High,$18.00–$20.00,,,,,,,Taylor Mobley,1529216,,,,,,,,,,False,True,Individual,,1.0,,1.0,1529216,,1529216,,,,https://www.sec.gov/Archives/edgar/data/2125355/000162828026061664/0001628280-26-061664-index.htm
"Bamboo Insurance Services, Inc.",BMB,0002125355,0001628280-26-061664,S-1/A,Pre-pricing,2026-09-14,,,High,New,665000000,,35000000,explicit selling-holder cover statement; prospectus cover title,High,$18.00–$20.00,,,,,,,Ty Shay,26914,,,,,,,,,,False,True,Individual,,,,,26914,,26914,,,,https://www.sec.gov/Archives/edgar/data/2125355/000162828026061664/0001628280-26-061664-index.htm
"Bamboo Insurance Services, Inc.",BMB,0002125355,0001628280-26-061664,S-1/A,Pre-pricing,2026-09-14,,,High,New,665000000,,35000000,explicit selling-holder cover statement; prospectus cover title,High,$18.00–$20.00,,,,,,,Mark Anquillare,24468,,,,,,,,,,False,True,Individual,,,,,24468,,24468,,,,https://www.sec.gov/Archives/edgar/data/2125355/000162828026061664/0001628280-26-061664-index.htm
"ADARx Pharmaceuticals, Inc.",ADRX,0001802369,0001193125-26-390724,S-1/A,Pre-pricing,2026-09-14,,,Medium,New,,,,,,,,,,,,,Entities affiliated with OrbiMed,27248813,,,,,,,,,,False,True,Entity,,,30.8,,,,27248813,,,,https://www.sec.gov/Archives/edgar/data/1802369/000119312526390724/0001193125-26-390724-index.htm
"ADARx Pharmaceuticals, Inc.",ADRX,0001802369,0001193125-26-390724,S-1/A,Pre-pricing,2026-09-14,,,Medium,New,,,,,,,,,,,,,Entities affiliated with LAV Fund,13894789,,,,,,,,,,False,True,Entity,,,15.7,,,,13894789,,,,https://www.sec.gov/Archives/edgar/data/1802369/000119312526390724/0001193125-26-390724-index.htm
"ADARx Pharmaceuticals, Inc.",ADRX,0001802369,0001193125-26-390724,S-1/A,Pre-pricing,2026-09-14,,,Medium,New,,,,,,,,,,,,,Entities affiliated with SR One,9768069,,,,,,,,,,False,True,Entity,,,11.1,,,,9768069,,,,https://www.sec.gov/Archives/edgar/data/1802369/000119312526390724/0001193125-26-390724-index.htm
"ADARx Pharmaceuticals, Inc.",ADRX,0001802369,0001193125-26-390724,S-1/A,Pre-pricing,2026-09-14,,,Medium,New,,,,,,,,,,,,,"Zhen Li, Ph.D.",12714780,,,,,,,,,,False,True,Individual,,,14.4,,,,12714780,,,,https://www.sec.gov/Archives/edgar/data/1802369/000119312526390724/0001193125-26-390724-index.htm
"ADARx Pharmaceuticals, Inc.",ADRX,0001802369,0001193125-26-390724,S-1/A,Pre-pricing,2026-09-14,,,Medium,New,,,,,,,,,,,,,"BCLS Fund III Investments, LP",6009615,,,,,,,,,,False,True,Fund,,,6.8,,,,6009615,,,,https://www.sec.gov/Archives/edgar/data/1802369/000119312526390724/0001193125-26-390724-index.htm
"ADARx Pharmaceuticals, Inc.",ADRX,0001802369,0001193125-26-390724,S-1/A,Pre-pricing,2026-09-14,,,Medium,New,,,,,,,,,,,,,"A. Robert MacLeod, Ph.D.",620205,,,,,,,,,,False,True,Individual,,,,,,,620205,,,,https://www.sec.gov/Archives/edgar/data/1802369/000119312526390724/0001193125-26-390724-index.htm
"ADARx Pharmaceuticals, Inc.",ADRX,0001802369,0001193125-26-390724,S-1/A,Pre-pricing,2026-09-14,,,Medium,New,,,,,,,,,,,,,"Chen Yu, M.D., M.B.A.",4206731,,,,,,,,,,False,True,Individual,,,4.8,,,,4206731,,,,https://www.sec.gov/Archives/edgar/data/1802369/000119312526390724/0001193125-26-390724-index.htm
"ADARx Pharmaceuticals, Inc.",ADRX,0001802369,0001193125-26-390724,S-1/A,Pre-pricing,2026-09-14,,,Medium,New,,,,,,,,,,,,,"Simeon George, M.D., M.B.A.",9768069,,,,,,,,,,False,True,Individual,,,11.1,,,,9768069,,,,https://www.sec.gov/Archives/edgar/data/1802369/000119312526390724/0001193125-26-390724-index.htm
"ADARx Pharmaceuticals, Inc.",ADRX,0001802369,0001193125-26-390724,S-1/A,Pre-pricing,2026-09-14,,,Medium,New,,,,,,,,,,,,,"Erez Chimovits, M.B.A.",10815390,,,,,,,,,,False,True,Individual,,,12.2,,,,10815390,,,,https://www.sec.gov/Archives/edgar/data/1802369/000119312526390724/0001193125-26-390724-index.htm
"ADARx Pharmaceuticals, Inc.",ADRX,0001802369,0001193125-26-390724,S-1/A,Pre-pricing,2026-09-14,,,Medium,New,,,,,,,,,,,,,"Carl L. Gordon, Ph.D., CFA",27248813,,,,,,,,,,False,True,Individual,,,30.8,,,,27248813,,,,https://www.sec.gov/Archives/edgar/data/1802369/000119312526390724/0001193125-26-390724-index.htm
Accelevation Holdings Corp.,ACCV,0002141406,0001628280-26-061542,S-1/A,Pre-pricing,2026-09-11,,,Medium,New,,,,,,,,,,,,,,,,,,,,,,,,False,False,,,,,,,,,,,,https://www.sec.gov/Archives/edgar/data/2141406/000162828026061542/0001628280-26-061542-index.htm
"Hometown Financial Group, Inc.",HFG,0002152644,0001193125-26-388025,S-1,Pre-pricing,2026-09-10,,,High,New,600000000,,,SEC preliminary prospectus: explicit midpoint offering-share scenario; proposed point price,High,$10.00,,,,,,,,,,,,,,,,,,False,False,,,,,,,,,,,,https://www.sec.gov/Archives/edgar/data/2152644/000119312526388025/0001193125-26-388025-index.htm
Orion180 Insurance Group Inc.,OIG,0002124472,0001628280-26-061012,S-1/A,Pre-pricing,2026-09-09,,,High,New,320000000,,,explicit initial-public-offering total,High,$15.00–$17.00,,,,,,,Kenneth Gregg,59935260,,,,,,,,,,False,True,Individual,,100.0,100.0,100.0,59935260,,59935260,,,,https://www.sec.gov/Archives/edgar/data/2124472/000162828026061012/0001628280-26-061012-index.htm
Orion180 Insurance Group Inc.,OIG,0002124472,0001628280-26-061012,S-1/A,Pre-pricing,2026-09-09,,,High,New,320000000,,,explicit initial-public-offering total,High,$15.00–$17.00,,,,,,,DARLING STRATEGIC INVESTMENTS LLC,,,,,,,,,,,False,True,Entity,,14.6,29.9,14.6,5703100,,,,,,https://www.sec.gov/Archives/edgar/data/2124472/000162828026061012/0001628280-26-061012-index.htm
Orion180 Insurance Group Inc.,OIG,0002124472,0001628280-26-061012,S-1/A,Pre-pricing,2026-09-09,,,High,New,320000000,,,explicit initial-public-offering total,High,$15.00–$17.00,,,,,,,Christoph Birchler,,,,,,,,,,,False,True,Individual,,,,,104337,,,,,,https://www.sec.gov/Archives/edgar/data/2124472/000162828026061012/0001628280-26-061012-index.htm
Orion180 Insurance Group Inc.,OIG,0002124472,0001628280-26-061012,S-1/A,Pre-pricing,2026-09-09,,,High,New,320000000,,,explicit initial-public-offering total,High,$15.00–$17.00,,,,,,,Ryan Jesenik,,,,,,,,,,,False,True,Individual,,8.4,18.7,8.4,3577248,,,,,,https://www.sec.gov/Archives/edgar/data/2124472/000162828026061012/0001628280-26-061012-index.htm
Holtec Nuclear Corp,HNUC,0002104277,0001193125-26-384287,S-1/A,Pre-pricing,2026-09-08,,,High,New,825000000,50000000,,primary offering; cover title preceding IPO statement; explicit issuer-only cover statement matches total,High,$15.00–$18.00,,,,,,,Entities affiliated with Holtec Holdings,516666667,,,,,,,,,,False,True,Entity,,,100.0,,,,516666667,,,,https://www.sec.gov/Archives/edgar/data/2104277/000119312526384287/0001193125-26-384287-index.htm
Holtec Nuclear Corp,HNUC,0002104277,0001193125-26-384287,S-1/A,Pre-pricing,2026-09-08,,,High,New,825000000,50000000,,primary offering; cover title preceding IPO statement; explicit issuer-only cover statement matches total,High,$15.00–$18.00,,,,,,,Dr. Krishna P. Singh,516666667,,,,,,,,,,False,True,Individual,,,100.0,,,,516666667,,,,https://www.sec.gov/Archives/edgar/data/2104277/000119312526384287/0001193125-26-384287-index.htm
"SB Energy, Inc.",SBE,0002133037,0001628280-26-060761,S-1/A,Pre-pricing,2026-09-04,,,Medium,New,,,,,,,,,,,,,,,,,,,,,,,,False,False,,,,,,,,,,,,https://www.sec.gov/Archives/edgar/data/2133037/000162828026060761/0001628280-26-060761-index.htm
"Rothe Development, Inc.",,0002108671,0001493152-26-041590,S-1,Pre-pricing,2026-09-04,,,Medium,New,,,,,,,,,,,,,Karen Wheeler-Hall,30000000,,,,,,,,,,False,True,Individual,,,,,30000000,,30000000,,,,https://www.sec.gov/Archives/edgar/data/2108671/000149315226041590/0001493152-26-041590-index.htm
"Rothe Development, Inc.",,0002108671,0001493152-26-041590,S-1,Pre-pricing,2026-09-04,,,Medium,New,,,,,,,,,,,,,Rowland W. Day II,,,,,,,,,,,False,True,Individual,,,,,300000,,,,,,https://www.sec.gov/Archives/edgar/data/2108671/000149315226041590/0001493152-26-041590-index.htm
"Rothe Development, Inc.",,0002108671,0001493152-26-041590,S-1,Pre-pricing,2026-09-04,,,Medium,New,,,,,,,,,,,,,Ronnie Martin,,,,,,,,,,,False,True,Individual,,,,,250000,,,,,,https://www.sec.gov/Archives/edgar/data/2108671/000149315226041590/0001493152-26-041590-index.htm
"Rothe Development, Inc.",,0002108671,0001493152-26-041590,S-1,Pre-pricing,2026-09-04,,,Medium,New,,,,,,,,,,,,,Patricia Stoll,,,,,,,,,,,False,True,Individual,,,,,200000,,,,,,https://www.sec.gov/Archives/edgar/data/2108671/000149315226041590/0001493152-26-041590-index.htm
Oura Inc.,OURA,0002133022,0001193125-26-381855,S-1,Pre-pricing,2026-09-03,,,Medium,New,,,,,,,,,,,,,,,,,,,,,,,,False,False,,,,,,,,,,,,https://www.sec.gov/Archives/edgar/data/2133022/000119312526381855/0001193125-26-381855-index.htm
"Entrata, Inc.",ENT,0002028464,0001628280-26-059692,S-1/A,Pre-pricing,2026-09-01,,,Medium,New,,,,,,,,,,,,,,,,,,,,,,,,False,False,,,,,,,,,,,,https://www.sec.gov/Archives/edgar/data/2028464/000162828026059692/0001628280-26-059692-index.htm
Wella Co,WELA,0002125056,0001628280-26-059572,S-1,Pre-pricing,2026-08-31,,,Medium,New,,,,,,,,,,,,,,,,,,,,,,,,False,False,,,,,,,,,,,,https://www.sec.gov/Archives/edgar/data/2125056/000162828026059572/0001628280-26-059572-index.htm
"Tailored Brands, Inc.",MW,0002045151,0001213900-26-095715,S-1/A,Pre-pricing,2026-08-31,,,Medium,New,,,,,,,,,,,,,,,,,,,,,,,,False,False,,,,,,,,,,,,https://www.sec.gov/Archives/edgar/data/2045151/000121390026095715/0001213900-26-095715-index.htm
Syntiant Corp.,SYTN,0001718728,0001193125-26-376166,S-1/A,Pre-pricing,2026-08-31,,,Medium,New,,,,,,,,,,,,,,,,,,,,,,,,False,False,,,,,,,,,,,,https://www.sec.gov/Archives/edgar/data/1718728/000119312526376166/0001193125-26-376166-index.htm
La Beaute Inc.,,0002151905,0002151905-26-000001,S-1,Pre-pricing,2026-08-31,,,High,New,50000000,10000000,,SEC preliminary prospectus cover: primary offering; issuer-only; verified point price,High,$5.00,,,,,,,Harmony Medical Group Limited,,,,,,,,,,,False,True,Entity,,,100.0,,200000000,,,,,,https://www.sec.gov/Archives/edgar/data/2151905/000215190526000001/0002151905-26-000001-index.htm
"CoVolt Power, Inc.",KVLT,0002131613,0001193125-26-361190,S-1,Pre-pricing,2026-08-21,,,Medium,New,,,,,,,,,,,,,,,,,,,,,,,,False,False,,,,,,,,,,,,https://www.sec.gov/Archives/edgar/data/2131613/000119312526361190/0001193125-26-361190-index.htm
Lyntris Inc.,LYNX,0002132582,0001193125-26-356916,424B4,Priced,2026-08-19,2026-08-12,2026-08-18,Medium,New,297500000.0,5714286,11285714,final 424B4 THE OFFERING primary + secondary rows,High,19-22,17.5,13.69,2026-09-18T20:00:00+00:00,"Falls Church, VA",S-1 principal executive office,2027-02-14,Trive Capital Fund IV LP,,,,,,,,,Lock-up applies — share quantity unavailable,"Filing supports holder lock-up coverage, but the share count is unavailable; locked and liquid quantities are not shown",False,True,Fund,,,25.0,,27648856,3033209,,,holder-mapped,,https://www.sec.gov/Archives/edgar/data/2132582/000119312526356916/0001193125-26-356916-index.htm
Lyntris Inc.,LYNX,0002132582,0001193125-26-356916,424B4,Priced,2026-08-19,2026-08-12,2026-08-18,Medium,New,297500000.0,5714286,11285714,final 424B4 THE OFFERING primary + secondary rows,High,19-22,17.5,13.69,2026-09-18T20:00:00+00:00,"Falls Church, VA",S-1 principal executive office,2027-02-14,Trive Capital Fund II LP,,,,,,,,,Lock-up applies — share quantity unavailable,"Filing supports holder lock-up coverage, but the share count is unavailable; locked and liquid quantities are not shown",False,True,Fund,,,23.0,,24805921,2721326,,,holder-mapped,,https://www.sec.gov/Archives/edgar/data/2132582/000119312526356916/0001193125-26-356916-index.htm
Lyntris Inc.,LYNX,0002132582,0001193125-26-356916,424B4,Priced,2026-08-19,2026-08-12,2026-08-18,Medium,New,297500000.0,5714286,11285714,final 424B4 THE OFFERING primary + secondary rows,High,19-22,17.5,13.69,2026-09-18T20:00:00+00:00,"Falls Church, VA",S-1 principal executive office,2027-02-14,Trive Capital Fund II (Offshore) LP,,,,,,,,,Lock-up applies — share quantity unavailable,"Filing supports holder lock-up coverage, but the share count is unavailable; locked and liquid quantities are not shown",False,True,Fund,,,12.0,,13441095,1474551,,,holder-mapped,,https://www.sec.gov/Archives/edgar/data/2132582/000119312526356916/0001193125-26-356916-index.htm
Lyntris Inc.,LYNX,0002132582,0001193125-26-356916,424B4,Priced,2026-08-19,2026-08-12,2026-08-18,Medium,New,297500000.0,5714286,11285714,final 424B4 THE OFFERING primary + secondary rows,High,19-22,17.5,13.69,2026-09-18T20:00:00+00:00,"Falls Church, VA",S-1 principal executive office,2027-02-14,Trive Capital Fund IV-A LP,,,,,,,,,Lock-up applies — share quantity unavailable,"Filing supports holder lock-up coverage, but the share count is unavailable; locked and liquid quantities are not shown",False,True,Fund,,,9.0,,10065632,1104247,,,holder-mapped,,https://www.sec.gov/Archives/edgar/data/2132582/000119312526356916/0001193125-26-356916-index.htm
Lyntris Inc.,LYNX,0002132582,0001193125-26-356916,424B4,Priced,2026-08-19,2026-08-12,2026-08-18,Medium,New,297500000.0,5714286,11285714,final 424B4 THE OFFERING primary + secondary rows,High,19-22,17.5,13.69,2026-09-18T20:00:00+00:00,"Falls Church, VA",S-1 principal executive office,2027-02-14,Brian Morrison,1680767.0,23009700.23,29413422.5,,,,,,Lock-up applies — covered quantity unresolved,"Holder class is supported, but the filing does not establish that the entire disclosed position is covered",False,True,Individual,,1.0,2.0,1.0,1867519,186752,1680767,,holder-mapped,2026-09-18,https://www.sec.gov/Archives/edgar/data/2132582/000119312526356916/0001193125-26-356916-index.htm
Lyntris Inc.,LYNX,0002132582,0001193125-26-356916,424B4,Priced,2026-08-19,2026-08-12,2026-08-18,Medium,New,297500000.0,5714286,11285714,final 424B4 THE OFFERING primary + secondary rows,High,19-22,17.5,13.69,2026-09-18T20:00:00+00:00,"Falls Church, VA",S-1 principal executive office,2027-02-14,Matthew Alty,2147247.0,29395811.43,37576822.5,,,,,,Lock-up applies — covered quantity unresolved,"Holder class is supported, but the filing does not establish that the entire disclosed position is covered",False,True,Individual,,2.0,2.0,2.0,2385830,238583,2147247,,holder-mapped,2026-09-18,https://www.sec.gov/Archives/edgar/data/2132582/000119312526356916/0001193125-26-356916-index.htm
Lyntris Inc.,LYNX,0002132582,0001193125-26-356916,424B4,Priced,2026-08-19,2026-08-12,2026-08-18,Medium,New,297500000.0,5714286,11285714,final 424B4 THE OFFERING primary + secondary rows,High,19-22,17.5,13.69,2026-09-18T20:00:00+00:00,"Falls Church, VA",S-1 principal executive office,2027-02-14,Tim Paulin,496525.0,6797427.25,8689187.5,,,,,,Lock-up applies — covered quantity unresolved,"Holder class is supported, but the filing does not establish that the entire disclosed position is covered",False,True,Individual,,,,,551694,55169,496525,,holder-mapped,2026-09-18,https://www.sec.gov/Archives/edgar/data/2132582/000119312526356916/0001193125-26-356916-index.htm
Lyntris Inc.,LYNX,0002132582,0001193125-26-356916,424B4,Priced,2026-08-19,2026-08-12,2026-08-18,Medium,New,297500000.0,5714286,11285714,final 424B4 THE OFFERING primary + secondary rows,High,19-22,17.5,13.69,2026-09-18T20:00:00+00:00,"Falls Church, VA",S-1 principal executive office,2027-02-14,David Stinnett,3459794.0,47364579.86,60546395.0,,,,,,Lock-up applies — covered quantity unresolved,"Holder class is supported, but the filing does not establish that the entire disclosed position is covered",False,True,Individual,,3.0,,3.0,,,3459794,,holder-mapped,2026-09-18,https://www.sec.gov/Archives/edgar/data/2132582/000119312526356916/0001193125-26-356916-index.htm
Lyntris Inc.,LYNX,0002132582,0001193125-26-356916,424B4,Priced,2026-08-19,2026-08-12,2026-08-18,Medium,New,297500000.0,5714286,11285714,final 424B4 THE OFFERING primary + secondary rows,High,19-22,17.5,13.69,2026-09-18T20:00:00+00:00,"Falls Church, VA",S-1 principal executive office,2027-02-14,Brian Raduenz,886015.0,12129545.35,15505262.5,,,,,,Lock-up applies — covered quantity unresolved,"Holder class is supported, but the filing does not establish that the entire disclosed position is covered",False,True,Individual,,1.0,1.0,1.0,984460,98445,886015,,holder-mapped,2026-09-18,https://www.sec.gov/Archives/edgar/data/2132582/000119312526356916/0001193125-26-356916-index.htm
Lyntris Inc.,LYNX,0002132582,0001193125-26-356916,424B4,Priced,2026-08-19,2026-08-12,2026-08-18,Medium,New,297500000.0,5714286,11285714,final 424B4 THE OFFERING primary + secondary rows,High,19-22,17.5,13.69,2026-09-18T20:00:00+00:00,"Falls Church, VA",S-1 principal executive office,2027-02-14,Tanner Cope,231987.0,3175902.03,4059772.5,,,,,,Lock-up applies — covered quantity unresolved,"Holder class is supported, but the filing does not establish that the entire disclosed position is covered",False,True,Individual,,,,,,,231987,,holder-mapped,2026-09-18,https://www.sec.gov/Archives/edgar/data/2132582/000119312526356916/0001193125-26-356916-index.htm
Lyntris Inc.,LYNX,0002132582,0001193125-26-356916,424B4,Priced,2026-08-19,2026-08-12,2026-08-18,Medium,New,297500000.0,5714286,11285714,final 424B4 THE OFFERING primary + secondary rows,High,19-22,17.5,13.69,2026-09-18T20:00:00+00:00,"Falls Church, VA",S-1 principal executive office,2027-02-14,Jake Lansford,65882.0,901924.58,1152935.0,,,,,,Lock-up applies — covered quantity unresolved,"Holder class is supported, but the filing does not establish that the entire disclosed position is covered",False,True,Individual,,,,,,,65882,,holder-mapped,2026-09-18,https://www.sec.gov/Archives/edgar/data/2132582/000119312526356916/0001193125-26-356916-index.htm
Lyntris Inc.,LYNX,0002132582,0001193125-26-356916,424B4,Priced,2026-08-19,2026-08-12,2026-08-18,Medium,New,297500000.0,5714286,11285714,final 424B4 THE OFFERING primary + secondary rows,High,19-22,17.5,13.69,2026-09-18T20:00:00+00:00,"Falls Church, VA",S-1 principal executive office,2027-02-14,Richard Penrose,4735779.0,64832814.51,82876132.5,,,,,,Lock-up applies — covered quantity unresolved,"Holder class is supported, but the filing does not establish that the entire disclosed position is covered",False,True,Individual,,4.0,5.0,4.0,5238879,503100,4735779,,holder-mapped,2026-09-18,https://www.sec.gov/Archives/edgar/data/2132582/000119312526356916/0001193125-26-356916-index.htm
Lyntris Inc.,LYNX,0002132582,0001193125-26-356916,424B4,Priced,2026-08-19,2026-08-12,2026-08-18,Medium,New,297500000.0,5714286,11285714,final 424B4 THE OFFERING primary + secondary rows,High,19-22,17.5,13.69,2026-09-18T20:00:00+00:00,"Falls Church, VA",S-1 principal executive office,2027-02-14,Michael D. Frederickson,2658043.0,36388608.67,46515752.5,,,,,,Lock-up applies — covered quantity unresolved,"Holder class is supported, but the filing does not establish that the entire disclosed position is covered",False,True,Individual,,2.0,3.0,2.0,2953381,295338,2658043,,holder-mapped,2026-09-18,https://www.sec.gov/Archives/edgar/data/2132582/000119312526356916/0001193125-26-356916-index.htm
Lyntris Inc.,LYNX,0002132582,0001193125-26-356916,424B4,Priced,2026-08-19,2026-08-12,2026-08-18,Medium,New,297500000.0,5714286,11285714,final 424B4 THE OFFERING primary + secondary rows,High,19-22,17.5,13.69,2026-09-18T20:00:00+00:00,"Falls Church, VA",S-1 principal executive office,2027-02-14,Carlos Persichetti,1348470.0,18460554.3,23598225.0,,,,,,Lock-up applies — covered quantity unresolved,"Holder class is supported, but the filing does not establish that the entire disclosed position is covered",False,True,Individual,,1.0,1.0,1.0,1498300,149830,1348470,,holder-mapped,2026-09-18,https://www.sec.gov/Archives/edgar/data/2132582/000119312526356916/0001193125-26-356916-index.htm
Lyntris Inc.,LYNX,0002132582,0001193125-26-356916,424B4,Priced,2026-08-19,2026-08-12,2026-08-18,Medium,New,297500000.0,5714286,11285714,final 424B4 THE OFFERING primary + secondary rows,High,19-22,17.5,13.69,2026-09-18T20:00:00+00:00,"Falls Church, VA",S-1 principal executive office,2027-02-14,Jeffrey Ager,1314152.0,17990740.88,22997660.0,,,,,,Lock-up applies — covered quantity unresolved,"Holder class is supported, but the filing does not establish that the entire disclosed position is covered",False,True,Individual,,1.0,1.0,1.0,1406753,92601,1314152,,holder-mapped,2026-09-18,https://www.sec.gov/Archives/edgar/data/2132582/000119312526356916/0001193125-26-356916-index.htm
Lyntris Inc.,LYNX,0002132582,0001193125-26-356916,424B4,Priced,2026-08-19,2026-08-12,2026-08-18,Medium,New,297500000.0,5714286,11285714,final 424B4 THE OFFERING primary + secondary rows,High,19-22,17.5,13.69,2026-09-18T20:00:00+00:00,"Falls Church, VA",S-1 principal executive office,2027-02-14,GPG Entities,1260126.0,17251124.94,22052205.0,,,,,,Lock-up applies — covered quantity unresolved,"Holder class is supported, but the filing does not establish that the entire disclosed position is covered",False,True,Entity,,1.0,1.0,1.0,1400140,140014,1260126,,holder-mapped,2026-09-18,https://www.sec.gov/Archives/edgar/data/2132582/000119312526356916/0001193125-26-356916-index.htm
Lyntris Inc.,LYNX,0002132582,0001193125-26-356916,424B4,Priced,2026-08-19,2026-08-12,2026-08-18,Medium,New,297500000.0,5714286,11285714,final 424B4 THE OFFERING primary + secondary rows,High,19-22,17.5,13.69,2026-09-18T20:00:00+00:00,"Falls Church, VA",S-1 principal executive office,2027-02-14,ESW Clifford Holdings Co.,1121540.0,15353882.6,19626950.0,,,,,,Lock-up applies — covered quantity unresolved,"Holder class is supported, but the filing does not establish that the entire disclosed position is covered",False,True,Entity,,1.0,1.0,1.0,1246156,124616,1121540,,holder-mapped,2026-09-18,https://www.sec.gov/Archives/edgar/data/2132582/000119312526356916/0001193125-26-356916-index.htm
Lyntris Inc.,LYNX,0002132582,0001193125-26-356916,424B4,Priced,2026-08-19,2026-08-12,2026-08-18,Medium,New,297500000.0,5714286,11285714,final 424B4 THE OFFERING primary + secondary rows,High,19-22,17.5,13.69,2026-09-18T20:00:00+00:00,"Falls Church, VA",S-1 principal executive office,2027-02-14,High Definition Goldfish Inc.,637930.0,8733261.7,11163775.0,,,,,,Lock-up applies — covered quantity unresolved,"Holder class is supported, but the filing does not establish that the entire disclosed position is covered",False,True,Entity,,1.0,1.0,1.0,708811,70881,637930,,holder-mapped,2026-09-18,https://www.sec.gov/Archives/edgar/data/2132582/000119312526356916/0001193125-26-356916-index.htm
Lyntris Inc.,LYNX,0002132582,0001193125-26-356916,424B4,Priced,2026-08-19,2026-08-12,2026-08-18,Medium,New,297500000.0,5714286,11285714,final 424B4 THE OFFERING primary + secondary rows,High,19-22,17.5,13.69,2026-09-18T20:00:00+00:00,"Falls Church, VA",S-1 principal executive office,2027-02-14,Bruce Barshop,620680.0,8497109.2,10861900.0,,,,,,Lock-up applies — covered quantity unresolved,"Holder class is supported, but the filing does not establish that the entire disclosed position is covered",False,True,Individual,,1.0,1.0,1.0,689645,68965,620680,,holder-mapped,2026-09-18,https://www.sec.gov/Archives/edgar/data/2132582/000119312526356916/0001193125-26-356916-index.htm
Lyntris Inc.,LYNX,0002132582,0001193125-26-356916,424B4,Priced,2026-08-19,2026-08-12,2026-08-18,Medium,New,297500000.0,5714286,11285714,final 424B4 THE OFFERING primary + secondary rows,High,19-22,17.5,13.69,2026-09-18T20:00:00+00:00,"Falls Church, VA",S-1 principal executive office,2027-02-14,Richard Moore,605322.0,8286858.18,10593135.0,,,,,,Lock-up applies — covered quantity unresolved,"Holder class is supported, but the filing does not establish that the entire disclosed position is covered",False,True,Individual,,1.0,1.0,1.0,672580,67258,605322,,holder-mapped,2026-09-18,https://www.sec.gov/Archives/edgar/data/2132582/000119312526356916/0001193125-26-356916-index.htm
Lyntris Inc.,LYNX,0002132582,0001193125-26-356916,424B4,Priced,2026-08-19,2026-08-12,2026-08-18,Medium,New,297500000.0,5714286,11285714,final 424B4 THE OFFERING primary + secondary rows,High,19-22,17.5,13.69,2026-09-18T20:00:00+00:00,"Falls Church, VA",S-1 principal executive office,2027-02-14,Bain Capital Entities,531608.0,7277713.52,9303140.0,,,,,,Lock-up applies — covered quantity unresolved,"Holder class is supported, but the filing does not establish that the entire disclosed position is covered",False,True,Entity,,,1.0,,590676,59068,531608,,holder-mapped,2026-09-18,https://www.sec.gov/Archives/edgar/data/2132582/000119312526356916/0001193125-26-356916-index.htm
Lyntris Inc.,LYNX,0002132582,0001193125-26-356916,424B4,Priced,2026-08-19,2026-08-12,2026-08-18,Medium,New,297500000.0,5714286,11285714,final 424B4 THE OFFERING primary + secondary rows,High,19-22,17.5,13.69,2026-09-18T20:00:00+00:00,"Falls Church, VA",S-1 principal executive office,2027-02-14,Bryce Richard Persichetti,477000.0,6530130.0,8347500.0,,,,,,Lock-up applies — covered quantity unresolved,"Holder class is supported, but the filing does not establish that the entire disclosed position is covered",False,True,Individual,,,,,530000,53000,477000,,holder-mapped,2026-09-18,https://www.sec.gov/Archives/edgar/data/2132582/000119312526356916/0001193125-26-356916-index.htm
Lyntris Inc.,LYNX,0002132582,0001193125-26-356916,424B4,Priced,2026-08-19,2026-08-12,2026-08-18,Medium,New,297500000.0,5714286,11285714,final 424B4 THE OFFERING primary + secondary rows,High,19-22,17.5,13.69,2026-09-18T20:00:00+00:00,"Falls Church, VA",S-1 principal executive office,2027-02-14,Cara Jean Beauvais,477000.0,6530130.0,8347500.0,,,,,,Lock-up applies — covered quantity unresolved,"Holder class is supported, but the filing does not establish that the entire disclosed position is covered",False,True,Individual,,,,,530000,53000,477000,,holder-mapped,2026-09-18,https://www.sec.gov/Archives/edgar/data/2132582/000119312526356916/0001193125-26-356916-index.htm
Lyntris Inc.,LYNX,0002132582,0001193125-26-356916,424B4,Priced,2026-08-19,2026-08-12,2026-08-18,Medium,New,297500000.0,5714286,11285714,final 424B4 THE OFFERING primary + secondary rows,High,19-22,17.5,13.69,2026-09-18T20:00:00+00:00,"Falls Church, VA",S-1 principal executive office,2027-02-14,Arne Vogt,422844.0,5788734.36,7399770.0,,,,,,Lock-up applies — covered quantity unresolved,"Holder class is supported, but the filing does not establish that the entire disclosed position is covered",False,True,Individual,,,,,469827,46983,422844,,holder-mapped,2026-09-18,https://www.sec.gov/Archives/edgar/data/2132582/000119312526356916/0001193125-26-356916-index.htm
Lyntris Inc.,LYNX,0002132582,0001193125-26-356916,424B4,Priced,2026-08-19,2026-08-12,2026-08-18,Medium,New,297500000.0,5714286,11285714,final 424B4 THE OFFERING primary + secondary rows,High,19-22,17.5,13.69,2026-09-18T20:00:00+00:00,"Falls Church, VA",S-1 principal executive office,2027-02-14,James Mitchell,422844.0,5788734.36,7399770.0,,,,,,Lock-up applies — covered quantity unresolved,"Holder class is supported, but the filing does not establish that the entire disclosed position is covered",False,True,Individual,,,,,469827,46983,422844,,holder-mapped,2026-09-18,https://www.sec.gov/Archives/edgar/data/2132582/000119312526356916/0001193125-26-356916-index.htm
Lyntris Inc.,LYNX,0002132582,0001193125-26-356916,424B4,Priced,2026-08-19,2026-08-12,2026-08-18,Medium,New,297500000.0,5714286,11285714,final 424B4 THE OFFERING primary + secondary rows,High,19-22,17.5,13.69,2026-09-18T20:00:00+00:00,"Falls Church, VA",S-1 principal executive office,2027-02-14,Thomas Murphy,378830.0,5186182.7,6629525.0,,,,,,Lock-up applies — covered quantity unresolved,"Holder class is supported, but the filing does not establish that the entire disclosed position is covered",False,True,Individual,,,,,420922,42092,378830,,holder-mapped,2026-09-18,https://www.sec.gov/Archives/edgar/data/2132582/000119312526356916/0001193125-26-356916-index.htm
Lyntris Inc.,LYNX,0002132582,0001193125-26-356916,424B4,Priced,2026-08-19,2026-08-12,2026-08-18,Medium,New,297500000.0,5714286,11285714,final 424B4 THE OFFERING primary + secondary rows,High,19-22,17.5,13.69,2026-09-18T20:00:00+00:00,"Falls Church, VA",S-1 principal executive office,2027-02-14,Mike Betzer,369487.0,5058277.03,6466022.5,,,,,,Lock-up applies — covered quantity unresolved,"Holder class is supported, but the filing does not establish that the entire disclosed position is covered",False,True,Individual,,,,,410541,41054,369487,,holder-mapped,2026-09-18,https://www.sec.gov/Archives/edgar/data/2132582/000119312526356916/0001193125-26-356916-index.htm
Lyntris Inc.,LYNX,0002132582,0001193125-26-356916,424B4,Priced,2026-08-19,2026-08-12,2026-08-18,Medium,New,297500000.0,5714286,11285714,final 424B4 THE OFFERING primary + secondary rows,High,19-22,17.5,13.69,2026-09-18T20:00:00+00:00,"Falls Church, VA",S-1 principal executive office,2027-02-14,Daniel Gelyana,365104.0,4998273.76,6389320.0,,,,,,Lock-up applies — covered quantity unresolved,"Holder class is supported, but the filing does not establish that the entire disclosed position is covered",False,True,Individual,,,,,405671,40567,365104,,holder-mapped,2026-09-18,https://www.sec.gov/Archives/edgar/data/2132582/000119312526356916/0001193125-26-356916-index.htm
Lyntris Inc.,LYNX,0002132582,0001193125-26-356916,424B4,Priced,2026-08-19,2026-08-12,2026-08-18,Medium,New,297500000.0,5714286,11285714,final 424B4 THE OFFERING primary + secondary rows,High,19-22,17.5,13.69,2026-09-18T20:00:00+00:00,"Falls Church, VA",S-1 principal executive office,2027-02-14,MFI Foundation,358392.0,4906386.48,6271860.0,,,,,,Lock-up applies — covered quantity unresolved,"Holder class is supported, but the filing does not establish that the entire disclosed position is covered",False,True,Entity,,,,,398213,39821,358392,,holder-mapped,2026-09-18,https://www.sec.gov/Archives/edgar/data/2132582/000119312526356916/0001193125-26-356916-index.htm
Lyntris Inc.,LYNX,0002132582,0001193125-26-356916,424B4,Priced,2026-08-19,2026-08-12,2026-08-18,Medium,New,297500000.0,5714286,11285714,final 424B4 THE OFFERING primary + secondary rows,High,19-22,17.5,13.69,2026-09-18T20:00:00+00:00,"Falls Church, VA",S-1 principal executive office,2027-02-14,Dale McIntosh,342972.0,4695286.68,6002010.0,,,,,,Lock-up applies — covered quantity unresolved,"Holder class is supported, but the filing does not establish that the entire disclosed position is covered",False,True,Individual,,,,,381081,38109,342972,,holder-mapped,2026-09-18,https://www.sec.gov/Archives/edgar/data/2132582/000119312526356916/0001193125-26-356916-index.htm
Lyntris Inc.,LYNX,0002132582,0001193125-26-356916,424B4,Priced,2026-08-19,2026-08-12,2026-08-18,Medium,New,297500000.0,5714286,11285714,final 424B4 THE OFFERING primary + secondary rows,High,19-22,17.5,13.69,2026-09-18T20:00:00+00:00,"Falls Church, VA",S-1 principal executive office,2027-02-14,Ronald J. Lustig,358162.0,4903237.78,6267835.0,,,,,,Lock-up applies — covered quantity unresolved,"Holder class is supported, but the filing does not establish that the entire disclosed position is covered",False,True,Individual,,,,,378583,20421,358162,,holder-mapped,2026-09-18,https://www.sec.gov/Archives/edgar/data/2132582/000119312526356916/0001193125-26-356916-index.htm
Lyntris Inc.,LYNX,0002132582,0001193125-26-356916,424B4,Priced,2026-08-19,2026-08-12,2026-08-18,Medium,New,297500000.0,5714286,11285714,final 424B4 THE OFFERING primary + secondary rows,High,19-22,17.5,13.69,2026-09-18T20:00:00+00:00,"Falls Church, VA",S-1 principal executive office,2027-02-14,Matt Parisi,295764.0,4049009.16,5175870.0,,,,,,Lock-up applies — covered quantity unresolved,"Holder class is supported, but the filing does not establish that the entire disclosed position is covered",False,True,Individual,,,,,328627,32863,295764,,holder-mapped,2026-09-18,https://www.sec.gov/Archives/edgar/data/2132582/000119312526356916/0001193125-26-356916-index.htm
Lyntris Inc.,LYNX,0002132582,0001193125-26-356916,424B4,Priced,2026-08-19,2026-08-12,2026-08-18,Medium,New,297500000.0,5714286,11285714,final 424B4 THE OFFERING primary + secondary rows,High,19-22,17.5,13.69,2026-09-18T20:00:00+00:00,"Falls Church, VA",S-1 principal executive office,2027-02-14,Barbara Lucile Williams,282041.0,3861141.29,4935717.5,,,,,,Lock-up applies — covered quantity unresolved,"Holder class is supported, but the filing does not establish that the entire disclosed position is covered",False,True,Individual,,,,,313379,31338,282041,,holder-mapped,2026-09-18,https://www.sec.gov/Archives/edgar/data/2132582/000119312526356916/0001193125-26-356916-index.htm
Lyntris Inc.,LYNX,0002132582,0001193125-26-356916,424B4,Priced,2026-08-19,2026-08-12,2026-08-18,Medium,New,297500000.0,5714286,11285714,final 424B4 THE OFFERING primary + secondary rows,High,19-22,17.5,13.69,2026-09-18T20:00:00+00:00,"Falls Church, VA",S-1 principal executive office,2027-02-14,Dylan Schmorrow,267732.0,3665251.08,4685310.0,,,,,,Lock-up applies — covered quantity unresolved,"Holder class is supported, but the filing does not establish that the entire disclosed position is covered",False,True,Individual,,,,,297480,29748,267732,,holder-mapped,2026-09-18,https://www.sec.gov/Archives/edgar/data/2132582/000119312526356916/0001193125-26-356916-index.htm
Lyntris Inc.,LYNX,0002132582,0001193125-26-356916,424B4,Priced,2026-08-19,2026-08-12,2026-08-18,Medium,New,297500000.0,5714286,11285714,final 424B4 THE OFFERING primary + secondary rows,High,19-22,17.5,13.69,2026-09-18T20:00:00+00:00,"Falls Church, VA",S-1 principal executive office,2027-02-14,Thomas Peter Hodge,260615.0,3567819.35,4560762.5,,,,,,Lock-up applies — covered quantity unresolved,"Holder class is supported, but the filing does not establish that the entire disclosed position is covered",False,True,Individual,,,,,289572,28957,260615,,holder-mapped,2026-09-18,https://www.sec.gov/Archives/edgar/data/2132582/000119312526356916/0001193125-26-356916-index.htm
Lyntris Inc.,LYNX,0002132582,0001193125-26-356916,424B4,Priced,2026-08-19,2026-08-12,2026-08-18,Medium,New,297500000.0,5714286,11285714,final 424B4 THE OFFERING primary + secondary rows,High,19-22,17.5,13.69,2026-09-18T20:00:00+00:00,"Falls Church, VA",S-1 principal executive office,2027-02-14,Rebecca Jane Clewett,260615.0,3567819.35,4560762.5,,,,,,Lock-up applies — covered quantity unresolved,"Holder class is supported, but the filing does not establish that the entire disclosed position is covered",False,True,Individual,,,,,289572,28957,260615,,holder-mapped,2026-09-18,https://www.sec.gov/Archives/edgar/data/2132582/000119312526356916/0001193125-26-356916-index.htm
Lyntris Inc.,LYNX,0002132582,0001193125-26-356916,424B4,Priced,2026-08-19,2026-08-12,2026-08-18,Medium,New,297500000.0,5714286,11285714,final 424B4 THE OFFERING primary + secondary rows,High,19-22,17.5,13.69,2026-09-18T20:00:00+00:00,"Falls Church, VA",S-1 principal executive office,2027-02-14,Susan Elizabeth Johnson,260615.0,3567819.35,4560762.5,,,,,,Lock-up applies — covered quantity unresolved,"Holder class is supported, but the filing does not establish that the entire disclosed position is covered",False,True,Individual,,,,,289572,28957,260615,,holder-mapped,2026-09-18,https://www.sec.gov/Archives/edgar/data/2132582/000119312526356916/0001193125-26-356916-index.htm
Lyntris Inc.,LYNX,0002132582,0001193125-26-356916,424B4,Priced,2026-08-19,2026-08-12,2026-08-18,Medium,New,297500000.0,5714286,11285714,final 424B4 THE OFFERING primary + secondary rows,High,19-22,17.5,13.69,2026-09-18T20:00:00+00:00,"Falls Church, VA",S-1 principal executive office,2027-02-14,Richard Dart,253706.0,3473235.14,4439855.0,,,,,,Lock-up applies — covered quantity unresolved,"Holder class is supported, but the filing does not establish that the entire disclosed position is covered",False,True,Individual,,,,,281896,28190,253706,,holder-mapped,2026-09-18,https://www.sec.gov/Archives/edgar/data/2132582/000119312526356916/0001193125-26-356916-index.htm
Lyntris Inc.,LYNX,0002132582,0001193125-26-356916,424B4,Priced,2026-08-19,2026-08-12,2026-08-18,Medium,New,297500000.0,5714286,11285714,final 424B4 THE OFFERING primary + secondary rows,High,19-22,17.5,13.69,2026-09-18T20:00:00+00:00,"Falls Church, VA",S-1 principal executive office,2027-02-14,Andrew Nugent,174862.0,2393860.78,3060085.0,,,,,,Lock-up applies — covered quantity unresolved,"Holder class is supported, but the filing does not establish that the entire disclosed position is covered",False,True,Individual,,,,,194291,19429,174862,,holder-mapped,2026-09-18,https://www.sec.gov/Archives/edgar/data/2132582/000119312526356916/0001193125-26-356916-index.htm
Lyntris Inc.,LYNX,0002132582,0001193125-26-356916,424B4,Priced,2026-08-19,2026-08-12,2026-08-18,Medium,New,297500000.0,5714286,11285714,final 424B4 THE OFFERING primary + secondary rows,High,19-22,17.5,13.69,2026-09-18T20:00:00+00:00,"Falls Church, VA",S-1 principal executive office,2027-02-14,Mike Van Lent,141763.0,1940735.47,2480852.5,,,,,,Lock-up applies — covered quantity unresolved,"Holder class is supported, but the filing does not establish that the entire disclosed position is covered",False,True,Individual,,,,,157514,15751,141763,,holder-mapped,2026-09-18,https://www.sec.gov/Archives/edgar/data/2132582/000119312526356916/0001193125-26-356916-index.htm
Lyntris Inc.,LYNX,0002132582,0001193125-26-356916,424B4,Priced,2026-08-19,2026-08-12,2026-08-18,Medium,New,297500000.0,5714286,11285714,final 424B4 THE OFFERING primary + secondary rows,High,19-22,17.5,13.69,2026-09-18T20:00:00+00:00,"Falls Church, VA",S-1 principal executive office,2027-02-14,Kenn Bevins,125520.0,1718368.8,2196600.0,,,,,,Lock-up applies — covered quantity unresolved,"Holder class is supported, but the filing does not establish that the entire disclosed position is covered",False,True,Individual,,,,,139467,13947,125520,,holder-mapped,2026-09-18,https://www.sec.gov/Archives/edgar/data/2132582/000119312526356916/0001193125-26-356916-index.htm
Lyntris Inc.,LYNX,0002132582,0001193125-26-356916,424B4,Priced,2026-08-19,2026-08-12,2026-08-18,Medium,New,297500000.0,5714286,11285714,final 424B4 THE OFFERING primary + secondary rows,High,19-22,17.5,13.69,2026-09-18T20:00:00+00:00,"Falls Church, VA",S-1 principal executive office,2027-02-14,Danielle Tyler,69989.0,958149.41,1224807.5,,,,,,Lock-up applies — covered quantity unresolved,"Holder class is supported, but the filing does not establish that the entire disclosed position is covered",False,True,Individual,,,,,77766,7777,69989,,holder-mapped,2026-09-18,https://www.sec.gov/Archives/edgar/data/2132582/000119312526356916/0001193125-26-356916-index.htm
Lyntris Inc.,LYNX,0002132582,0001193125-26-356916,424B4,Priced,2026-08-19,2026-08-12,2026-08-18,Medium,New,297500000.0,5714286,11285714,final 424B4 THE OFFERING primary + secondary rows,High,19-22,17.5,13.69,2026-09-18T20:00:00+00:00,"Falls Church, VA",S-1 principal executive office,2027-02-14,Adham Shaaban,43631.0,597308.39,763542.5,,,,,,Lock-up applies — covered quantity unresolved,"Holder class is supported, but the filing does not establish that the entire disclosed position is covered",False,True,Individual,,,,,48479,4848,43631,,holder-mapped,2026-09-18,https://www.sec.gov/Archives/edgar/data/2132582/000119312526356916/0001193125-26-356916-index.htm
"Varsal Tech, Inc.",VAT,0002109801,0001493152-26-038800,S-1/A,Pre-pricing,2026-08-17,,,High,New,,,,,,$5.00–$6.00,,,,,,,Pingxin Wang,86491,,,,,,,,,,False,True,Individual,,,,,,,,,,,https://www.sec.gov/Archives/edgar/data/2109801/000149315226038800/0001493152-26-038800-index.htm
"Varsal Tech, Inc.",VAT,0002109801,0001493152-26-038800,S-1/A,Pre-pricing,2026-08-17,,,High,New,,,,,,$5.00–$6.00,,,,,,,Dongwei Wang,9211183,,,,,,,,,,False,True,Individual,,,,,,,,,,,https://www.sec.gov/Archives/edgar/data/2109801/000149315226038800/0001493152-26-038800-index.htm
"Varsal Tech, Inc.",VAT,0002109801,0001493152-26-038800,S-1/A,Pre-pricing,2026-08-17,,,High,New,,,,,,$5.00–$6.00,,,,,,,Ken Federman,0,,,,,,,,,,False,True,Individual,,,,,,,,,,,https://www.sec.gov/Archives/edgar/data/2109801/000149315226038800/0001493152-26-038800-index.htm
"Varsal Tech, Inc.",VAT,0002109801,0001493152-26-038800,S-1/A,Pre-pricing,2026-08-17,,,High,New,,,,,,$5.00–$6.00,,,,,,,Jerry Lewin,0,,,,,,,,,,False,True,Individual,,,,,,,,,,,https://www.sec.gov/Archives/edgar/data/2109801/000149315226038800/0001493152-26-038800-index.htm
"Varsal Tech, Inc.",VAT,0002109801,0001493152-26-038800,S-1/A,Pre-pricing,2026-08-17,,,High,New,,,,,,$5.00–$6.00,,,,,,,George Lovas,0,,,,,,,,,,False,True,Individual,,,,,,,,,,,https://www.sec.gov/Archives/edgar/data/2109801/000149315226038800/0001493152-26-038800-index.htm
"Varsal Tech, Inc.",VAT,0002109801,0001493152-26-038800,S-1/A,Pre-pricing,2026-08-17,,,High,New,,,,,,$5.00–$6.00,,,,,,,Huiqin Zhang,8649000,,,,,,,,,,False,True,Individual,,,,,,,,,,,https://www.sec.gov/Archives/edgar/data/2109801/000149315226038800/0001493152-26-038800-index.htm
"Varsal Tech, Inc.",VAT,0002109801,0001493152-26-038800,S-1/A,Pre-pricing,2026-08-17,,,High,New,,,,,,$5.00–$6.00,,,,,,,James Wang,1243291,,,,,,,,,,False,True,Individual,,,,,,,,,,,https://www.sec.gov/Archives/edgar/data/2109801/000149315226038800/0001493152-26-038800-index.htm
"Vogenx, Inc.",VOGX,0001903784,0001185185-26-003448,424B4,Priced,2026-08-12,2026-08-10,2026-08-11,Medium,New,81250000.0,6250000,,final 424B4 explicit issuer-only THE OFFERING row; authoritative final 424B4 aggregate IPO price table; explicit issuer offering statement in final 424B4,High,11-13,13.0,32.5,2026-09-18T20:00:00+00:00,"RALEIGH, NC",SEC submissions metadata,2027-02-07,Richard Cheatham,757222.0,24609715.0,9843886.0,0,0.0,757222.0,24609715.0,,Locked,High — prospectus expressly maps the full covered position; disclosed exceptions or underwriter waivers may apply,False,True,Individual,,5.4,10.5,5.4,,,757222,,holder-mapped,2026-09-18,https://www.sec.gov/Archives/edgar/data/1903784/000118518526003448/0001185185-26-003448-index.htm
"Vogenx, Inc.",VOGX,0001903784,0001185185-26-003448,424B4,Priced,2026-08-12,2026-08-10,2026-08-11,Medium,New,81250000.0,6250000,,final 424B4 explicit issuer-only THE OFFERING row; authoritative final 424B4 aggregate IPO price table; explicit issuer offering statement in final 424B4,High,11-13,13.0,32.5,2026-09-18T20:00:00+00:00,"RALEIGH, NC",SEC submissions metadata,2027-02-07,"Lypul, Ltd.",657895.0,21381587.5,8552635.0,0,0.0,657895.0,21381587.5,,Locked,High — prospectus expressly maps the full covered position; disclosed exceptions or underwriter waivers may apply,False,True,Entity,,4.3,9.0,4.3,,,657895,,holder-mapped,2026-09-18,https://www.sec.gov/Archives/edgar/data/1903784/000118518526003448/0001185185-26-003448-index.htm
"Vogenx, Inc.",VOGX,0001903784,0001185185-26-003448,424B4,Priced,2026-08-12,2026-08-10,2026-08-11,Medium,New,81250000.0,6250000,,final 424B4 explicit issuer-only THE OFFERING row; authoritative final 424B4 aggregate IPO price table; explicit issuer offering statement in final 424B4,High,11-13,13.0,32.5,2026-09-18T20:00:00+00:00,"RALEIGH, NC",SEC submissions metadata,2027-02-07,Maxim Partners LLC,451873.0,14685872.5,5874349.0,0,0.0,451873.0,14685872.5,,Locked,High — prospectus expressly maps the full covered position; disclosed exceptions or underwriter waivers may apply,False,True,Fund,,3.2,6.2,3.2,,,451873,,holder-mapped,2026-09-18,https://www.sec.gov/Archives/edgar/data/1903784/000118518526003448/0001185185-26-003448-index.htm
"Vogenx, Inc.",VOGX,0001903784,0001185185-26-003448,424B4,Priced,2026-08-12,2026-08-10,2026-08-11,Medium,New,81250000.0,6250000,,final 424B4 explicit issuer-only THE OFFERING row; authoritative final 424B4 aggregate IPO price table; explicit issuer offering statement in final 424B4,High,11-13,13.0,32.5,2026-09-18T20:00:00+00:00,"RALEIGH, NC",SEC submissions metadata,2027-02-07,James Green,1925555.0,62580537.5,25032215.0,0,0.0,1925555.0,62580537.5,,Locked,High — prospectus expressly maps the full covered position; disclosed exceptions or underwriter waivers may apply,False,True,Individual,,13.7,26.5,13.7,,,1925555,,holder-mapped,2026-09-18,https://www.sec.gov/Archives/edgar/data/1903784/000118518526003448/0001185185-26-003448-index.htm
"Vogenx, Inc.",VOGX,0001903784,0001185185-26-003448,424B4,Priced,2026-08-12,2026-08-10,2026-08-11,Medium,New,81250000.0,6250000,,final 424B4 explicit issuer-only THE OFFERING row; authoritative final 424B4 aggregate IPO price table; explicit issuer offering statement in final 424B4,High,11-13,13.0,32.5,2026-09-18T20:00:00+00:00,"RALEIGH, NC",SEC submissions metadata,2027-02-07,William Wilkison,1925555.0,62580537.5,25032215.0,0,0.0,1925555.0,62580537.5,,Locked,High — prospectus expressly maps the full covered position; disclosed exceptions or underwriter waivers may apply,False,True,Individual,,13.7,26.5,13.7,,,1925555,,holder-mapped,2026-09-18,https://www.sec.gov/Archives/edgar/data/1903784/000118518526003448/0001185185-26-003448-index.htm
"Vogenx, Inc.",VOGX,0001903784,0001185185-26-003448,424B4,Priced,2026-08-12,2026-08-10,2026-08-11,Medium,New,81250000.0,6250000,,final 424B4 explicit issuer-only THE OFFERING row; authoritative final 424B4 aggregate IPO price table; explicit issuer offering statement in final 424B4,High,11-13,13.0,32.5,2026-09-18T20:00:00+00:00,"RALEIGH, NC",SEC submissions metadata,2027-02-07,Steven Delmar,791667.0,25729177.5,10291671.0,0,0.0,791667.0,25729177.5,,Locked,High — prospectus expressly maps the full covered position; disclosed exceptions or underwriter waivers may apply,True,True,Individual,,5.7,10.9,5.7,,,791667,Confidence 5/5 — SEC 424B4 management biography confirms a faculty or teaching role at Stanford University. Source: https://www.sec.gov/Archives/edgar/data/1903784/000118518526003448/vogenx424b4081126.htm,holder-mapped,2026-09-18,https://www.sec.gov/Archives/edgar/data/1903784/000118518526003448/0001185185-26-003448-index.htm
"Vogenx, Inc.",VOGX,0001903784,0001185185-26-003448,424B4,Priced,2026-08-12,2026-08-10,2026-08-11,Medium,New,81250000.0,6250000,,final 424B4 explicit issuer-only THE OFFERING row; authoritative final 424B4 aggregate IPO price table; explicit issuer offering statement in final 424B4,High,11-13,13.0,32.5,2026-09-18T20:00:00+00:00,"RALEIGH, NC",SEC submissions metadata,2027-02-07,Peter Pieraccini,23332.0,758290.0,303316.0,0,0.0,23332.0,758290.0,,Locked,High — prospectus expressly maps the full covered position; disclosed exceptions or underwriter waivers may apply,False,True,Individual,,,,,,,23332,,holder-mapped,2026-09-18,https://www.sec.gov/Archives/edgar/data/1903784/000118518526003448/0001185185-26-003448-index.htm
"Vogenx, Inc.",VOGX,0001903784,0001185185-26-003448,424B4,Priced,2026-08-12,2026-08-10,2026-08-11,Medium,New,81250000.0,6250000,,final 424B4 explicit issuer-only THE OFFERING row; authoritative final 424B4 aggregate IPO price table; explicit issuer offering statement in final 424B4,High,11-13,13.0,32.5,2026-09-18T20:00:00+00:00,"RALEIGH, NC",SEC submissions metadata,2027-02-07,Timothy Boris,23332.0,758290.0,303316.0,0,0.0,23332.0,758290.0,,Locked,High — prospectus expressly maps the full covered position; disclosed exceptions or underwriter waivers may apply,False,True,Individual,,,,,,,23332,,holder-mapped,2026-09-18,https://www.sec.gov/Archives/edgar/data/1903784/000118518526003448/0001185185-26-003448-index.htm
"Vogenx, Inc.",VOGX,0001903784,0001185185-26-003448,424B4,Priced,2026-08-12,2026-08-10,2026-08-11,Medium,New,81250000.0,6250000,,final 424B4 explicit issuer-only THE OFFERING row; authoritative final 424B4 aggregate IPO price table; explicit issuer offering statement in final 424B4,High,11-13,13.0,32.5,2026-09-18T20:00:00+00:00,"RALEIGH, NC",SEC submissions metadata,2027-02-07,Richard Gorman,23332.0,758290.0,303316.0,0,0.0,23332.0,758290.0,,Locked,High — prospectus expressly maps the full covered position; disclosed exceptions or underwriter waivers may apply,False,True,Individual,,,,,,,23332,,holder-mapped,2026-09-18,https://www.sec.gov/Archives/edgar/data/1903784/000118518526003448/0001185185-26-003448-index.htm
Fast Finance Pay Corp.,FFPP,0002109616,0001493152-26-037415,S-1,Pre-pricing,2026-08-12,,,Medium,New,,,,,,,,,,,,,Fast Finance 24 Holding AG,8076102,,,,,,,,,,False,True,Entity,,23.5,26.4,23.5,8076102,,8076102,,,,https://www.sec.gov/Archives/edgar/data/2109616/000149315226037415/0001493152-26-037415-index.htm
Fast Finance Pay Corp.,FFPP,0002109616,0001493152-26-037415,S-1,Pre-pricing,2026-08-12,,,Medium,New,,,,,,,,,,,,,"Gaetano, LLC",18864072,,,,,,,,,,False,True,Entity,,54.8,61.8,54.8,18864072,,18864072,,,,https://www.sec.gov/Archives/edgar/data/2109616/000149315226037415/0001493152-26-037415-index.htm
"Encore Medical, Inc.",EMI,0001838003,0001104659-26-093252,S-1/A,Pre-pricing,2026-08-10,,,Medium,New,,,,,,,,,,,,,Joseph A. Marino,1893395,,,,,,,,,,False,True,Individual,,15.5,24.4,15.5,1893395,,1893395,,,,https://www.sec.gov/Archives/edgar/data/1838003/000110465926093252/0001104659-26-093252-index.htm
"Encore Medical, Inc.",EMI,0001838003,0001104659-26-093252,S-1/A,Pre-pricing,2026-08-10,,,Medium,New,,,,,,,,,,,,,Peter M. Buonomo,200000,,,,,,,,,,False,True,Individual,,1.6,2.6,1.6,200000,,200000,,,,https://www.sec.gov/Archives/edgar/data/1838003/000110465926093252/0001104659-26-093252-index.htm
"Encore Medical, Inc.",EMI,0001838003,0001104659-26-093252,S-1/A,Pre-pricing,2026-08-10,,,Medium,New,,,,,,,,,,,,,Scott S. Robinson,100000,,,,,,,,,,False,True,Individual,,0.8,1.3,0.8,100000,,100000,,,,https://www.sec.gov/Archives/edgar/data/1838003/000110465926093252/0001104659-26-093252-index.htm
"Encore Medical, Inc.",EMI,0001838003,0001104659-26-093252,S-1/A,Pre-pricing,2026-08-10,,,Medium,New,,,,,,,,,,,,,Christopher J. Turnbull,305505,,,,,,,,,,False,True,Individual,,2.5,3.9,2.5,305505,,305505,,,,https://www.sec.gov/Archives/edgar/data/1838003/000110465926093252/0001104659-26-093252-index.htm
"Encore Medical, Inc.",EMI,0001838003,0001104659-26-093252,S-1/A,Pre-pricing,2026-08-10,,,Medium,New,,,,,,,,,,,,,Todd C. Johnson,750311,,,,,,,,,,False,True,Individual,,6.2,9.7,6.2,750311,,750311,,,,https://www.sec.gov/Archives/edgar/data/1838003/000110465926093252/0001104659-26-093252-index.htm
"Latigo Biotherapeutics, Inc.",LTGO,0002056611,0001193125-26-340329,424B4,Priced,2026-08-07,2026-08-04,2026-08-06,High,New,345600000.0,19200000,,final 424B4 explicit issuer-only THE OFFERING row,High,16-18,18.0,22.55,2026-09-18T20:00:00+00:00,"THOUSAND OAKS, CA",SEC submissions metadata,2027-02-02,Entities affiliated with Westlake BioPartners,13199669.0,297652535.95,237594042.0,0,0.0,13199669.0,297652535.95,,Locked,High — prospectus expressly maps the full covered position; disclosed exceptions or underwriter waivers may apply,False,True,Entity,,20.9,29.9,20.9,13199669,,13199669,,holder-mapped,2026-09-18,https://www.sec.gov/Archives/edgar/data/2056611/000119312526340329/0001193125-26-340329-index.htm
"Latigo Biotherapeutics, Inc.",LTGO,0002056611,0001193125-26-340329,424B4,Priced,2026-08-07,2026-08-04,2026-08-06,High,New,345600000.0,19200000,,final 424B4 explicit issuer-only THE OFFERING row,High,16-18,18.0,22.55,2026-09-18T20:00:00+00:00,"THOUSAND OAKS, CA",SEC submissions metadata,2027-02-02,Entities affiliated with Foresite Capital,9041328.0,203881946.4,162743904.0,0,0.0,9041328.0,203881946.4,,Locked,High — prospectus expressly maps the full covered position; disclosed exceptions or underwriter waivers may apply,False,True,Entity,,14.3,20.5,14.3,9041328,,9041328,,holder-mapped,2026-09-18,https://www.sec.gov/Archives/edgar/data/2056611/000119312526340329/0001193125-26-340329-index.htm
"Latigo Biotherapeutics, Inc.",LTGO,0002056611,0001193125-26-340329,424B4,Priced,2026-08-07,2026-08-04,2026-08-06,High,New,345600000.0,19200000,,final 424B4 explicit issuer-only THE OFFERING row,High,16-18,18.0,22.55,2026-09-18T20:00:00+00:00,"THOUSAND OAKS, CA",SEC submissions metadata,2027-02-02,Entities affiliated with 5AM Ventures,7325962.0,165200443.1,131867316.0,0,0.0,7325962.0,165200443.1,,Locked,High — prospectus expressly maps the full covered position; disclosed exceptions or underwriter waivers may apply,False,True,Entity,,11.6,16.6,11.6,7325962,,7325962,,holder-mapped,2026-09-18,https://www.sec.gov/Archives/edgar/data/2056611/000119312526340329/0001193125-26-340329-index.htm
"Latigo Biotherapeutics, Inc.",LTGO,0002056611,0001193125-26-340329,424B4,Priced,2026-08-07,2026-08-04,2026-08-06,High,New,345600000.0,19200000,,final 424B4 explicit issuer-only THE OFFERING row,High,16-18,18.0,22.55,2026-09-18T20:00:00+00:00,"THOUSAND OAKS, CA",SEC submissions metadata,2027-02-02,Entities affiliated with Blue Owl Healthcare,3146780.0,70959889.0,56642040.0,0,0.0,3146780.0,70959889.0,,Locked,High — prospectus expressly maps the full covered position; disclosed exceptions or underwriter waivers may apply,False,True,Entity,,5.0,7.1,5.0,3146780,,3146780,,holder-mapped,2026-09-18,https://www.sec.gov/Archives/edgar/data/2056611/000119312526340329/0001193125-26-340329-index.htm
"Latigo Biotherapeutics, Inc.",LTGO,0002056611,0001193125-26-340329,424B4,Priced,2026-08-07,2026-08-04,2026-08-06,High,New,345600000.0,19200000,,final 424B4 explicit issuer-only THE OFFERING row,High,16-18,18.0,22.55,2026-09-18T20:00:00+00:00,"THOUSAND OAKS, CA",SEC submissions metadata,2027-02-02,"Deep Track Biotechnology Master Fund, Ltd.",2496656.0,56299592.8,44939808.0,0,0.0,2496656.0,56299592.8,,Locked,High — prospectus expressly maps the full covered position; disclosed exceptions or underwriter waivers may apply,False,True,Fund,,3.9,5.7,3.9,2496656,,2496656,,holder-mapped,2026-09-18,https://www.sec.gov/Archives/edgar/data/2056611/000119312526340329/0001193125-26-340329-index.htm
"Latigo Biotherapeutics, Inc.",LTGO,0002056611,0001193125-26-340329,424B4,Priced,2026-08-07,2026-08-04,2026-08-06,High,New,345600000.0,19200000,,final 424B4 explicit issuer-only THE OFFERING row,High,16-18,18.0,22.55,2026-09-18T20:00:00+00:00,"THOUSAND OAKS, CA",SEC submissions metadata,2027-02-02,Nima Farzan,2902419.0,65449548.45,52243542.0,0,0.0,2902419.0,65449548.45,,Locked,High — prospectus expressly maps the full covered position; disclosed exceptions or underwriter waivers may apply,True,True,Individual,,4.4,6.2,4.4,2902419,,2902419,Confidence 5/5 — SEC 424B4 management biography confirms a degree from Stanford University. Source: https://www.sec.gov/Archives/edgar/data/2056611/000119312526340329/d38775d424b4.htm,holder-mapped,2026-09-18,https://www.sec.gov/Archives/edgar/data/2056611/000119312526340329/0001193125-26-340329-index.htm
"Latigo Biotherapeutics, Inc.",LTGO,0002056611,0001193125-26-340329,424B4,Priced,2026-08-07,2026-08-04,2026-08-06,High,New,345600000.0,19200000,,final 424B4 explicit issuer-only THE OFFERING row,High,16-18,18.0,22.55,2026-09-18T20:00:00+00:00,"THOUSAND OAKS, CA",SEC submissions metadata,2027-02-02,Timothy Lugo,166354.0,3751282.7,2994372.0,0,0.0,166354.0,3751282.7,,Locked,High — prospectus expressly maps the full covered position; disclosed exceptions or underwriter waivers may apply,False,True,Individual,,,,,166354,,166354,,holder-mapped,2026-09-18,https://www.sec.gov/Archives/edgar/data/2056611/000119312526340329/0001193125-26-340329-index.htm
"Latigo Biotherapeutics, Inc.",LTGO,0002056611,0001193125-26-340329,424B4,Priced,2026-08-07,2026-08-04,2026-08-06,High,New,345600000.0,19200000,,final 424B4 explicit issuer-only THE OFFERING row,High,16-18,18.0,22.55,2026-09-18T20:00:00+00:00,"THOUSAND OAKS, CA",SEC submissions metadata,2027-02-02,"Neil Singla, M.D.",532795.0,12014527.25,9590310.0,0,0.0,532795.0,12014527.25,,Locked,High — prospectus expressly maps the full covered position; disclosed exceptions or underwriter waivers may apply,False,True,Individual,,,1.2,,532795,,532795,,holder-mapped,2026-09-18,https://www.sec.gov/Archives/edgar/data/2056611/000119312526340329/0001193125-26-340329-index.htm
"Latigo Biotherapeutics, Inc.",LTGO,0002056611,0001193125-26-340329,424B4,Priced,2026-08-07,2026-08-04,2026-08-06,High,New,345600000.0,19200000,,final 424B4 explicit issuer-only THE OFFERING row,High,16-18,18.0,22.55,2026-09-18T20:00:00+00:00,"THOUSAND OAKS, CA",SEC submissions metadata,2027-02-02,Timothy P. Walbert,329819.0,7437418.45,5936742.0,0,0.0,329819.0,7437418.45,,Locked,High — prospectus expressly maps the full covered position; disclosed exceptions or underwriter waivers may apply,False,True,Individual,,,,,329819,,329819,,holder-mapped,2026-09-18,https://www.sec.gov/Archives/edgar/data/2056611/000119312526340329/0001193125-26-340329-index.htm
"Latigo Biotherapeutics, Inc.",LTGO,0002056611,0001193125-26-340329,424B4,Priced,2026-08-07,2026-08-04,2026-08-06,High,New,345600000.0,19200000,,final 424B4 explicit issuer-only THE OFFERING row,High,16-18,18.0,22.55,2026-09-18T20:00:00+00:00,"THOUSAND OAKS, CA",SEC submissions metadata,2027-02-02,Sara Bonstein,105542.0,2379972.1,1899756.0,0,0.0,105542.0,2379972.1,,Locked,High — prospectus expressly maps the full covered position; disclosed exceptions or underwriter waivers may apply,False,True,Individual,,,,,105542,,105542,,holder-mapped,2026-09-18,https://www.sec.gov/Archives/edgar/data/2056611/000119312526340329/0001193125-26-340329-index.htm
"Latigo Biotherapeutics, Inc.",LTGO,0002056611,0001193125-26-340329,424B4,Priced,2026-08-07,2026-08-04,2026-08-06,High,New,345600000.0,19200000,,final 424B4 explicit issuer-only THE OFFERING row,High,16-18,18.0,22.55,2026-09-18T20:00:00+00:00,"THOUSAND OAKS, CA",SEC submissions metadata,2027-02-02,"Beth Seidenberg, M.D.",13199669.0,,,,,,,,Locked,High — prospectus expressly maps the full covered position; disclosed exceptions or underwriter waivers may apply,False,True,Individual,,20.9,29.9,20.9,13199669,,13199669,,holder-mapped,,https://www.sec.gov/Archives/edgar/data/2056611/000119312526340329/0001193125-26-340329-index.htm
"Latigo Biotherapeutics, Inc.",LTGO,0002056611,0001193125-26-340329,424B4,Priced,2026-08-07,2026-08-04,2026-08-06,High,New,345600000.0,19200000,,final 424B4 explicit issuer-only THE OFFERING row,High,16-18,18.0,22.55,2026-09-18T20:00:00+00:00,"THOUSAND OAKS, CA",SEC submissions metadata,2027-02-02,"James B. Tananbaum, M.D.",9041328.0,,,,,,,,Locked,High — prospectus expressly maps the full covered position; disclosed exceptions or underwriter waivers may apply,False,True,Individual,,14.3,20.5,14.3,9041328,,9041328,,holder-mapped,,https://www.sec.gov/Archives/edgar/data/2056611/000119312526340329/0001193125-26-340329-index.htm
"BlossomHill Therapeutics, Inc.",BLSM,0001839970,0001193125-26-340215,424B4,Priced,2026-08-07,2026-08-03,2026-08-06,Medium,New,150000000.0,9375000,,final 424B4 explicit issuer-only THE OFFERING row,High,15-17,16.0,25.74,2026-09-18T20:00:00+00:00,"SAN DIEGO, CA",SEC submissions metadata,2027-02-02,"J. Jean Cui, Ph.D. and Y. Peter Li, Ph.D., MBA and related affiliates",3973138.0,102268572.12,63570208.0,,,,,,Lock-up applies — covered quantity unresolved,"Holder class is supported, but the filing does not establish that the entire disclosed position is covered",False,True,Unknown,,13.0,18.7,13.0,3973138,,3973138,,holder-mapped,2026-09-18,https://www.sec.gov/Archives/edgar/data/1839970/000119312526340215/0001193125-26-340215-index.htm
"BlossomHill Therapeutics, Inc.",BLSM,0001839970,0001193125-26-340215,424B4,Priced,2026-08-07,2026-08-03,2026-08-06,Medium,New,150000000.0,9375000,,final 424B4 explicit issuer-only THE OFFERING row,High,15-17,16.0,25.74,2026-09-18T20:00:00+00:00,"SAN DIEGO, CA",SEC submissions metadata,2027-02-02,Entities affiliated with Cormorant Asset Management LP,3301534.0,84981485.16,52824544.0,,,,,,Lock-up applies — covered quantity unresolved,"Holder class is supported, but the filing does not establish that the entire disclosed position is covered",False,True,Entity,,10.8,15.5,10.8,3301534,,3301534,,holder-mapped,2026-09-18,https://www.sec.gov/Archives/edgar/data/1839970/000119312526340215/0001193125-26-340215-index.htm
"BlossomHill Therapeutics, Inc.",BLSM,0001839970,0001193125-26-340215,424B4,Priced,2026-08-07,2026-08-03,2026-08-06,Medium,New,150000000.0,9375000,,final 424B4 explicit issuer-only THE OFFERING row,High,15-17,16.0,25.74,2026-09-18T20:00:00+00:00,"SAN DIEGO, CA",SEC submissions metadata,2027-02-02,"OrbiMed Private Investments VIII, LP",2089279.0,53778041.46,33428464.0,,,,,,Lock-up applies — covered quantity unresolved,"Holder class is supported, but the filing does not establish that the entire disclosed position is covered",False,True,Fund,,6.8,9.8,6.8,2089279,,2089279,,holder-mapped,2026-09-18,https://www.sec.gov/Archives/edgar/data/1839970/000119312526340215/0001193125-26-340215-index.htm
"BlossomHill Therapeutics, Inc.",BLSM,0001839970,0001193125-26-340215,424B4,Priced,2026-08-07,2026-08-03,2026-08-06,Medium,New,150000000.0,9375000,,final 424B4 explicit issuer-only THE OFFERING row,High,15-17,16.0,25.74,2026-09-18T20:00:00+00:00,"SAN DIEGO, CA",SEC submissions metadata,2027-02-02,"Vivo Innovation Fund II Holdings, L.P.",1493740.0,38448867.6,23899840.0,,,,,,Lock-up applies — covered quantity unresolved,"Holder class is supported, but the filing does not establish that the entire disclosed position is covered",False,True,Fund,,4.9,7.0,4.9,1493740,,1493740,,holder-mapped,2026-09-18,https://www.sec.gov/Archives/edgar/data/1839970/000119312526340215/0001193125-26-340215-index.htm
"BlossomHill Therapeutics, Inc.",BLSM,0001839970,0001193125-26-340215,424B4,Priced,2026-08-07,2026-08-03,2026-08-06,Medium,New,150000000.0,9375000,,final 424B4 explicit issuer-only THE OFFERING row,High,15-17,16.0,25.74,2026-09-18T20:00:00+00:00,"SAN DIEGO, CA",SEC submissions metadata,2027-02-02,Janus Henderson Biotech Innovation Master Fund Limited,1134361.0,29198452.14,18149776.0,,,,,,Lock-up applies — covered quantity unresolved,"Holder class is supported, but the filing does not establish that the entire disclosed position is covered",False,True,Fund,,3.7,5.3,3.7,1134361,,1134361,,holder-mapped,2026-09-18,https://www.sec.gov/Archives/edgar/data/1839970/000119312526340215/0001193125-26-340215-index.htm
"BlossomHill Therapeutics, Inc.",BLSM,0001839970,0001193125-26-340215,424B4,Priced,2026-08-07,2026-08-03,2026-08-06,Medium,New,150000000.0,9375000,,final 424B4 explicit issuer-only THE OFFERING row,High,15-17,16.0,25.74,2026-09-18T20:00:00+00:00,"SAN DIEGO, CA",SEC submissions metadata,2027-02-02,"J. Jean Cui, Ph.D.",3973138.0,,,,,,,,Lock-up applies — covered quantity unresolved,"Holder class is supported, but the filing does not establish that the entire disclosed position is covered",False,True,Individual,,13.0,18.7,13.0,3973138,,3973138,,holder-mapped,,https://www.sec.gov/Archives/edgar/data/1839970/000119312526340215/0001193125-26-340215-index.htm
"BlossomHill Therapeutics, Inc.",BLSM,0001839970,0001193125-26-340215,424B4,Priced,2026-08-07,2026-08-03,2026-08-06,Medium,New,150000000.0,9375000,,final 424B4 explicit issuer-only THE OFFERING row,High,15-17,16.0,25.74,2026-09-18T20:00:00+00:00,"SAN DIEGO, CA",SEC submissions metadata,2027-02-02,"Y. Peter Li, Ph.D., MBA",3973138.0,,,,,,,,Lock-up applies — covered quantity unresolved,"Holder class is supported, but the filing does not establish that the entire disclosed position is covered",False,True,Individual,,13.0,18.7,13.0,3973138,,3973138,,holder-mapped,,https://www.sec.gov/Archives/edgar/data/1839970/000119312526340215/0001193125-26-340215-index.htm
"BlossomHill Therapeutics, Inc.",BLSM,0001839970,0001193125-26-340215,424B4,Priced,2026-08-07,2026-08-03,2026-08-06,Medium,New,150000000.0,9375000,,final 424B4 explicit issuer-only THE OFFERING row,High,15-17,16.0,25.74,2026-09-18T20:00:00+00:00,"SAN DIEGO, CA",SEC submissions metadata,2027-02-02,"Geoff Oxnard, M.D.",75861.0,1952662.14,1213776.0,,,,,,Lock-up applies — covered quantity unresolved,"Holder class is supported, but the filing does not establish that the entire disclosed position is covered",False,True,Individual,,,,,75861,,75861,,holder-mapped,2026-09-18,https://www.sec.gov/Archives/edgar/data/1839970/000119312526340215/0001193125-26-340215-index.htm
"BlossomHill Therapeutics, Inc.",BLSM,0001839970,0001193125-26-340215,424B4,Priced,2026-08-07,2026-08-03,2026-08-06,Medium,New,150000000.0,9375000,,final 424B4 explicit issuer-only THE OFFERING row,High,15-17,16.0,25.74,2026-09-18T20:00:00+00:00,"SAN DIEGO, CA",SEC submissions metadata,2027-02-02,"Jason Keyes, MBA",54818.0,1411015.32,877088.0,,,,,,Lock-up applies — covered quantity unresolved,"Holder class is supported, but the filing does not establish that the entire disclosed position is covered",True,True,Individual,,,,,54818,,54818,Confidence 5/5 — SEC 424B4 management biography confirms a degree from Stanford University. Source: https://www.sec.gov/Archives/edgar/data/1839970/000119312526340215/d98958d424b4.htm,holder-mapped,2026-09-18,https://www.sec.gov/Archives/edgar/data/1839970/000119312526340215/0001193125-26-340215-index.htm
"BlossomHill Therapeutics, Inc.",BLSM,0001839970,0001193125-26-340215,424B4,Priced,2026-08-07,2026-08-03,2026-08-06,Medium,New,150000000.0,9375000,,final 424B4 explicit issuer-only THE OFFERING row,High,15-17,16.0,25.74,2026-09-18T20:00:00+00:00,"SAN DIEGO, CA",SEC submissions metadata,2027-02-02,"Sundeep Agrawal, M.D.",589195.0,15165879.3,9427120.0,,,,,,Lock-up applies — covered quantity unresolved,"Holder class is supported, but the filing does not establish that the entire disclosed position is covered",False,True,Individual,,1.9,2.8,1.9,589195,,589195,,holder-mapped,2026-09-18,https://www.sec.gov/Archives/edgar/data/1839970/000119312526340215/0001193125-26-340215-index.htm
"BlossomHill Therapeutics, Inc.",BLSM,0001839970,0001193125-26-340215,424B4,Priced,2026-08-07,2026-08-03,2026-08-06,Medium,New,150000000.0,9375000,,final 424B4 explicit issuer-only THE OFFERING row,High,15-17,16.0,25.74,2026-09-18T20:00:00+00:00,"SAN DIEGO, CA",SEC submissions metadata,2027-02-02,"Bihua Chen, MBA",3301534.0,,,,,,,,Lock-up applies — covered quantity unresolved,"Holder class is supported, but the filing does not establish that the entire disclosed position is covered",False,True,Individual,,10.8,15.5,10.8,3301534,,3301534,,holder-mapped,,https://www.sec.gov/Archives/edgar/data/1839970/000119312526340215/0001193125-26-340215-index.htm
"BlossomHill Therapeutics, Inc.",BLSM,0001839970,0001193125-26-340215,424B4,Priced,2026-08-07,2026-08-03,2026-08-06,Medium,New,150000000.0,9375000,,final 424B4 explicit issuer-only THE OFFERING row,High,15-17,16.0,25.74,2026-09-18T20:00:00+00:00,"SAN DIEGO, CA",SEC submissions metadata,2027-02-02,"Carl L. Gordon, Ph.D., CFA",2089279.0,,,,,,,,Lock-up applies — covered quantity unresolved,"Holder class is supported, but the filing does not establish that the entire disclosed position is covered",False,True,Individual,,6.8,9.8,6.8,2089279,,2089279,,holder-mapped,,https://www.sec.gov/Archives/edgar/data/1839970/000119312526340215/0001193125-26-340215-index.htm
"BlossomHill Therapeutics, Inc.",BLSM,0001839970,0001193125-26-340215,424B4,Priced,2026-08-07,2026-08-03,2026-08-06,Medium,New,150000000.0,9375000,,final 424B4 explicit issuer-only THE OFFERING row,High,15-17,16.0,25.74,2026-09-18T20:00:00+00:00,"SAN DIEGO, CA",SEC submissions metadata,2027-02-02,"Sheila Gujrathi, M.D.",90160.0,2320718.4,1442560.0,,,,,,Lock-up applies — covered quantity unresolved,"Holder class is supported, but the filing does not establish that the entire disclosed position is covered",False,True,Individual,,,,,90160,,90160,,holder-mapped,2026-09-18,https://www.sec.gov/Archives/edgar/data/1839970/000119312526340215/0001193125-26-340215-index.htm
"BlossomHill Therapeutics, Inc.",BLSM,0001839970,0001193125-26-340215,424B4,Priced,2026-08-07,2026-08-03,2026-08-06,Medium,New,150000000.0,9375000,,final 424B4 explicit issuer-only THE OFFERING row,High,15-17,16.0,25.74,2026-09-18T20:00:00+00:00,"SAN DIEGO, CA",SEC submissions metadata,2027-02-02,"John Schmid, MBA",67620.0,1740538.8,1081920.0,,,,,,Lock-up applies — covered quantity unresolved,"Holder class is supported, but the filing does not establish that the entire disclosed position is covered",False,True,Individual,,,,,67620,,67620,,holder-mapped,2026-09-18,https://www.sec.gov/Archives/edgar/data/1839970/000119312526340215/0001193125-26-340215-index.htm
"Braveheart Bio, Inc.",BRVE,0002131524,0001628280-26-054354,424B4,Priced,2026-08-06,2026-07-30,2026-08-05,High,New,382500000.0,21250000,,final 424B4 explicit issuer-only THE OFFERING row,High,15-17,18.0,29.2,2026-09-18T20:00:00+00:00,"San Francisco, CA",424B4 principal executive office,2027-02-01,"AH Bio Fund IV, L.P.",9132420.0,266666664.0,164383560.0,0,0.0,9132420.0,266666664.0,,Locked,High — prospectus expressly maps the full covered position; disclosed exceptions or underwriter waivers may apply,False,True,Fund,,10.5,13.9,10.5,9132420,,9132420,,holder-mapped,2026-09-18,https://www.sec.gov/Archives/edgar/data/2131524/000162828026054354/0001628280-26-054354-index.htm
"Braveheart Bio, Inc.",BRVE,0002131524,0001628280-26-054354,424B4,Priced,2026-08-06,2026-07-30,2026-08-05,High,New,382500000.0,21250000,,final 424B4 explicit issuer-only THE OFFERING row,High,15-17,18.0,29.2,2026-09-18T20:00:00+00:00,"San Francisco, CA",424B4 principal executive office,2027-02-01,Entities affiliated with Forbion,18226024.0,532199900.8,328068432.0,0,0.0,18226024.0,532199900.8,,Locked,High — prospectus expressly maps the full covered position; disclosed exceptions or underwriter waivers may apply,False,True,Entity,,21.0,27.8,21.0,18226024,,18226024,,holder-mapped,2026-09-18,https://www.sec.gov/Archives/edgar/data/2131524/000162828026054354/0001628280-26-054354-index.htm
"Braveheart Bio, Inc.",BRVE,0002131524,0001628280-26-054354,424B4,Priced,2026-08-06,2026-07-30,2026-08-05,High,New,382500000.0,21250000,,final 424B4 explicit issuer-only THE OFFERING row,High,15-17,18.0,29.2,2026-09-18T20:00:00+00:00,"San Francisco, CA",424B4 principal executive office,2027-02-01,"Jiangsu Hengrui Pharmaceuticals Co., Ltd.",7420091.0,216666657.2,133561638.0,0,0.0,7420091.0,216666657.2,,Locked,High — prospectus expressly maps the full covered position; disclosed exceptions or underwriter waivers may apply,False,True,Entity,,8.5,11.3,8.5,7420091,,7420091,,holder-mapped,2026-09-18,https://www.sec.gov/Archives/edgar/data/2131524/000162828026054354/0001628280-26-054354-index.htm
"Braveheart Bio, Inc.",BRVE,0002131524,0001628280-26-054354,424B4,Priced,2026-08-06,2026-07-30,2026-08-05,High,New,382500000.0,21250000,,final 424B4 explicit issuer-only THE OFFERING row,High,15-17,18.0,29.2,2026-09-18T20:00:00+00:00,"San Francisco, CA",424B4 principal executive office,2027-02-01,"Orbimed Private Investments IX, LP",10235159.0,298866642.8,184232862.0,0,0.0,10235159.0,298866642.8,,Locked,High — prospectus expressly maps the full covered position; disclosed exceptions or underwriter waivers may apply,False,True,Fund,,11.8,15.6,11.8,10235159,,10235159,,holder-mapped,2026-09-18,https://www.sec.gov/Archives/edgar/data/2131524/000162828026054354/0001628280-26-054354-index.htm
"Braveheart Bio, Inc.",BRVE,0002131524,0001628280-26-054354,424B4,Priced,2026-08-06,2026-07-30,2026-08-05,High,New,382500000.0,21250000,,final 424B4 explicit issuer-only THE OFFERING row,High,15-17,18.0,29.2,2026-09-18T20:00:00+00:00,"San Francisco, CA",424B4 principal executive office,2027-02-01,"ES Braveheart Aggregator, L.P.",3424657.0,99999984.4,61643826.0,0,0.0,3424657.0,99999984.4,,Locked,High — prospectus expressly maps the full covered position; disclosed exceptions or underwriter waivers may apply,False,True,Entity,,3.9,5.2,3.9,3424657,,3424657,,holder-mapped,2026-09-18,https://www.sec.gov/Archives/edgar/data/2131524/000162828026054354/0001628280-26-054354-index.htm
"Braveheart Bio, Inc.",BRVE,0002131524,0001628280-26-054354,424B4,Priced,2026-08-06,2026-07-30,2026-08-05,High,New,382500000.0,21250000,,final 424B4 explicit issuer-only THE OFFERING row,High,15-17,18.0,29.2,2026-09-18T20:00:00+00:00,"San Francisco, CA",424B4 principal executive office,2027-02-01,"Frazier Life Sciences Public Fund, L.P.",3424657.0,99999984.4,61643826.0,0,0.0,3424657.0,99999984.4,,Locked,High — prospectus expressly maps the full covered position; disclosed exceptions or underwriter waivers may apply,False,True,Fund,,3.9,5.2,3.9,3424657,,3424657,,holder-mapped,2026-09-18,https://www.sec.gov/Archives/edgar/data/2131524/000162828026054354/0001628280-26-054354-index.htm
"Braveheart Bio, Inc.",BRVE,0002131524,0001628280-26-054354,424B4,Priced,2026-08-06,2026-07-30,2026-08-05,High,New,382500000.0,21250000,,final 424B4 explicit issuer-only THE OFFERING row,High,15-17,18.0,29.2,2026-09-18T20:00:00+00:00,"San Francisco, CA",424B4 principal executive office,2027-02-01,"Travis Murdoch, M.D., Chief Executive Officer, President and Director",8250304.0,240908876.8,148505472.0,0,0.0,8250304.0,240908876.8,,Locked,High — prospectus expressly maps the full covered position; disclosed exceptions or underwriter waivers may apply,False,True,Individual,"Chief Executive Officer, President and Director",9.5,12.6,9.5,8250304,,8250304,,holder-mapped,2026-09-18,https://www.sec.gov/Archives/edgar/data/2131524/000162828026054354/0001628280-26-054354-index.htm
"Braveheart Bio, Inc.",BRVE,0002131524,0001628280-26-054354,424B4,Priced,2026-08-06,2026-07-30,2026-08-05,High,New,382500000.0,21250000,,final 424B4 explicit issuer-only THE OFFERING row,High,15-17,18.0,29.2,2026-09-18T20:00:00+00:00,"San Francisco, CA",424B4 principal executive office,2027-02-01,"Michele Anderson, Chief Development Officer",331050.0,9666660.0,5958900.0,0,0.0,331050.0,9666660.0,,Locked,High — prospectus expressly maps the full covered position; disclosed exceptions or underwriter waivers may apply,False,True,Individual,Chief Development Officer,0.4,,0.4,331050,,331050,,holder-mapped,2026-09-18,https://www.sec.gov/Archives/edgar/data/2131524/000162828026054354/0001628280-26-054354-index.htm
"Braveheart Bio, Inc.",BRVE,0002131524,0001628280-26-054354,424B4,Priced,2026-08-06,2026-07-30,2026-08-05,High,New,382500000.0,21250000,,final 424B4 explicit issuer-only THE OFFERING row,High,15-17,18.0,29.2,2026-09-18T20:00:00+00:00,"San Francisco, CA",424B4 principal executive office,2027-02-01,"J. Paul Rickey, Chief Financial Officer",675798.0,19733301.6,12164364.0,0,0.0,675798.0,19733301.6,,Locked,High — prospectus expressly maps the full covered position; disclosed exceptions or underwriter waivers may apply,False,True,Individual,Chief Financial Officer,0.8,1.0,0.8,675798,,675798,,holder-mapped,2026-09-18,https://www.sec.gov/Archives/edgar/data/2131524/000162828026054354/0001628280-26-054354-index.htm
"Braveheart Bio, Inc.",BRVE,0002131524,0001628280-26-054354,424B4,Priced,2026-08-06,2026-07-30,2026-08-05,High,New,382500000.0,21250000,,final 424B4 explicit issuer-only THE OFFERING row,High,15-17,18.0,29.2,2026-09-18T20:00:00+00:00,"San Francisco, CA",424B4 principal executive office,2027-02-01,Christopher Viehbacher,676524.0,19754500.8,12177432.0,0,0.0,676524.0,19754500.8,,Locked,High — prospectus expressly maps the full covered position; disclosed exceptions or underwriter waivers may apply,False,True,Individual,,0.8,1.0,0.8,676524,,676524,,holder-mapped,2026-09-18,https://www.sec.gov/Archives/edgar/data/2131524/000162828026054354/0001628280-26-054354-index.htm
"Braveheart Bio, Inc.",BRVE,0002131524,0001628280-26-054354,424B4,Priced,2026-08-06,2026-07-30,2026-08-05,High,New,382500000.0,21250000,,final 424B4 explicit issuer-only THE OFFERING row,High,15-17,18.0,29.2,2026-09-18T20:00:00+00:00,"San Francisco, CA",424B4 principal executive office,2027-02-01,"Jason Coloma, Ph.D., M.B.A.",1100456.0,32133315.2,19808208.0,0,0.0,1100456.0,32133315.2,,Locked,High — prospectus expressly maps the full covered position; disclosed exceptions or underwriter waivers may apply,False,True,Individual,,1.3,1.7,1.3,1100456,,1100456,,holder-mapped,2026-09-18,https://www.sec.gov/Archives/edgar/data/2131524/000162828026054354/0001628280-26-054354-index.htm
"Braveheart Bio, Inc.",BRVE,0002131524,0001628280-26-054354,424B4,Priced,2026-08-06,2026-07-30,2026-08-05,High,New,382500000.0,21250000,,final 424B4 explicit issuer-only THE OFFERING row,High,15-17,18.0,29.2,2026-09-18T20:00:00+00:00,"San Francisco, CA",424B4 principal executive office,2027-02-01,"David Malek, M.B.A.",1009131.0,29466625.2,18164358.0,0,0.0,1009131.0,29466625.2,,Locked,High — prospectus expressly maps the full covered position; disclosed exceptions or underwriter waivers may apply,False,True,Individual,,1.2,1.5,1.2,1009131,,1009131,,holder-mapped,2026-09-18,https://www.sec.gov/Archives/edgar/data/2131524/000162828026054354/0001628280-26-054354-index.htm
"Ambitious Entertainment, Inc.",,0001900851,0001493152-26-036294,S-1/A,Pre-pricing,2026-08-06,,,High,New,,4000000,,,,$4.00–$5.00,,,,,,,Kirk E. Shaw,317099,,,,,,,,,,False,True,Individual,,1.58,1.97,1.58,317099,,317099,,,,https://www.sec.gov/Archives/edgar/data/1900851/000149315226036294/0001493152-26-036294-index.htm
"Ambitious Entertainment, Inc.",,0001900851,0001493152-26-036294,S-1/A,Pre-pricing,2026-08-06,,,High,New,,4000000,,,,$4.00–$5.00,,,,,,,Adam Berk,250000,,,,,,,,,,False,True,Individual,,1.25,1.55,1.25,250000,,250000,,,,https://www.sec.gov/Archives/edgar/data/1900851/000149315226036294/0001493152-26-036294-index.htm
"Ambitious Entertainment, Inc.",,0001900851,0001493152-26-036294,S-1/A,Pre-pricing,2026-08-06,,,High,New,,4000000,,,,$4.00–$5.00,,,,,,,Owen May,372143,,,,,,,,,,False,True,Individual,,1.85,2.31,1.85,372143,,372143,,,,https://www.sec.gov/Archives/edgar/data/1900851/000149315226036294/0001493152-26-036294-index.htm
"Ambitious Entertainment, Inc.",,0001900851,0001493152-26-036294,S-1/A,Pre-pricing,2026-08-06,,,High,New,,4000000,,,,$4.00–$5.00,,,,,,,OGGI Equity Srl.,1104079,,,,,,,,,,False,True,Entity,,5.5,6.87,5.5,1104079,,1104079,,,,https://www.sec.gov/Archives/edgar/data/1900851/000149315226036294/0001493152-26-036294-index.htm
"Ambitious Entertainment, Inc.",,0001900851,0001493152-26-036294,S-1/A,Pre-pricing,2026-08-06,,,High,New,,4000000,,,,$4.00–$5.00,,,,,,,Larry St. Pierre,1999000,,,,,,,,,,False,True,Individual,,9.96,12.43,9.96,1999000,,1999000,,,,https://www.sec.gov/Archives/edgar/data/1900851/000149315226036294/0001493152-26-036294-index.htm
"Ambitious Entertainment, Inc.",,0001900851,0001493152-26-036294,S-1/A,Pre-pricing,2026-08-06,,,High,New,,4000000,,,,$4.00–$5.00,,,,,,,Christos B. Shaw,2006016,,,,,,,,,,False,True,Individual,,9.99,9.99,9.99,1606416,,2006016,,,,https://www.sec.gov/Archives/edgar/data/1900851/000149315226036294/0001493152-26-036294-index.htm
"Ambitious Entertainment, Inc.",,0001900851,0001493152-26-036294,S-1/A,Pre-pricing,2026-08-06,,,High,New,,4000000,,,,$4.00–$5.00,,,,,,,"GPL Ventures, LLC",2006016,,,,,,,,,,False,True,Fund,,9.99,9.99,9.99,1606416,,2006016,,,,https://www.sec.gov/Archives/edgar/data/1900851/000149315226036294/0001493152-26-036294-index.htm
"Attovia Therapeutics, Inc.",ATTO,0002058707,0001193125-26-334997,424B4,Priced,2026-08-05,2026-08-04,2026-08-04,Medium,New,289000000.0,17000000,,final 424B4 explicit issuer-only THE OFFERING row,High,15-17,17.0,22.14,2026-09-18T20:00:00+00:00,"SAN CARLOS, CA",SEC submissions metadata,2027-01-31,"Frazier Life Sciences XI, L.P.",5565980.0,123230797.2,94621660.0,,,,,,Lock-up applies — covered quantity unresolved,"Holder class is supported, but the filing does not establish that the entire disclosed position is covered",False,True,Fund,,12.9,21.3,12.9,,,5565980,,holder-mapped,2026-09-18,https://www.sec.gov/Archives/edgar/data/2058707/000119312526334997/0001193125-26-334997-index.htm
"Attovia Therapeutics, Inc.",ATTO,0002058707,0001193125-26-334997,424B4,Priced,2026-08-05,2026-08-04,2026-08-04,Medium,New,289000000.0,17000000,,final 424B4 explicit issuer-only THE OFFERING row,High,15-17,17.0,22.14,2026-09-18T20:00:00+00:00,"SAN CARLOS, CA",SEC submissions metadata,2027-01-31,"Alamar HoldCo, LLC",3229279.0,71496237.06,54897743.0,,,,,,Lock-up applies — covered quantity unresolved,"Holder class is supported, but the filing does not establish that the entire disclosed position is covered",False,True,Entity,,7.5,12.4,7.5,,,3229279,,holder-mapped,2026-09-18,https://www.sec.gov/Archives/edgar/data/2058707/000119312526334997/0001193125-26-334997-index.htm
"Attovia Therapeutics, Inc.",ATTO,0002058707,0001193125-26-334997,424B4,Priced,2026-08-05,2026-08-04,2026-08-04,Medium,New,289000000.0,17000000,,final 424B4 explicit issuer-only THE OFFERING row,High,15-17,17.0,22.14,2026-09-18T20:00:00+00:00,"SAN CARLOS, CA",SEC submissions metadata,2027-01-31,"venBio Global Strategic Fund IV, L.P.",3799016.0,84110214.24,64583272.0,,,,,,Lock-up applies — covered quantity unresolved,"Holder class is supported, but the filing does not establish that the entire disclosed position is covered",False,True,Fund,,8.8,14.6,8.8,,,3799016,,holder-mapped,2026-09-18,https://www.sec.gov/Archives/edgar/data/2058707/000119312526334997/0001193125-26-334997-index.htm
"Attovia Therapeutics, Inc.",ATTO,0002058707,0001193125-26-334997,424B4,Priced,2026-08-05,2026-08-04,2026-08-04,Medium,New,289000000.0,17000000,,final 424B4 explicit issuer-only THE OFFERING row,High,15-17,17.0,22.14,2026-09-18T20:00:00+00:00,"SAN CARLOS, CA",SEC submissions metadata,2027-01-31,Entities affiliated with Goldman Sachs & Co. LLC,2435641.0,53925091.74,41405897.0,,,,,,Lock-up applies — covered quantity unresolved,"Holder class is supported, but the filing does not establish that the entire disclosed position is covered",False,True,Entity,,5.7,9.3,5.7,,,2435641,,holder-mapped,2026-09-18,https://www.sec.gov/Archives/edgar/data/2058707/000119312526334997/0001193125-26-334997-index.htm
"Attovia Therapeutics, Inc.",ATTO,0002058707,0001193125-26-334997,424B4,Priced,2026-08-05,2026-08-04,2026-08-04,Medium,New,289000000.0,17000000,,final 424B4 explicit issuer-only THE OFFERING row,High,15-17,17.0,22.14,2026-09-18T20:00:00+00:00,"SAN CARLOS, CA",SEC submissions metadata,2027-01-31,"Deep Track Biotechnology Master Fund, Ltd",1957139.0,43331057.46,33271363.0,,,,,,Lock-up applies — covered quantity unresolved,"Holder class is supported, but the filing does not establish that the entire disclosed position is covered",False,True,Fund,,4.5,7.5,4.5,,,1957139,,holder-mapped,2026-09-18,https://www.sec.gov/Archives/edgar/data/2058707/000119312526334997/0001193125-26-334997-index.htm
"Attovia Therapeutics, Inc.",ATTO,0002058707,0001193125-26-334997,424B4,Priced,2026-08-05,2026-08-04,2026-08-04,Medium,New,289000000.0,17000000,,final 424B4 explicit issuer-only THE OFFERING row,High,15-17,17.0,22.14,2026-09-18T20:00:00+00:00,"SAN CARLOS, CA",SEC submissions metadata,2027-01-31,Tao Fu,893456.0,19781115.84,15188752.0,,,,,,Lock-up applies — covered quantity unresolved,"Holder class is supported, but the filing does not establish that the entire disclosed position is covered",False,True,Individual,,2.1,3.4,2.1,,,893456,,holder-mapped,2026-09-18,https://www.sec.gov/Archives/edgar/data/2058707/000119312526334997/0001193125-26-334997-index.htm
"Attovia Therapeutics, Inc.",ATTO,0002058707,0001193125-26-334997,424B4,Priced,2026-08-05,2026-08-04,2026-08-04,Medium,New,289000000.0,17000000,,final 424B4 explicit issuer-only THE OFFERING row,High,15-17,17.0,22.14,2026-09-18T20:00:00+00:00,"SAN CARLOS, CA",SEC submissions metadata,2027-01-31,Petter Veiby,212258.0,4699392.12,3608386.0,,,,,,Lock-up applies — covered quantity unresolved,"Holder class is supported, but the filing does not establish that the entire disclosed position is covered",False,True,Individual,,,,,,,212258,,holder-mapped,2026-09-18,https://www.sec.gov/Archives/edgar/data/2058707/000119312526334997/0001193125-26-334997-index.htm
"Attovia Therapeutics, Inc.",ATTO,0002058707,0001193125-26-334997,424B4,Priced,2026-08-05,2026-08-04,2026-08-04,Medium,New,289000000.0,17000000,,final 424B4 explicit issuer-only THE OFFERING row,High,15-17,17.0,22.14,2026-09-18T20:00:00+00:00,"SAN CARLOS, CA",SEC submissions metadata,2027-01-31,Hubert Chen,153279.0,3393597.06,2605743.0,,,,,,Lock-up applies — covered quantity unresolved,"Holder class is supported, but the filing does not establish that the entire disclosed position is covered",True,True,Individual,,,,,,,153279,Confidence 5/5 — SEC 424B4 management biography confirms a degree from Stanford University. Source: https://www.sec.gov/Archives/edgar/data/2058707/000119312526334997/d40469d424b4.htm,holder-mapped,2026-09-18,https://www.sec.gov/Archives/edgar/data/2058707/000119312526334997/0001193125-26-334997-index.htm
"Attovia Therapeutics, Inc.",ATTO,0002058707,0001193125-26-334997,424B4,Priced,2026-08-05,2026-08-04,2026-08-04,Medium,New,289000000.0,17000000,,final 424B4 explicit issuer-only THE OFFERING row,High,15-17,17.0,22.14,2026-09-18T20:00:00+00:00,"SAN CARLOS, CA",SEC submissions metadata,2027-01-31,Mitchell Gold,41873.0,927068.22,711841.0,,,,,,Lock-up applies — covered quantity unresolved,"Holder class is supported, but the filing does not establish that the entire disclosed position is covered",False,True,Individual,,,,,,,41873,,holder-mapped,2026-09-18,https://www.sec.gov/Archives/edgar/data/2058707/000119312526334997/0001193125-26-334997-index.htm
"Attovia Therapeutics, Inc.",ATTO,0002058707,0001193125-26-334997,424B4,Priced,2026-08-05,2026-08-04,2026-08-04,Medium,New,289000000.0,17000000,,final 424B4 explicit issuer-only THE OFFERING row,High,15-17,17.0,22.14,2026-09-18T20:00:00+00:00,"SAN CARLOS, CA",SEC submissions metadata,2027-01-31,Angie You,59490.0,1317108.6,1011330.0,,,,,,Lock-up applies — covered quantity unresolved,"Holder class is supported, but the filing does not establish that the entire disclosed position is covered",False,True,Individual,,,,,,,59490,,holder-mapped,2026-09-18,https://www.sec.gov/Archives/edgar/data/2058707/000119312526334997/0001193125-26-334997-index.htm
Jersey Mike's Subs Inc.,JMKE,0002127043,0001193125-26-326453,424B4,Priced,2026-07-31,2026-07-20,2026-07-29,High,New,1000000003.0,13782609,29695652,final 424B4 explicit issuer + selling-holder blocks,High,21-25,23.0,19.58,2026-09-18T20:00:00+00:00,"Tinton Falls, NJ",424B4 principal executive office,2027-01-25,Blackstone,,,,,,,,,Lock-up applies — share quantity unavailable,"Filing supports holder lock-up coverage, but the share count is unavailable; locked and liquid quantities are not shown",False,True,Entity,,,,,232294597,,,,holder-mapped,,https://www.sec.gov/Archives/edgar/data/2127043/000119312526326453/0001193125-26-326453-index.htm
Jersey Mike's Subs Inc.,JMKE,0002127043,0001193125-26-326453,424B4,Priced,2026-07-31,2026-07-20,2026-07-29,High,New,1000000003.0,13782609,29695652,final 424B4 explicit issuer + selling-holder blocks,High,21-25,23.0,19.58,2026-09-18T20:00:00+00:00,"Tinton Falls, NJ",424B4 principal executive office,2027-01-25,Abu Dhabi Investment Authority,,,,,,,,,Lock-up applies — share quantity unavailable,"Filing supports holder lock-up coverage, but the share count is unavailable; locked and liquid quantities are not shown",False,True,Entity,,,,,40525336,,,,holder-mapped,,https://www.sec.gov/Archives/edgar/data/2127043/000119312526326453/0001193125-26-326453-index.htm
Jersey Mike's Subs Inc.,JMKE,0002127043,0001193125-26-326453,424B4,Priced,2026-07-31,2026-07-20,2026-07-29,High,New,1000000003.0,13782609,29695652,final 424B4 explicit issuer + selling-holder blocks,High,21-25,23.0,19.58,2026-09-18T20:00:00+00:00,"Tinton Falls, NJ",424B4 principal executive office,2027-01-25,Charles R. Morrison,93610.0,1832883.8,2153030.0,,,,,,Lock-up applies — covered quantity unresolved,"Holder class is supported, but the filing does not establish that the entire disclosed position is covered",False,True,Individual,,,,,93610,,93610,,holder-mapped,2026-09-18,https://www.sec.gov/Archives/edgar/data/2127043/000119312526326453/0001193125-26-326453-index.htm
Jersey Mike's Subs Inc.,JMKE,0002127043,0001193125-26-326453,424B4,Priced,2026-07-31,2026-07-20,2026-07-29,High,New,1000000003.0,13782609,29695652,final 424B4 explicit issuer + selling-holder blocks,High,21-25,23.0,19.58,2026-09-18T20:00:00+00:00,"Tinton Falls, NJ",424B4 principal executive office,2027-01-25,Michele Allen,18718.0,366498.44,430514.0,,,,,,Lock-up applies — covered quantity unresolved,"Holder class is supported, but the filing does not establish that the entire disclosed position is covered",False,True,Individual,,,,,18718,,18718,,holder-mapped,2026-09-18,https://www.sec.gov/Archives/edgar/data/2127043/000119312526326453/0001193125-26-326453-index.htm
Jersey Mike's Subs Inc.,JMKE,0002127043,0001193125-26-326453,424B4,Priced,2026-07-31,2026-07-20,2026-07-29,High,New,1000000003.0,13782609,29695652,final 424B4 explicit issuer + selling-holder blocks,High,21-25,23.0,19.58,2026-09-18T20:00:00+00:00,"Tinton Falls, NJ",424B4 principal executive office,2027-01-25,Walter C. Tombs,61640.0,1206911.2,1417720.0,,,,,,Lock-up applies — covered quantity unresolved,"Holder class is supported, but the filing does not establish that the entire disclosed position is covered",False,True,Individual,,,,,61640,,61640,,holder-mapped,2026-09-18,https://www.sec.gov/Archives/edgar/data/2127043/000119312526326453/0001193125-26-326453-index.htm
Jersey Mike's Subs Inc.,JMKE,0002127043,0001193125-26-326453,424B4,Priced,2026-07-31,2026-07-20,2026-07-29,High,New,1000000003.0,13782609,29695652,final 424B4 explicit issuer + selling-holder blocks,High,21-25,23.0,19.58,2026-09-18T20:00:00+00:00,"Tinton Falls, NJ",424B4 principal executive office,2027-01-25,Nigel Travis,52915.0,1036075.7,1217045.0,,,,,,Lock-up applies — covered quantity unresolved,"Holder class is supported, but the filing does not establish that the entire disclosed position is covered",False,True,Individual,,,,,52915,,52915,,holder-mapped,2026-09-18,https://www.sec.gov/Archives/edgar/data/2127043/000119312526326453/0001193125-26-326453-index.htm
Jersey Mike's Subs Inc.,JMKE,0002127043,0001193125-26-326453,424B4,Priced,2026-07-31,2026-07-20,2026-07-29,High,New,1000000003.0,13782609,29695652,final 424B4 explicit issuer + selling-holder blocks,High,21-25,23.0,19.58,2026-09-18T20:00:00+00:00,"Tinton Falls, NJ",424B4 principal executive office,2027-01-25,Peter Cancro,30346816.0,594190657.28,697976768.0,,,,,,Lock-up applies — covered quantity unresolved,"Holder class is supported, but the filing does not establish that the entire disclosed position is covered",False,True,Individual,,,,,30346816,,30346816,,holder-mapped,2026-09-18,https://www.sec.gov/Archives/edgar/data/2127043/000119312526326453/0001193125-26-326453-index.htm
Jersey Mike's Subs Inc.,JMKE,0002127043,0001193125-26-326453,424B4,Priced,2026-07-31,2026-07-20,2026-07-29,High,New,1000000003.0,13782609,29695652,final 424B4 explicit issuer + selling-holder blocks,High,21-25,23.0,19.58,2026-09-18T20:00:00+00:00,"Tinton Falls, NJ",424B4 principal executive office,2027-01-25,Fran Horowitz,25258.0,494551.64,580934.0,,,,,,Lock-up applies — covered quantity unresolved,"Holder class is supported, but the filing does not establish that the entire disclosed position is covered",False,True,Individual,,,,,25258,,25258,,holder-mapped,2026-09-18,https://www.sec.gov/Archives/edgar/data/2127043/000119312526326453/0001193125-26-326453-index.htm
"Apnimed, Inc.",APMD,0001745648,0001193125-26-328422,424B4,Priced,2026-07-31,2026-07-27,2026-07-30,Medium,New,192000000.0,12000000,,final 424B4 explicit issuer-only THE OFFERING row,High,14-16,16.0,29.0,2026-09-18T20:00:00+00:00,"CAMBRIDGE, MA",SEC submissions metadata,2027-01-26,Morningside,6915837.0,200559273.0,110653392.0,,,,,,Lock-up applies — covered quantity unresolved,"Holder class is supported, but the filing does not establish that the entire disclosed position is covered",False,True,Entity,,17.36,24.85,17.36,,,6915837,,holder-mapped,2026-09-18,https://www.sec.gov/Archives/edgar/data/1745648/000119312526328422/0001193125-26-328422-index.htm
"Apnimed, Inc.",APMD,0001745648,0001193125-26-328422,424B4,Priced,2026-07-31,2026-07-27,2026-07-30,Medium,New,192000000.0,12000000,,final 424B4 explicit issuer-only THE OFFERING row,High,14-16,16.0,29.0,2026-09-18T20:00:00+00:00,"CAMBRIDGE, MA",SEC submissions metadata,2027-01-26,Alpha Wave,7054954.0,204593666.0,112879264.0,,,,,,Lock-up applies — covered quantity unresolved,"Holder class is supported, but the filing does not establish that the entire disclosed position is covered",False,True,Entity,,17.71,25.35,17.71,,,7054954,,holder-mapped,2026-09-18,https://www.sec.gov/Archives/edgar/data/1745648/000119312526328422/0001193125-26-328422-index.htm
"Apnimed, Inc.",APMD,0001745648,0001193125-26-328422,424B4,Priced,2026-07-31,2026-07-27,2026-07-30,Medium,New,192000000.0,12000000,,final 424B4 explicit issuer-only THE OFFERING row,High,14-16,16.0,29.0,2026-09-18T20:00:00+00:00,"CAMBRIDGE, MA",SEC submissions metadata,2027-01-26,Shionogi,2953817.0,85660693.0,47261072.0,,,,,,Lock-up applies — covered quantity unresolved,"Holder class is supported, but the filing does not establish that the entire disclosed position is covered",False,True,Entity,,7.42,10.61,7.42,,,2953817,,holder-mapped,2026-09-18,https://www.sec.gov/Archives/edgar/data/1745648/000119312526328422/0001193125-26-328422-index.htm
"Apnimed, Inc.",APMD,0001745648,0001193125-26-328422,424B4,Priced,2026-07-31,2026-07-27,2026-07-30,Medium,New,192000000.0,12000000,,final 424B4 explicit issuer-only THE OFFERING row,High,14-16,16.0,29.0,2026-09-18T20:00:00+00:00,"CAMBRIDGE, MA",SEC submissions metadata,2027-01-26,Columbia Fund,4298843.0,124666447.0,68781488.0,,,,,,Lock-up applies — covered quantity unresolved,"Holder class is supported, but the filing does not establish that the entire disclosed position is covered",False,True,Fund,,10.79,15.45,10.79,,,4298843,,holder-mapped,2026-09-18,https://www.sec.gov/Archives/edgar/data/1745648/000119312526328422/0001193125-26-328422-index.htm
"Apnimed, Inc.",APMD,0001745648,0001193125-26-328422,424B4,Priced,2026-07-31,2026-07-27,2026-07-30,Medium,New,192000000.0,12000000,,final 424B4 explicit issuer-only THE OFFERING row,High,14-16,16.0,29.0,2026-09-18T20:00:00+00:00,"CAMBRIDGE, MA",SEC submissions metadata,2027-01-26,Tao,1865638.0,54103502.0,29850208.0,,,,,,Lock-up applies — covered quantity unresolved,"Holder class is supported, but the filing does not establish that the entire disclosed position is covered",False,True,Unknown,,4.68,6.7,4.68,,,1865638,,holder-mapped,2026-09-18,https://www.sec.gov/Archives/edgar/data/1745648/000119312526328422/0001193125-26-328422-index.htm
"Apnimed, Inc.",APMD,0001745648,0001193125-26-328422,424B4,Priced,2026-07-31,2026-07-27,2026-07-30,Medium,New,192000000.0,12000000,,final 424B4 explicit issuer-only THE OFFERING row,High,14-16,16.0,29.0,2026-09-18T20:00:00+00:00,"CAMBRIDGE, MA",SEC submissions metadata,2027-01-26,"Lawrence G. Miller, M.D.",2451036.0,71080044.0,39216576.0,,,,,,Lock-up applies — covered quantity unresolved,"Holder class is supported, but the filing does not establish that the entire disclosed position is covered",False,True,Individual,,5.86,8.22,5.86,,,2451036,,holder-mapped,2026-09-18,https://www.sec.gov/Archives/edgar/data/1745648/000119312526328422/0001193125-26-328422-index.htm
"Apnimed, Inc.",APMD,0001745648,0001193125-26-328422,424B4,Priced,2026-07-31,2026-07-27,2026-07-30,Medium,New,192000000.0,12000000,,final 424B4 explicit issuer-only THE OFFERING row,High,14-16,16.0,29.0,2026-09-18T20:00:00+00:00,"CAMBRIDGE, MA",SEC submissions metadata,2027-01-26,Dennis P. Molnar,664452.0,19269108.0,10631232.0,,,,,,Lock-up applies — covered quantity unresolved,"Holder class is supported, but the filing does not establish that the entire disclosed position is covered",False,True,Individual,,1.64,2.34,1.64,,,664452,,holder-mapped,2026-09-18,https://www.sec.gov/Archives/edgar/data/1745648/000119312526328422/0001193125-26-328422-index.htm
"Apnimed, Inc.",APMD,0001745648,0001193125-26-328422,424B4,Priced,2026-07-31,2026-07-27,2026-07-30,Medium,New,192000000.0,12000000,,final 424B4 explicit issuer-only THE OFFERING row,High,14-16,16.0,29.0,2026-09-18T20:00:00+00:00,"CAMBRIDGE, MA",SEC submissions metadata,2027-01-26,Ronald H. Farkas,502298.0,14566642.0,8036768.0,,,,,,Lock-up applies — covered quantity unresolved,"Holder class is supported, but the filing does not establish that the entire disclosed position is covered",False,True,Individual,,1.25,1.77,1.25,,,502298,,holder-mapped,2026-09-18,https://www.sec.gov/Archives/edgar/data/1745648/000119312526328422/0001193125-26-328422-index.htm
"Apnimed, Inc.",APMD,0001745648,0001193125-26-328422,424B4,Priced,2026-07-31,2026-07-27,2026-07-30,Medium,New,192000000.0,12000000,,final 424B4 explicit issuer-only THE OFFERING row,High,14-16,16.0,29.0,2026-09-18T20:00:00+00:00,"CAMBRIDGE, MA",SEC submissions metadata,2027-01-26,"Joseph Avellone, M.D.",155288.0,4503352.0,2484608.0,,,,,,Lock-up applies — covered quantity unresolved,"Holder class is supported, but the filing does not establish that the entire disclosed position is covered",False,True,Individual,,,,,,,155288,,holder-mapped,2026-09-18,https://www.sec.gov/Archives/edgar/data/1745648/000119312526328422/0001193125-26-328422-index.htm
"Apnimed, Inc.",APMD,0001745648,0001193125-26-328422,424B4,Priced,2026-07-31,2026-07-27,2026-07-30,Medium,New,192000000.0,12000000,,final 424B4 explicit issuer-only THE OFFERING row,High,14-16,16.0,29.0,2026-09-18T20:00:00+00:00,"CAMBRIDGE, MA",SEC submissions metadata,2027-01-26,Paul Fonteyne,35674.0,1034546.0,570784.0,,,,,,Lock-up applies — covered quantity unresolved,"Holder class is supported, but the filing does not establish that the entire disclosed position is covered",False,True,Individual,,,,,,,35674,,holder-mapped,2026-09-18,https://www.sec.gov/Archives/edgar/data/1745648/000119312526328422/0001193125-26-328422-index.htm
"Apnimed, Inc.",APMD,0001745648,0001193125-26-328422,424B4,Priced,2026-07-31,2026-07-27,2026-07-30,Medium,New,192000000.0,12000000,,final 424B4 explicit issuer-only THE OFFERING row,High,14-16,16.0,29.0,2026-09-18T20:00:00+00:00,"CAMBRIDGE, MA",SEC submissions metadata,2027-01-26,Gary Sender,22702.0,658358.0,363232.0,,,,,,Lock-up applies — covered quantity unresolved,"Holder class is supported, but the filing does not establish that the entire disclosed position is covered",False,True,Individual,,,,,,,22702,,holder-mapped,2026-09-18,https://www.sec.gov/Archives/edgar/data/1745648/000119312526328422/0001193125-26-328422-index.htm
"Apnimed, Inc.",APMD,0001745648,0001193125-26-328422,424B4,Priced,2026-07-31,2026-07-27,2026-07-30,Medium,New,192000000.0,12000000,,final 424B4 explicit issuer-only THE OFFERING row,High,14-16,16.0,29.0,2026-09-18T20:00:00+00:00,"CAMBRIDGE, MA",SEC submissions metadata,2027-01-26,Kevin R. Lind,27798.0,806142.0,444768.0,,,,,,Lock-up applies — covered quantity unresolved,"Holder class is supported, but the filing does not establish that the entire disclosed position is covered",True,True,Individual,,,,,,,27798,Confidence 5/5 — SEC 424B4 management biography confirms a degree from Stanford University. Source: https://www.sec.gov/Archives/edgar/data/1745648/000119312526328422/apmd_424b4.htm,holder-mapped,2026-09-18,https://www.sec.gov/Archives/edgar/data/1745648/000119312526328422/0001193125-26-328422-index.htm
Reformation Inc.,REF,0001787117,0001104659-26-088733,424B4,Priced,2026-07-30,2026-07-23,2026-07-29,Medium,New,210937500.0,9478821,4583679,final 424B4 THE OFFERING primary + secondary rows,High,15-17,15.0,14.63,2026-09-18T20:00:00+00:00,"VERNON, CA",SEC submissions metadata,2027-01-25,Entities affiliated with Permira,,,,,,,,,Lock-up applies — share quantity unavailable,"Filing supports holder lock-up coverage, but the share count is unavailable; locked and liquid quantities are not shown",False,True,Entity,,,,,,,,,holder-mapped,,https://www.sec.gov/Archives/edgar/data/1787117/000110465926088733/0001104659-26-088733-index.htm
Reformation Inc.,REF,0001787117,0001104659-26-088733,424B4,Priced,2026-07-30,2026-07-23,2026-07-29,Medium,New,210937500.0,9478821,4583679,final 424B4 THE OFFERING primary + secondary rows,High,15-17,15.0,14.63,2026-09-18T20:00:00+00:00,"VERNON, CA",SEC submissions metadata,2027-01-25,Aflalo Family Trust,,,,,,,,,Lock-up applies — share quantity unavailable,"Filing supports holder lock-up coverage, but the share count is unavailable; locked and liquid quantities are not shown",False,True,Trust,,,,,,,,,holder-mapped,,https://www.sec.gov/Archives/edgar/data/1787117/000110465926088733/0001104659-26-088733-index.htm
Reformation Inc.,REF,0001787117,0001104659-26-088733,424B4,Priced,2026-07-30,2026-07-23,2026-07-29,Medium,New,210937500.0,9478821,4583679,final 424B4 THE OFFERING primary + secondary rows,High,15-17,15.0,14.63,2026-09-18T20:00:00+00:00,"VERNON, CA",SEC submissions metadata,2027-01-25,Hali Borenstein,,,,,,,,,Lock-up applies — share quantity unavailable,"Filing supports holder lock-up coverage, but the share count is unavailable; locked and liquid quantities are not shown",True,True,Individual,,,,,,,,Confidence 5/5 — SEC 424B4 management biography confirms a degree from Stanford University. Source: https://www.sec.gov/Archives/edgar/data/1787117/000110465926088733/tm2513004-17_424b4.htm,holder-mapped,,https://www.sec.gov/Archives/edgar/data/1787117/000110465926088733/0001104659-26-088733-index.htm
Reformation Inc.,REF,0001787117,0001104659-26-088733,424B4,Priced,2026-07-30,2026-07-23,2026-07-29,Medium,New,210937500.0,9478821,4583679,final 424B4 THE OFFERING primary + secondary rows,High,15-17,15.0,14.63,2026-09-18T20:00:00+00:00,"VERNON, CA",SEC submissions metadata,2027-01-25,Ivan Tchakarov,,,,,,,,,Lock-up applies — share quantity unavailable,"Filing supports holder lock-up coverage, but the share count is unavailable; locked and liquid quantities are not shown",False,True,Individual,,,,,,,,,holder-mapped,,https://www.sec.gov/Archives/edgar/data/1787117/000110465926088733/0001104659-26-088733-index.htm
Reformation Inc.,REF,0001787117,0001104659-26-088733,424B4,Priced,2026-07-30,2026-07-23,2026-07-29,Medium,New,210937500.0,9478821,4583679,final 424B4 THE OFFERING primary + secondary rows,High,15-17,15.0,14.63,2026-09-18T20:00:00+00:00,"VERNON, CA",SEC submissions metadata,2027-01-25,Yael Aflalo,,,,,,,,,Lock-up applies — share quantity unavailable,"Filing supports holder lock-up coverage, but the share count is unavailable; locked and liquid quantities are not shown",False,True,Individual,,,,,,,,,holder-mapped,,https://www.sec.gov/Archives/edgar/data/1787117/000110465926088733/0001104659-26-088733-index.htm
Reformation Inc.,REF,0001787117,0001104659-26-088733,424B4,Priced,2026-07-30,2026-07-23,2026-07-29,Medium,New,210937500.0,9478821,4583679,final 424B4 THE OFFERING primary + secondary rows,High,15-17,15.0,14.63,2026-09-18T20:00:00+00:00,"VERNON, CA",SEC submissions metadata,2027-01-25,Zipporah Allen,,,,,,,,,Lock-up applies — share quantity unavailable,"Filing supports holder lock-up coverage, but the share count is unavailable; locked and liquid quantities are not shown",False,True,Individual,,,,,,,,,holder-mapped,,https://www.sec.gov/Archives/edgar/data/1787117/000110465926088733/0001104659-26-088733-index.htm
Reformation Inc.,REF,0001787117,0001104659-26-088733,424B4,Priced,2026-07-30,2026-07-23,2026-07-29,Medium,New,210937500.0,9478821,4583679,final 424B4 THE OFFERING primary + secondary rows,High,15-17,15.0,14.63,2026-09-18T20:00:00+00:00,"VERNON, CA",SEC submissions metadata,2027-01-25,John Coyle,,,,,,,,,Lock-up applies — share quantity unavailable,"Filing supports holder lock-up coverage, but the share count is unavailable; locked and liquid quantities are not shown",False,True,Individual,,,,,,,,,holder-mapped,,https://www.sec.gov/Archives/edgar/data/1787117/000110465926088733/0001104659-26-088733-index.htm
Reformation Inc.,REF,0001787117,0001104659-26-088733,424B4,Priced,2026-07-30,2026-07-23,2026-07-29,Medium,New,210937500.0,9478821,4583679,final 424B4 THE OFFERING primary + secondary rows,High,15-17,15.0,14.63,2026-09-18T20:00:00+00:00,"VERNON, CA",SEC submissions metadata,2027-01-25,Brigitte Kleine,,,,,,,,,Lock-up applies — share quantity unavailable,"Filing supports holder lock-up coverage, but the share count is unavailable; locked and liquid quantities are not shown",False,True,Individual,,,,,,,,,holder-mapped,,https://www.sec.gov/Archives/edgar/data/1787117/000110465926088733/0001104659-26-088733-index.htm
Reformation Inc.,REF,0001787117,0001104659-26-088733,424B4,Priced,2026-07-30,2026-07-23,2026-07-29,Medium,New,210937500.0,9478821,4583679,final 424B4 THE OFFERING primary + secondary rows,High,15-17,15.0,14.63,2026-09-18T20:00:00+00:00,"VERNON, CA",SEC submissions metadata,2027-01-25,"Stripes III, LP",,,,,,,,,Lock-up applies — share quantity unavailable,"Filing supports holder lock-up coverage, but the share count is unavailable; locked and liquid quantities are not shown",False,True,Fund,,,,,,,,,holder-mapped,,https://www.sec.gov/Archives/edgar/data/1787117/000110465926088733/0001104659-26-088733-index.htm
Reformation Inc.,REF,0001787117,0001104659-26-088733,424B4,Priced,2026-07-30,2026-07-23,2026-07-29,Medium,New,210937500.0,9478821,4583679,final 424B4 THE OFFERING primary + secondary rows,High,15-17,15.0,14.63,2026-09-18T20:00:00+00:00,"VERNON, CA",SEC submissions metadata,2027-01-25,Entities affiliated with Yael Aflalo,,,,,,,,,Lock-up applies — share quantity unavailable,"Filing supports holder lock-up coverage, but the share count is unavailable; locked and liquid quantities are not shown",False,True,Entity,,,,,,,,,holder-mapped,,https://www.sec.gov/Archives/edgar/data/1787117/000110465926088733/0001104659-26-088733-index.htm
"Scribe Therapeutics, Inc.",SCTX,0001853921,0001193125-26-316503,424B4,Priced,2026-07-27,2026-07-20,2026-07-23,Medium,New,128700000.0,8580000,,final 424B4 explicit issuer-only THE OFFERING row,High,13-15,15.0,33.0,2026-09-18T20:00:00+00:00,"ALAMEDA, CA",SEC submissions metadata,2027-01-19,"Benjamin L. Oakes, Ph.D.",660998.0,21812934.0,9914970.0,,,,,,Lock-up applies — covered quantity unresolved,"Holder class is supported, but the filing does not establish that the entire disclosed position is covered",False,True,Individual,,3.72,7.61,3.72,,,660998,,holder-mapped,2026-09-18,https://www.sec.gov/Archives/edgar/data/1853921/000119312526316503/0001193125-26-316503-index.htm
"Scribe Therapeutics, Inc.",SCTX,0001853921,0001193125-26-316503,424B4,Priced,2026-07-27,2026-07-20,2026-07-23,Medium,New,128700000.0,8580000,,final 424B4 explicit issuer-only THE OFFERING row,High,13-15,15.0,33.0,2026-09-18T20:00:00+00:00,"ALAMEDA, CA",SEC submissions metadata,2027-01-19,David L. Parrot,114860.0,3790380.0,1722900.0,,,,,,Lock-up applies — covered quantity unresolved,"Holder class is supported, but the filing does not establish that the entire disclosed position is covered",False,True,Individual,,,1.33,,,,114860,,holder-mapped,2026-09-18,https://www.sec.gov/Archives/edgar/data/1853921/000119312526316503/0001193125-26-316503-index.htm
"Scribe Therapeutics, Inc.",SCTX,0001853921,0001193125-26-316503,424B4,Priced,2026-07-27,2026-07-20,2026-07-23,Medium,New,128700000.0,8580000,,final 424B4 explicit issuer-only THE OFFERING row,High,13-15,15.0,33.0,2026-09-18T20:00:00+00:00,"ALAMEDA, CA",SEC submissions metadata,2027-01-19,"Svetlana Lucas, Ph.D.",114345.0,3773385.0,1715175.0,,,,,,Lock-up applies — covered quantity unresolved,"Holder class is supported, but the filing does not establish that the entire disclosed position is covered",False,True,Individual,,,1.33,,,,114345,,holder-mapped,2026-09-18,https://www.sec.gov/Archives/edgar/data/1853921/000119312526316503/0001193125-26-316503-index.htm
"Scribe Therapeutics, Inc.",SCTX,0001853921,0001193125-26-316503,424B4,Priced,2026-07-27,2026-07-20,2026-07-23,Medium,New,128700000.0,8580000,,final 424B4 explicit issuer-only THE OFFERING row,High,13-15,15.0,33.0,2026-09-18T20:00:00+00:00,"ALAMEDA, CA",SEC submissions metadata,2027-01-19,"Behzad Aghazadeh, Ph.D.",697650.0,,,,,,,,Lock-up applies — covered quantity unresolved,"Holder class is supported, but the filing does not establish that the entire disclosed position is covered",False,True,Individual,,3.96,8.18,3.96,,,697650,,holder-mapped,,https://www.sec.gov/Archives/edgar/data/1853921/000119312526316503/0001193125-26-316503-index.htm
"Scribe Therapeutics, Inc.",SCTX,0001853921,0001193125-26-316503,424B4,Priced,2026-07-27,2026-07-20,2026-07-23,Medium,New,128700000.0,8580000,,final 424B4 explicit issuer-only THE OFFERING row,High,13-15,15.0,33.0,2026-09-18T20:00:00+00:00,"ALAMEDA, CA",SEC submissions metadata,2027-01-19,"Carl L. Gordon, Ph.D., CFA",348825.0,,,,,,,,Lock-up applies — covered quantity unresolved,"Holder class is supported, but the filing does not establish that the entire disclosed position is covered",False,True,Individual,,1.98,4.09,1.98,,,348825,,holder-mapped,,https://www.sec.gov/Archives/edgar/data/1853921/000119312526316503/0001193125-26-316503-index.htm
"Scribe Therapeutics, Inc.",SCTX,0001853921,0001193125-26-316503,424B4,Priced,2026-07-27,2026-07-20,2026-07-23,Medium,New,128700000.0,8580000,,final 424B4 explicit issuer-only THE OFFERING row,High,13-15,15.0,33.0,2026-09-18T20:00:00+00:00,"ALAMEDA, CA",SEC submissions metadata,2027-01-19,Entities affiliated with Andreessen Horowitz,2749392.0,90729936.0,41240880.0,,,,,,Lock-up applies — covered quantity unresolved,"Holder class is supported, but the filing does not establish that the entire disclosed position is covered",False,True,Entity,,15.61,32.24,15.61,,,2749392,,holder-mapped,2026-09-18,https://www.sec.gov/Archives/edgar/data/1853921/000119312526316503/0001193125-26-316503-index.htm
"Scribe Therapeutics, Inc.",SCTX,0001853921,0001193125-26-316503,424B4,Priced,2026-07-27,2026-07-20,2026-07-23,Medium,New,128700000.0,8580000,,final 424B4 explicit issuer-only THE OFFERING row,High,13-15,15.0,33.0,2026-09-18T20:00:00+00:00,"ALAMEDA, CA",SEC submissions metadata,2027-01-19,Eli Lilly and Company,1054828.0,34809324.0,15822420.0,,,,,,Lock-up applies — covered quantity unresolved,"Holder class is supported, but the filing does not establish that the entire disclosed position is covered",False,True,Entity,,5.99,12.37,5.99,,,1054828,,holder-mapped,2026-09-18,https://www.sec.gov/Archives/edgar/data/1853921/000119312526316503/0001193125-26-316503-index.htm
"Scribe Therapeutics, Inc.",SCTX,0001853921,0001193125-26-316503,424B4,Priced,2026-07-27,2026-07-20,2026-07-23,Medium,New,128700000.0,8580000,,final 424B4 explicit issuer-only THE OFFERING row,High,13-15,15.0,33.0,2026-09-18T20:00:00+00:00,"ALAMEDA, CA",SEC submissions metadata,2027-01-19,Entities affiliated with Avoro Life Sciences Fund LLC,697650.0,23022450.0,10464750.0,,,,,,Lock-up applies — covered quantity unresolved,"Holder class is supported, but the filing does not establish that the entire disclosed position is covered",False,True,Entity,,3.96,8.18,3.96,,,697650,,holder-mapped,2026-09-18,https://www.sec.gov/Archives/edgar/data/1853921/000119312526316503/0001193125-26-316503-index.htm
"Scribe Therapeutics, Inc.",SCTX,0001853921,0001193125-26-316503,424B4,Priced,2026-07-27,2026-07-20,2026-07-23,Medium,New,128700000.0,8580000,,final 424B4 explicit issuer-only THE OFFERING row,High,13-15,15.0,33.0,2026-09-18T20:00:00+00:00,"ALAMEDA, CA",SEC submissions metadata,2027-01-19,Jennifer A. Doudna,603547.0,19917051.0,9053205.0,,,,,,Lock-up applies — covered quantity unresolved,"Holder class is supported, but the filing does not establish that the entire disclosed position is covered",False,True,Individual,,3.43,7.08,3.43,,,603547,,holder-mapped,2026-09-18,https://www.sec.gov/Archives/edgar/data/1853921/000119312526316503/0001193125-26-316503-index.htm
"Scribe Therapeutics, Inc.",SCTX,0001853921,0001193125-26-316503,424B4,Priced,2026-07-27,2026-07-20,2026-07-23,Medium,New,128700000.0,8580000,,final 424B4 explicit issuer-only THE OFFERING row,High,13-15,15.0,33.0,2026-09-18T20:00:00+00:00,"ALAMEDA, CA",SEC submissions metadata,2027-01-19,Brett T. Staahl,550056.0,18151848.0,8250840.0,,,,,,Lock-up applies — covered quantity unresolved,"Holder class is supported, but the filing does not establish that the entire disclosed position is covered",False,True,Individual,,3.1,6.34,3.1,,,550056,,holder-mapped,2026-09-18,https://www.sec.gov/Archives/edgar/data/1853921/000119312526316503/0001193125-26-316503-index.htm
"Standard Nuclear, Inc.",STDN,0002086716,0001213900-26-078747,424B4,Priced,2026-07-16,2026-07-15,2026-07-15,High,New,150000000.0,10000000,,final 424B4 explicit issuer-only THE OFFERING row,High,18-21,15.0,12.84,2026-09-18T20:00:00+00:00,"OAK RIDGE, TN",SEC submissions metadata,2027-01-11,Entities affiliated with Decisive Point Group,25313314.0,325022951.76,379699710.0,,,,,,Lock-up applies — covered quantity unresolved,"Holder class is supported, but the filing does not establish that the entire disclosed position is covered",False,True,Entity,,,,,25313314,,25313314,,holder-mapped,2026-09-18,https://www.sec.gov/Archives/edgar/data/2086716/000121390026078747/0001213900-26-078747-index.htm
"Standard Nuclear, Inc.",STDN,0002086716,0001213900-26-078747,424B4,Priced,2026-07-16,2026-07-15,2026-07-15,High,New,150000000.0,10000000,,final 424B4 explicit issuer-only THE OFFERING row,High,18-21,15.0,12.84,2026-09-18T20:00:00+00:00,"OAK RIDGE, TN",SEC submissions metadata,2027-01-11,"Larger Cross Partners I, LLC",10384978.0,133343117.52,155774670.0,,,,,,Lock-up applies — covered quantity unresolved,"Holder class is supported, but the filing does not establish that the entire disclosed position is covered",False,True,Fund,,,,,10384978,,10384978,,holder-mapped,2026-09-18,https://www.sec.gov/Archives/edgar/data/2086716/000121390026078747/0001213900-26-078747-index.htm
"Standard Nuclear, Inc.",STDN,0002086716,0001213900-26-078747,424B4,Priced,2026-07-16,2026-07-15,2026-07-15,High,New,150000000.0,10000000,,final 424B4 explicit issuer-only THE OFFERING row,High,18-21,15.0,12.84,2026-09-18T20:00:00+00:00,"OAK RIDGE, TN",SEC submissions metadata,2027-01-11,Standard Nuclear Trust,5824308.0,74784114.72,87364620.0,,,,,,Lock-up applies — covered quantity unresolved,"Holder class is supported, but the filing does not establish that the entire disclosed position is covered",False,True,Trust,,,,,5824308,,5824308,,holder-mapped,2026-09-18,https://www.sec.gov/Archives/edgar/data/2086716/000121390026078747/0001213900-26-078747-index.htm
"Standard Nuclear, Inc.",STDN,0002086716,0001213900-26-078747,424B4,Priced,2026-07-16,2026-07-15,2026-07-15,High,New,150000000.0,10000000,,final 424B4 explicit issuer-only THE OFFERING row,High,18-21,15.0,12.84,2026-09-18T20:00:00+00:00,"OAK RIDGE, TN",SEC submissions metadata,2027-01-11,Welara Capital Partners Series 3 LLC,20243094.0,259921326.96,303646410.0,,,,,,Lock-up applies — covered quantity unresolved,"Holder class is supported, but the filing does not establish that the entire disclosed position is covered",False,True,Fund,,,,,20243094,,20243094,,holder-mapped,2026-09-18,https://www.sec.gov/Archives/edgar/data/2086716/000121390026078747/0001213900-26-078747-index.htm
"Standard Nuclear, Inc.",STDN,0002086716,0001213900-26-078747,424B4,Priced,2026-07-16,2026-07-15,2026-07-15,High,New,150000000.0,10000000,,final 424B4 explicit issuer-only THE OFFERING row,High,18-21,15.0,12.84,2026-09-18T20:00:00+00:00,"OAK RIDGE, TN",SEC submissions metadata,2027-01-11,Entities affiliated with Fundomo,19877358.0,255225276.72,298160370.0,,,,,,Lock-up applies — covered quantity unresolved,"Holder class is supported, but the filing does not establish that the entire disclosed position is covered",False,True,Entity,,,,,19877358,,19877358,,holder-mapped,2026-09-18,https://www.sec.gov/Archives/edgar/data/2086716/000121390026078747/0001213900-26-078747-index.htm
"Standard Nuclear, Inc.",STDN,0002086716,0001213900-26-078747,424B4,Priced,2026-07-16,2026-07-15,2026-07-15,High,New,150000000.0,10000000,,final 424B4 explicit issuer-only THE OFFERING row,High,18-21,15.0,12.84,2026-09-18T20:00:00+00:00,"OAK RIDGE, TN",SEC submissions metadata,2027-01-11,Washington Harbour Triso LLC,8562170.0,109938262.8,128432550.0,,,,,,Lock-up applies — covered quantity unresolved,"Holder class is supported, but the filing does not establish that the entire disclosed position is covered",False,True,Entity,,,,,8562170,,8562170,,holder-mapped,2026-09-18,https://www.sec.gov/Archives/edgar/data/2086716/000121390026078747/0001213900-26-078747-index.htm
"Standard Nuclear, Inc.",STDN,0002086716,0001213900-26-078747,424B4,Priced,2026-07-16,2026-07-15,2026-07-15,High,New,150000000.0,10000000,,final 424B4 explicit issuer-only THE OFFERING row,High,18-21,15.0,12.84,2026-09-18T20:00:00+00:00,"OAK RIDGE, TN",SEC submissions metadata,2027-01-11,Kurt Terrani,3615084.0,46417678.56,54226260.0,,,,,,Lock-up applies — covered quantity unresolved,"Holder class is supported, but the filing does not establish that the entire disclosed position is covered",False,True,Individual,,,,,3615084,,3615084,,holder-mapped,2026-09-18,https://www.sec.gov/Archives/edgar/data/2086716/000121390026078747/0001213900-26-078747-index.htm
"Standard Nuclear, Inc.",STDN,0002086716,0001213900-26-078747,424B4,Priced,2026-07-16,2026-07-15,2026-07-15,High,New,150000000.0,10000000,,final 424B4 explicit issuer-only THE OFFERING row,High,18-21,15.0,12.84,2026-09-18T20:00:00+00:00,"OAK RIDGE, TN",SEC submissions metadata,2027-01-11,Keeley Marrocco,3076034.0,39496276.56,46140510.0,,,,,,Lock-up applies — covered quantity unresolved,"Holder class is supported, but the filing does not establish that the entire disclosed position is covered",False,True,Individual,,,,,3076034,,3076034,,holder-mapped,2026-09-18,https://www.sec.gov/Archives/edgar/data/2086716/000121390026078747/0001213900-26-078747-index.htm
"Standard Nuclear, Inc.",STDN,0002086716,0001213900-26-078747,424B4,Priced,2026-07-16,2026-07-15,2026-07-15,High,New,150000000.0,10000000,,final 424B4 explicit issuer-only THE OFFERING row,High,18-21,15.0,12.84,2026-09-18T20:00:00+00:00,"OAK RIDGE, TN",SEC submissions metadata,2027-01-11,Thomas Hendrix,11578308.0,148665474.72,173674620.0,,,,,,Lock-up applies — covered quantity unresolved,"Holder class is supported, but the filing does not establish that the entire disclosed position is covered",False,True,Individual,,,,,11578308,,11578308,,holder-mapped,2026-09-18,https://www.sec.gov/Archives/edgar/data/2086716/000121390026078747/0001213900-26-078747-index.htm
"Standard Nuclear, Inc.",STDN,0002086716,0001213900-26-078747,424B4,Priced,2026-07-16,2026-07-15,2026-07-15,High,New,150000000.0,10000000,,final 424B4 explicit issuer-only THE OFFERING row,High,18-21,15.0,12.84,2026-09-18T20:00:00+00:00,"OAK RIDGE, TN",SEC submissions metadata,2027-01-11,Alexander Matina,79165.0,1016478.6,1187475.0,,,,,,Lock-up applies — covered quantity unresolved,"Holder class is supported, but the filing does not establish that the entire disclosed position is covered",False,True,Individual,,,,,79165,,79165,,holder-mapped,2026-09-18,https://www.sec.gov/Archives/edgar/data/2086716/000121390026078747/0001213900-26-078747-index.htm
"Csquare, Inc.",CSQR,0002105398,0001104659-26-084293,424B4,Priced,2026-07-16,2026-07-06,2026-07-15,High,New,1050000000.0,50000000,,final 424B4 explicit issuer-only THE OFFERING row,High,23-27,21.0,17.97,2026-09-18T20:00:00+00:00,"Coppell, TX",S-1 principal executive office,2027-01-11,Brookfield,106887373.0,1920766092.81,2244634833.0,,,,,,Lock-up applies — covered quantity unresolved,"Holder class is supported, but the filing does not establish that the entire disclosed position is covered",False,True,Entity,,69.0,100.0,69.0,103887373,,106887373,,holder-mapped,2026-09-18,https://www.sec.gov/Archives/edgar/data/2105398/000110465926084293/0001104659-26-084293-index.htm
"Csquare, Inc.",CSQR,0002105398,0001104659-26-084293,424B4,Priced,2026-07-16,2026-07-06,2026-07-15,High,New,1050000000.0,50000000,,final 424B4 explicit issuer-only THE OFFERING row,High,23-27,21.0,17.97,2026-09-18T20:00:00+00:00,"Coppell, TX",S-1 principal executive office,2027-01-11,Spencer Mullee,714285.0,12835701.45,14999985.0,,,,,,Lock-up applies — covered quantity unresolved,"Holder class is supported, but the filing does not establish that the entire disclosed position is covered",False,True,Individual,,,,,,,714285,,holder-mapped,2026-09-18,https://www.sec.gov/Archives/edgar/data/2105398/000110465926084293/0001104659-26-084293-index.htm
"Csquare, Inc.",CSQR,0002105398,0001104659-26-084293,424B4,Priced,2026-07-16,2026-07-06,2026-07-15,High,New,1050000000.0,50000000,,final 424B4 explicit issuer-only THE OFFERING row,High,23-27,21.0,17.97,2026-09-18T20:00:00+00:00,"Coppell, TX",S-1 principal executive office,2027-01-11,Steven Cook,95238.0,1711426.86,1999998.0,,,,,,Lock-up applies — covered quantity unresolved,"Holder class is supported, but the filing does not establish that the entire disclosed position is covered",False,True,Individual,,,,,,,95238,,holder-mapped,2026-09-18,https://www.sec.gov/Archives/edgar/data/2105398/000110465926084293/0001104659-26-084293-index.htm
"Csquare, Inc.",CSQR,0002105398,0001104659-26-084293,424B4,Priced,2026-07-16,2026-07-06,2026-07-15,High,New,1050000000.0,50000000,,final 424B4 explicit issuer-only THE OFFERING row,High,23-27,21.0,17.97,2026-09-18T20:00:00+00:00,"Coppell, TX",S-1 principal executive office,2027-01-11,Catherine Smith,104761.0,1882555.17,2199981.0,,,,,,Lock-up applies — covered quantity unresolved,"Holder class is supported, but the filing does not establish that the entire disclosed position is covered",False,True,Individual,,,,,,,104761,,holder-mapped,2026-09-18,https://www.sec.gov/Archives/edgar/data/2105398/000110465926084293/0001104659-26-084293-index.htm
"Csquare, Inc.",CSQR,0002105398,0001104659-26-084293,424B4,Priced,2026-07-16,2026-07-06,2026-07-15,High,New,1050000000.0,50000000,,final 424B4 explicit issuer-only THE OFFERING row,High,23-27,21.0,17.97,2026-09-18T20:00:00+00:00,"Coppell, TX",S-1 principal executive office,2027-01-11,Sean Charnock,66666.0,1197988.02,1399986.0,,,,,,Lock-up applies — covered quantity unresolved,"Holder class is supported, but the filing does not establish that the entire disclosed position is covered",False,True,Individual,,,,,,,66666,,holder-mapped,2026-09-18,https://www.sec.gov/Archives/edgar/data/2105398/000110465926084293/0001104659-26-084293-index.htm
"Neutron Holdings, Inc.",LIME,0001699963,0001628280-26-046635,424B4,Priced,2026-07-02,2026-06-22,2026-06-30,High,New,173913050.0,6679791,276731,final 424B4 THE OFFERING primary + secondary rows,High,24-26,25.0,30.94,2026-09-18T20:00:00+00:00,"SAN FRANCISCO, CA",SEC submissions metadata,2026-12-07,Wayne Ting,1216341.0,37633590.54,30408525.0,,,,,,Liquidity not classified — holder-specific lock-up not established,"The filing supports the disclosed holding, but does not support a holder-specific lock-up allocation; liquid and locked quantities are not shown",False,True,Individual,,1.9,2.2,1.9,1315456,,1216341,,filing-level-unmapped,2026-09-18,https://www.sec.gov/Archives/edgar/data/1699963/000162828026046635/0001628280-26-046635-index.htm
"Neutron Holdings, Inc.",LIME,0001699963,0001628280-26-046635,424B4,Priced,2026-07-02,2026-06-22,2026-06-30,High,New,173913050.0,6679791,276731,final 424B4 THE OFFERING primary + secondary rows,High,24-26,25.0,30.94,2026-09-18T20:00:00+00:00,"SAN FRANCISCO, CA",SEC submissions metadata,2026-12-07,Joseph Kraus,507570.0,15704215.8,12689250.0,,,,,,Liquidity not classified — holder-specific lock-up not established,"The filing supports the disclosed holding, but does not support a holder-specific lock-up allocation; liquid and locked quantities are not shown",True,True,Individual,,,,,554707,,507570,Confidence 5/5 — SEC 424B4 management biography confirms a degree from Stanford University. Source: https://www.sec.gov/Archives/edgar/data/1699963/000162828026046635/neutronholdingsinc-424b4.htm,filing-level-unmapped,2026-09-18,https://www.sec.gov/Archives/edgar/data/1699963/000162828026046635/0001628280-26-046635-index.htm
"Neutron Holdings, Inc.",LIME,0001699963,0001628280-26-046635,424B4,Priced,2026-07-02,2026-06-22,2026-06-30,High,New,173913050.0,6679791,276731,final 424B4 THE OFFERING primary + secondary rows,High,24-26,25.0,30.94,2026-09-18T20:00:00+00:00,"SAN FRANCISCO, CA",SEC submissions metadata,2026-12-07,Ann Gugino,224616.0,6949619.04,5615400.0,,,,,,Liquidity not classified — holder-specific lock-up not established,"The filing supports the disclosed holding, but does not support a holder-specific lock-up allocation; liquid and locked quantities are not shown",False,True,Individual,,,,,224616,,224616,,filing-level-unmapped,2026-09-18,https://www.sec.gov/Archives/edgar/data/1699963/000162828026046635/0001628280-26-046635-index.htm
"Neutron Holdings, Inc.",LIME,0001699963,0001628280-26-046635,424B4,Priced,2026-07-02,2026-06-22,2026-06-30,High,New,173913050.0,6679791,276731,final 424B4 THE OFFERING primary + secondary rows,High,24-26,25.0,30.94,2026-09-18T20:00:00+00:00,"SAN FRANCISCO, CA",SEC submissions metadata,2026-12-07,Zhoujia Brad Bao,931934.0,28834037.96,23298350.0,,,,,,Liquidity not classified — holder-specific lock-up not established,"The filing supports the disclosed holding, but does not support a holder-specific lock-up allocation; liquid and locked quantities are not shown",False,True,Individual,,1.5,1.7,1.5,1005331,,931934,,filing-level-unmapped,2026-09-18,https://www.sec.gov/Archives/edgar/data/1699963/000162828026046635/0001628280-26-046635-index.htm
"Neutron Holdings, Inc.",LIME,0001699963,0001628280-26-046635,424B4,Priced,2026-07-02,2026-06-22,2026-06-30,High,New,173913050.0,6679791,276731,final 424B4 THE OFFERING primary + secondary rows,High,24-26,25.0,30.94,2026-09-18T20:00:00+00:00,"SAN FRANCISCO, CA",SEC submissions metadata,2026-12-07,Uber,14021438.0,433823291.72,350535950.0,,,,,,Staggered lock-up — tranche quantities unresolved,"Lock-up schedule found, but the filing does not support a complete quantitative allocation",False,True,Entity,,21.9,24.4,21.9,14021438,,14021438,,holder-mapped,2026-09-18,https://www.sec.gov/Archives/edgar/data/1699963/000162828026046635/0001628280-26-046635-index.htm
"Neutron Holdings, Inc.",LIME,0001699963,0001628280-26-046635,424B4,Priced,2026-07-02,2026-06-22,2026-06-30,High,New,173913050.0,6679791,276731,final 424B4 THE OFFERING primary + secondary rows,High,24-26,25.0,30.94,2026-09-18T20:00:00+00:00,"SAN FRANCISCO, CA",SEC submissions metadata,2026-12-07,Entities affiliated with Andreessen Horowitz,2872018.0,88860236.92,71800450.0,,,,,,Liquidity not classified — holder-specific lock-up not established,"The filing supports the disclosed holding, but does not support a holder-specific lock-up allocation; liquid and locked quantities are not shown",False,True,Entity,,4.5,5.0,4.5,2872018,,2872018,,filing-level-unmapped,2026-09-18,https://www.sec.gov/Archives/edgar/data/1699963/000162828026046635/0001628280-26-046635-index.htm
"Neutron Holdings, Inc.",LIME,0001699963,0001628280-26-046635,424B4,Priced,2026-07-02,2026-06-22,2026-06-30,High,New,173913050.0,6679791,276731,final 424B4 THE OFFERING primary + secondary rows,High,24-26,25.0,30.94,2026-09-18T20:00:00+00:00,"SAN FRANCISCO, CA",SEC submissions metadata,2026-12-07,Entities affiliated with Fidelity,6621407.0,204866332.58,165535175.0,,,,,,Liquidity not classified — holder-specific lock-up not established,"The filing supports the disclosed holding, but does not support a holder-specific lock-up allocation; liquid and locked quantities are not shown",False,True,Entity,,10.3,11.5,10.3,6621407,,6621407,,filing-level-unmapped,2026-09-18,https://www.sec.gov/Archives/edgar/data/1699963/000162828026046635/0001628280-26-046635-index.htm
"Neutron Holdings, Inc.",LIME,0001699963,0001628280-26-046635,424B4,Priced,2026-07-02,2026-06-22,2026-06-30,High,New,173913050.0,6679791,276731,final 424B4 THE OFFERING primary + secondary rows,High,24-26,25.0,30.94,2026-09-18T20:00:00+00:00,"SAN FRANCISCO, CA",SEC submissions metadata,2026-12-07,Entities affiliated with Sapphire,9751385.0,301707851.9,243784625.0,,,,,,Liquidity not classified — holder-specific lock-up not established,"The filing supports the disclosed holding, but does not support a holder-specific lock-up allocation; liquid and locked quantities are not shown",False,True,Entity,,15.2,17.0,15.2,9751385,,9751385,,filing-level-unmapped,2026-09-18,https://www.sec.gov/Archives/edgar/data/1699963/000162828026046635/0001628280-26-046635-index.htm
"ITG, Inc.",ITG,0002110117,0001193125-26-292853,424B4,Priced,2026-07-02,2026-06-26,2026-06-30,High,New,312195136.0,19512196,,final 424B4 explicit issuer-only THE OFFERING row,High,19-22,16.0,12.65,2026-09-18T20:00:00+00:00,"Fort Lauderdale, FL",S-1 principal executive office,2026-12-27,"OCM Power VI AIV Holdings (Delaware), L.P",26005508.0,328969676.2,416088128.0,,,,,,Lock-up applies — covered quantity unresolved,"Holder class is supported, but the filing does not establish that the entire disclosed position is covered",False,True,Fund,,,,,,,26005508,,holder-mapped,2026-09-18,https://www.sec.gov/Archives/edgar/data/2110117/000119312526292853/0001193125-26-292853-index.htm
"ITG, Inc.",ITG,0002110117,0001193125-26-292853,424B4,Priced,2026-07-02,2026-06-26,2026-06-30,High,New,312195136.0,19512196,,final 424B4 explicit issuer-only THE OFFERING row,High,19-22,16.0,12.65,2026-09-18T20:00:00+00:00,"Fort Lauderdale, FL",S-1 principal executive office,2026-12-27,OCM ITG Aggregator LLC,31880101.0,403283277.65,510081616.0,,,,,,Lock-up applies — covered quantity unresolved,"Holder class is supported, but the filing does not establish that the entire disclosed position is covered",False,True,Entity,,,,,,,31880101,,holder-mapped,2026-09-18,https://www.sec.gov/Archives/edgar/data/2110117/000119312526292853/0001193125-26-292853-index.htm
"ITG, Inc.",ITG,0002110117,0001193125-26-292853,424B4,Priced,2026-07-02,2026-06-26,2026-06-30,High,New,312195136.0,19512196,,final 424B4 explicit issuer-only THE OFFERING row,High,19-22,16.0,12.65,2026-09-18T20:00:00+00:00,"Fort Lauderdale, FL",S-1 principal executive office,2026-12-27,"ITG Management Holdings, LLC",43832585.0,554482200.25,701321360.0,,,,,,Lock-up applies — covered quantity unresolved,"Holder class is supported, but the filing does not establish that the entire disclosed position is covered",False,True,Entity,,,,,,,43832585,,holder-mapped,2026-09-18,https://www.sec.gov/Archives/edgar/data/2110117/000119312526292853/0001193125-26-292853-index.htm
"ITG, Inc.",ITG,0002110117,0001193125-26-292853,424B4,Priced,2026-07-02,2026-06-26,2026-06-30,High,New,312195136.0,19512196,,final 424B4 explicit issuer-only THE OFFERING row,High,19-22,16.0,12.65,2026-09-18T20:00:00+00:00,"Fort Lauderdale, FL",S-1 principal executive office,2026-12-27,Christopher Perkins,7224996.0,91396199.4,115599936.0,,,,,,Lock-up applies — covered quantity unresolved,"Holder class is supported, but the filing does not establish that the entire disclosed position is covered",False,True,Individual,,,,,,,7224996,,holder-mapped,2026-09-18,https://www.sec.gov/Archives/edgar/data/2110117/000119312526292853/0001193125-26-292853-index.htm
"ITG, Inc.",ITG,0002110117,0001193125-26-292853,424B4,Priced,2026-07-02,2026-06-26,2026-06-30,High,New,312195136.0,19512196,,final 424B4 explicit issuer-only THE OFFERING row,High,19-22,16.0,12.65,2026-09-18T20:00:00+00:00,"Fort Lauderdale, FL",S-1 principal executive office,2026-12-27,Andrew D. Parrott,15625.0,197656.25,250000.0,,,,,,Lock-up applies — covered quantity unresolved,"Holder class is supported, but the filing does not establish that the entire disclosed position is covered",False,True,Individual,,,,,,,15625,,holder-mapped,2026-09-18,https://www.sec.gov/Archives/edgar/data/2110117/000119312526292853/0001193125-26-292853-index.htm
"ITG, Inc.",ITG,0002110117,0001193125-26-292853,424B4,Priced,2026-07-02,2026-06-26,2026-06-30,High,New,312195136.0,19512196,,final 424B4 explicit issuer-only THE OFFERING row,High,19-22,16.0,12.65,2026-09-18T20:00:00+00:00,"Fort Lauderdale, FL",S-1 principal executive office,2026-12-27,Christopher H. Mecray,5000.0,63250.0,80000.0,,,,,,Lock-up applies — covered quantity unresolved,"Holder class is supported, but the filing does not establish that the entire disclosed position is covered",False,True,Individual,,,,,,,5000,,holder-mapped,2026-09-18,https://www.sec.gov/Archives/edgar/data/2110117/000119312526292853/0001193125-26-292853-index.htm
"ITG, Inc.",ITG,0002110117,0001193125-26-292853,424B4,Priced,2026-07-02,2026-06-26,2026-06-30,High,New,312195136.0,19512196,,final 424B4 explicit issuer-only THE OFFERING row,High,19-22,16.0,12.65,2026-09-18T20:00:00+00:00,"Fort Lauderdale, FL",S-1 principal executive office,2026-12-27,Michael G. Brooks,12234217.0,154762845.05,195747472.0,,,,,,Lock-up applies — covered quantity unresolved,"Holder class is supported, but the filing does not establish that the entire disclosed position is covered",False,True,Individual,,,,,,,12234217,,holder-mapped,2026-09-18,https://www.sec.gov/Archives/edgar/data/2110117/000119312526292853/0001193125-26-292853-index.htm
"ITG, Inc.",ITG,0002110117,0001193125-26-292853,424B4,Priced,2026-07-02,2026-06-26,2026-06-30,High,New,312195136.0,19512196,,final 424B4 explicit issuer-only THE OFFERING row,High,19-22,16.0,12.65,2026-09-18T20:00:00+00:00,"Fort Lauderdale, FL",S-1 principal executive office,2026-12-27,Guilherme Elias,1507875.0,19074618.75,24126000.0,,,,,,Lock-up applies — covered quantity unresolved,"Holder class is supported, but the filing does not establish that the entire disclosed position is covered",False,True,Individual,,,,,,,1507875,,holder-mapped,2026-09-18,https://www.sec.gov/Archives/edgar/data/2110117/000119312526292853/0001193125-26-292853-index.htm
"ITG, Inc.",ITG,0002110117,0001193125-26-292853,424B4,Priced,2026-07-02,2026-06-26,2026-06-30,High,New,312195136.0,19512196,,final 424B4 explicit issuer-only THE OFFERING row,High,19-22,16.0,12.65,2026-09-18T20:00:00+00:00,"Fort Lauderdale, FL",S-1 principal executive office,2026-12-27,Peter A. Giacalone,11408973.0,144323508.45,182543568.0,,,,,,Lock-up applies — covered quantity unresolved,"Holder class is supported, but the filing does not establish that the entire disclosed position is covered",False,True,Individual,,,,,,,11408973,,holder-mapped,2026-09-18,https://www.sec.gov/Archives/edgar/data/2110117/000119312526292853/0001193125-26-292853-index.htm
"ITG, Inc.",ITG,0002110117,0001193125-26-292853,424B4,Priced,2026-07-02,2026-06-26,2026-06-30,High,New,312195136.0,19512196,,final 424B4 explicit issuer-only THE OFFERING row,High,19-22,16.0,12.65,2026-09-18T20:00:00+00:00,"Fort Lauderdale, FL",S-1 principal executive office,2026-12-27,William G. LaPerch,215744.0,2729161.6,3451904.0,,,,,,Lock-up applies — covered quantity unresolved,"Holder class is supported, but the filing does not establish that the entire disclosed position is covered",False,True,Individual,,,,,,,215744,,holder-mapped,2026-09-18,https://www.sec.gov/Archives/edgar/data/2110117/000119312526292853/0001193125-26-292853-index.htm
"ITG, Inc.",ITG,0002110117,0001193125-26-292853,424B4,Priced,2026-07-02,2026-06-26,2026-06-30,High,New,312195136.0,19512196,,final 424B4 explicit issuer-only THE OFFERING row,High,19-22,16.0,12.65,2026-09-18T20:00:00+00:00,"Fort Lauderdale, FL",S-1 principal executive office,2026-12-27,Joel Rivas,367714.0,4651582.1,5883424.0,,,,,,Lock-up applies — covered quantity unresolved,"Holder class is supported, but the filing does not establish that the entire disclosed position is covered",False,True,Individual,,,,,,,367714,,holder-mapped,2026-09-18,https://www.sec.gov/Archives/edgar/data/2110117/000119312526292853/0001193125-26-292853-index.htm
"Kardigan, Inc.",KARD,0002123613,0001193125-26-276096,424B4,Priced,2026-06-18,2026-06-11,2026-06-17,Medium,New,400000000.0,25000000,,cover share title; explicit issuer-only cover statement matches total; authoritative final 424B4 aggregate IPO price table; explicit issuer offering statement in final 424B4,High,14-16,16.0,16.64,2026-09-18T20:00:00+00:00,"Princeton, NJ",424B4 principal executive office,2026-12-14,Entities affiliated with ARCH,14668075.0,244076768.0,234689200.0,,,,,,Lock-up applies — covered quantity unresolved,"Holder class is supported, but the filing does not establish that the entire disclosed position is covered",False,True,Entity,,16.5,22.4,16.5,,,14668075,,holder-mapped,2026-09-18,https://www.sec.gov/Archives/edgar/data/2123613/000119312526276096/0001193125-26-276096-index.htm
"Kardigan, Inc.",KARD,0002123613,0001193125-26-276096,424B4,Priced,2026-06-18,2026-06-11,2026-06-17,Medium,New,400000000.0,25000000,,cover share title; explicit issuer-only cover statement matches total; authoritative final 424B4 aggregate IPO price table; explicit issuer offering statement in final 424B4,High,14-16,16.0,16.64,2026-09-18T20:00:00+00:00,"Princeton, NJ",424B4 principal executive office,2026-12-14,Entities affiliated with HRTG Partners,14688074.0,244409551.36,235009184.0,,,,,,Lock-up applies — covered quantity unresolved,"Holder class is supported, but the filing does not establish that the entire disclosed position is covered",False,True,Entity,,16.6,22.4,16.6,,,14688074,,holder-mapped,2026-09-18,https://www.sec.gov/Archives/edgar/data/2123613/000119312526276096/0001193125-26-276096-index.htm
"Kardigan, Inc.",KARD,0002123613,0001193125-26-276096,424B4,Priced,2026-06-18,2026-06-11,2026-06-17,Medium,New,400000000.0,25000000,,cover share title; explicit issuer-only cover statement matches total; authoritative final 424B4 aggregate IPO price table; explicit issuer offering statement in final 424B4,High,14-16,16.0,16.64,2026-09-18T20:00:00+00:00,"Princeton, NJ",424B4 principal executive office,2026-12-14,Entities affiliated with Perceptive,8200661.0,136458999.04,131210576.0,,,,,,Lock-up applies — covered quantity unresolved,"Holder class is supported, but the filing does not establish that the entire disclosed position is covered",False,True,Entity,,9.3,12.7,9.3,,,8200661,,holder-mapped,2026-09-18,https://www.sec.gov/Archives/edgar/data/2123613/000119312526276096/0001193125-26-276096-index.htm
"Kardigan, Inc.",KARD,0002123613,0001193125-26-276096,424B4,Priced,2026-06-18,2026-06-11,2026-06-17,Medium,New,400000000.0,25000000,,cover share title; explicit issuer-only cover statement matches total; authoritative final 424B4 aggregate IPO price table; explicit issuer offering statement in final 424B4,High,14-16,16.0,16.64,2026-09-18T20:00:00+00:00,"Princeton, NJ",424B4 principal executive office,2026-12-14,Entities affiliated with Fidelity,4473086.0,74432151.04,71569376.0,,,,,,Lock-up applies — covered quantity unresolved,"Holder class is supported, but the filing does not establish that the entire disclosed position is covered",False,True,Entity,,5.1,6.9,5.1,,,4473086,,holder-mapped,2026-09-18,https://www.sec.gov/Archives/edgar/data/2123613/000119312526276096/0001193125-26-276096-index.htm
"Kardigan, Inc.",KARD,0002123613,0001193125-26-276096,424B4,Priced,2026-06-18,2026-06-11,2026-06-17,Medium,New,400000000.0,25000000,,cover share title; explicit issuer-only cover statement matches total; authoritative final 424B4 aggregate IPO price table; explicit issuer offering statement in final 424B4,High,14-16,16.0,16.64,2026-09-18T20:00:00+00:00,"Princeton, NJ",424B4 principal executive office,2026-12-14,"Tassos Gianakakos, Chief Executive Officer, Director, and Chair",9806633.0,163182373.12,156906128.0,,,,,,Lock-up applies — covered quantity unresolved,"Holder class is supported, but the filing does not establish that the entire disclosed position is covered",False,True,Individual,"Chief Executive Officer, Director, and Chair",11.2,15.2,11.2,,,9806633,,holder-mapped,2026-09-18,https://www.sec.gov/Archives/edgar/data/2123613/000119312526276096/0001193125-26-276096-index.htm
"Kardigan, Inc.",KARD,0002123613,0001193125-26-276096,424B4,Priced,2026-06-18,2026-06-11,2026-06-17,Medium,New,400000000.0,25000000,,cover share title; explicit issuer-only cover statement matches total; authoritative final 424B4 aggregate IPO price table; explicit issuer offering statement in final 424B4,High,14-16,16.0,16.64,2026-09-18T20:00:00+00:00,"Princeton, NJ",424B4 principal executive office,2026-12-14,"Jay Edelberg, M.D., Ph.D., Chief Medical Officer",4599237.0,76531303.68,73587792.0,,,,,,Lock-up applies — covered quantity unresolved,"Holder class is supported, but the filing does not establish that the entire disclosed position is covered",False,True,Individual,Chief Medical Officer,5.2,7.1,5.2,,,4599237,,holder-mapped,2026-09-18,https://www.sec.gov/Archives/edgar/data/2123613/000119312526276096/0001193125-26-276096-index.htm
"Kardigan, Inc.",KARD,0002123613,0001193125-26-276096,424B4,Priced,2026-06-18,2026-06-11,2026-06-17,Medium,New,400000000.0,25000000,,cover share title; explicit issuer-only cover statement matches total; authoritative final 424B4 aggregate IPO price table; explicit issuer offering statement in final 424B4,High,14-16,16.0,16.64,2026-09-18T20:00:00+00:00,"Princeton, NJ",424B4 principal executive office,2026-12-14,"Brianne Puglisi, Chief Financial Officer",184718.0,3073707.52,2955488.0,,,,,,Lock-up applies — covered quantity unresolved,"Holder class is supported, but the filing does not establish that the entire disclosed position is covered",False,True,Individual,Chief Financial Officer,,,,,,184718,,holder-mapped,2026-09-18,https://www.sec.gov/Archives/edgar/data/2123613/000119312526276096/0001193125-26-276096-index.htm
"Kardigan, Inc.",KARD,0002123613,0001193125-26-276096,424B4,Priced,2026-06-18,2026-06-11,2026-06-17,Medium,New,400000000.0,25000000,,cover share title; explicit issuer-only cover statement matches total; authoritative final 424B4 aggregate IPO price table; explicit issuer offering statement in final 424B4,High,14-16,16.0,16.64,2026-09-18T20:00:00+00:00,"Princeton, NJ",424B4 principal executive office,2026-12-14,"Andy Pasternak, Chief Strategy Officer",31339.0,521480.96,501424.0,,,,,,Lock-up applies — covered quantity unresolved,"Holder class is supported, but the filing does not establish that the entire disclosed position is covered",False,True,Individual,Chief Strategy Officer,,,,,,31339,,holder-mapped,2026-09-18,https://www.sec.gov/Archives/edgar/data/2123613/000119312526276096/0001193125-26-276096-index.htm
"Kardigan, Inc.",KARD,0002123613,0001193125-26-276096,424B4,Priced,2026-06-18,2026-06-11,2026-06-17,Medium,New,400000000.0,25000000,,cover share title; explicit issuer-only cover statement matches total; authoritative final 424B4 aggregate IPO price table; explicit issuer offering statement in final 424B4,High,14-16,16.0,16.64,2026-09-18T20:00:00+00:00,"Princeton, NJ",424B4 principal executive office,2026-12-14,Paul Berns,53483.0,889957.12,855728.0,,,,,,Lock-up applies — covered quantity unresolved,"Holder class is supported, but the filing does not establish that the entire disclosed position is covered",False,True,Individual,,,,,,,53483,,holder-mapped,2026-09-18,https://www.sec.gov/Archives/edgar/data/2123613/000119312526276096/0001193125-26-276096-index.htm
"Kardigan, Inc.",KARD,0002123613,0001193125-26-276096,424B4,Priced,2026-06-18,2026-06-11,2026-06-17,Medium,New,400000000.0,25000000,,cover share title; explicit issuer-only cover statement matches total; authoritative final 424B4 aggregate IPO price table; explicit issuer offering statement in final 424B4,High,14-16,16.0,16.64,2026-09-18T20:00:00+00:00,"Princeton, NJ",424B4 principal executive office,2026-12-14,"David Meeker, M.D.",37358.0,621637.12,597728.0,,,,,,Lock-up applies — covered quantity unresolved,"Holder class is supported, but the filing does not establish that the entire disclosed position is covered",False,True,Individual,,,,,,,37358,,holder-mapped,2026-09-18,https://www.sec.gov/Archives/edgar/data/2123613/000119312526276096/0001193125-26-276096-index.htm
"Kardigan, Inc.",KARD,0002123613,0001193125-26-276096,424B4,Priced,2026-06-18,2026-06-11,2026-06-17,Medium,New,400000000.0,25000000,,cover share title; explicit issuer-only cover statement matches total; authoritative final 424B4 aggregate IPO price table; explicit issuer offering statement in final 424B4,High,14-16,16.0,16.64,2026-09-18T20:00:00+00:00,"Princeton, NJ",424B4 principal executive office,2026-12-14,Douglas Giordano,53483.0,889957.12,855728.0,,,,,,Lock-up applies — covered quantity unresolved,"Holder class is supported, but the filing does not establish that the entire disclosed position is covered",False,True,Individual,,,,,,,53483,,holder-mapped,2026-09-18,https://www.sec.gov/Archives/edgar/data/2123613/000119312526276096/0001193125-26-276096-index.htm
"Kardigan, Inc.",KARD,0002123613,0001193125-26-276096,424B4,Priced,2026-06-18,2026-06-11,2026-06-17,Medium,New,400000000.0,25000000,,cover share title; explicit issuer-only cover statement matches total; authoritative final 424B4 aggregate IPO price table; explicit issuer offering statement in final 424B4,High,14-16,16.0,16.64,2026-09-18T20:00:00+00:00,"Princeton, NJ",424B4 principal executive office,2026-12-14,Kim Popovits,37358.0,621637.12,597728.0,,,,,,Lock-up applies — covered quantity unresolved,"Holder class is supported, but the filing does not establish that the entire disclosed position is covered",False,True,Individual,,,,,,,37358,,holder-mapped,2026-09-18,https://www.sec.gov/Archives/edgar/data/2123613/000119312526276096/0001193125-26-276096-index.htm
"First Carolina Financial Services, Inc.",FCBM,0001531193,0001140361-26-025790,424B4,Priced,2026-06-18,2026-06-12,2026-06-17,Low,New,68750000.0,5500000,,prospectus cover title; explicit issuer-only cover statement matches total; authoritative final 424B4 aggregate IPO price table; explicit issuer offering statement in final 424B4,High,14-16,12.5,12.69,2026-09-18T20:00:00+00:00,"Raleigh, NC",424B4 principal executive office,2026-12-14,,,,,,,,,,,,False,False,,,,,,,,,,,,https://www.sec.gov/Archives/edgar/data/1531193/000114036126025790/0001140361-26-025790-index.htm
Space Exploration Technologies Corp,SPCX,0001181412,0001628280-26-042639,424B4,Priced,2026-06-12,2026-06-03,2026-06-11,High,New,74999999925.0,555555555,,cover title preceding IPO statement; explicit issuer-only cover statement matches total; explicit issuer offering statement in final 424B4,High,135,135.0,152.71,2026-09-18T20:00:00+00:00,"STARBASE, TX",SEC submissions metadata,2026-12-08,Elon Musk,6418547515.0,980176391015.65,866503914525.0,,,,,,Liquidity not classified — holder-specific lock-up not established,"The filing supports the disclosed holding, but does not support a holder-specific lock-up allocation; liquid and locked quantities are not shown",False,True,Individual,,,,,6418547515,,6418547515,,filing-level-unmapped,2026-09-18,https://www.sec.gov/Archives/edgar/data/1181412/000162828026042639/0001628280-26-042639-index.htm
Space Exploration Technologies Corp,SPCX,0001181412,0001628280-26-042639,424B4,Priced,2026-06-12,2026-06-03,2026-06-11,High,New,74999999925.0,555555555,,cover title preceding IPO statement; explicit issuer-only cover statement matches total; explicit issuer offering statement in final 424B4,High,135,135.0,152.71,2026-09-18T20:00:00+00:00,"STARBASE, TX",SEC submissions metadata,2026-12-08,Gwynne Shotwell,12873160.0,1965860263.6,1737876600.0,,,,,,Liquidity not classified — holder-specific lock-up not established,"The filing supports the disclosed holding, but does not support a holder-specific lock-up allocation; liquid and locked quantities are not shown",False,True,Individual,,,,,12873160,,12873160,,filing-level-unmapped,2026-09-18,https://www.sec.gov/Archives/edgar/data/1181412/000162828026042639/0001628280-26-042639-index.htm
Space Exploration Technologies Corp,SPCX,0001181412,0001628280-26-042639,424B4,Priced,2026-06-12,2026-06-03,2026-06-11,High,New,74999999925.0,555555555,,cover title preceding IPO statement; explicit issuer-only cover statement matches total; explicit issuer offering statement in final 424B4,High,135,135.0,152.71,2026-09-18T20:00:00+00:00,"STARBASE, TX",SEC submissions metadata,2026-12-08,Bret Johnsen,9048565.0,1381806361.15,1221556275.0,,,,,,Liquidity not classified — holder-specific lock-up not established,"The filing supports the disclosed holding, but does not support a holder-specific lock-up allocation; liquid and locked quantities are not shown",False,True,Individual,,,,,9048565,,9048565,,filing-level-unmapped,2026-09-18,https://www.sec.gov/Archives/edgar/data/1181412/000162828026042639/0001628280-26-042639-index.htm
Space Exploration Technologies Corp,SPCX,0001181412,0001628280-26-042639,424B4,Priced,2026-06-12,2026-06-03,2026-06-11,High,New,74999999925.0,555555555,,cover title preceding IPO statement; explicit issuer-only cover statement matches total; explicit issuer offering statement in final 424B4,High,135,135.0,152.71,2026-09-18T20:00:00+00:00,"STARBASE, TX",SEC submissions metadata,2026-12-08,Ira Ehrenpreis,1373700.0,209777727.0,185449500.0,,,,,,Liquidity not classified — holder-specific lock-up not established,"The filing supports the disclosed holding, but does not support a holder-specific lock-up allocation; liquid and locked quantities are not shown",True,True,Individual,,,,,1373700,,1373700,Confidence 5/5 — SEC 424B4 management biography confirms a degree from Stanford University. Source: https://www.sec.gov/Archives/edgar/data/1181412/000162828026042639/spaceexplorationtechnologi.htm,filing-level-unmapped,2026-09-18,https://www.sec.gov/Archives/edgar/data/1181412/000162828026042639/0001628280-26-042639-index.htm
Space Exploration Technologies Corp,SPCX,0001181412,0001628280-26-042639,424B4,Priced,2026-06-12,2026-06-03,2026-06-11,High,New,74999999925.0,555555555,,cover title preceding IPO statement; explicit issuer-only cover statement matches total; explicit issuer offering statement in final 424B4,High,135,135.0,152.71,2026-09-18T20:00:00+00:00,"STARBASE, TX",SEC submissions metadata,2026-12-08,Randy Glein,277800.0,42422838.0,37503000.0,,,,,,Liquidity not classified — holder-specific lock-up not established,"The filing supports the disclosed holding, but does not support a holder-specific lock-up allocation; liquid and locked quantities are not shown",False,True,Individual,,,,,277800,,277800,,filing-level-unmapped,2026-09-18,https://www.sec.gov/Archives/edgar/data/1181412/000162828026042639/0001628280-26-042639-index.htm
Space Exploration Technologies Corp,SPCX,0001181412,0001628280-26-042639,424B4,Priced,2026-06-12,2026-06-03,2026-06-11,High,New,74999999925.0,555555555,,cover title preceding IPO statement; explicit issuer-only cover statement matches total; explicit issuer offering statement in final 424B4,High,135,135.0,152.71,2026-09-18T20:00:00+00:00,"STARBASE, TX",SEC submissions metadata,2026-12-08,Antonio J. Gracias,503414530.0,,,,,,,,Liquidity not classified — holder-specific lock-up not established,"The filing supports the disclosed holding, but does not support a holder-specific lock-up allocation; liquid and locked quantities are not shown",False,True,Individual,,,,,503414530,,503414530,,filing-level-unmapped,,https://www.sec.gov/Archives/edgar/data/1181412/000162828026042639/0001628280-26-042639-index.htm
Space Exploration Technologies Corp,SPCX,0001181412,0001628280-26-042639,424B4,Priced,2026-06-12,2026-06-03,2026-06-11,High,New,74999999925.0,555555555,,cover title preceding IPO statement; explicit issuer-only cover statement matches total; explicit issuer offering statement in final 424B4,High,135,135.0,152.71,2026-09-18T20:00:00+00:00,"STARBASE, TX",SEC submissions metadata,2026-12-08,Luke Nosek,32987360.0,5037499745.6,4453293600.0,,,,,,Liquidity not classified — holder-specific lock-up not established,"The filing supports the disclosed holding, but does not support a holder-specific lock-up allocation; liquid and locked quantities are not shown",False,True,Individual,,,,,32987360,,32987360,,filing-level-unmapped,2026-09-18,https://www.sec.gov/Archives/edgar/data/1181412/000162828026042639/0001628280-26-042639-index.htm
"Forbright, Inc.",FRBT,0001925062,0001628280-26-042580,424B4,Priced,2026-06-11,2026-06-08,2026-06-10,Medium,New,142200000.0,7900000,,final 424B4 explicit issuer-only THE OFFERING row,High,18-20,18.0,17.65,2026-09-18T20:00:00+00:00,"CHEVY CHASE, MD",SEC submissions metadata,2026-12-07,Lewis A. Sachs,,,,,,,,,Liquidity not quantified — share count unavailable,No share count is available and the filing does not support a holder-specific lock-up allocation; liquid and locked quantities are not shown,False,True,Individual,,,,,10923002,,,,filing-level-unmapped,,https://www.sec.gov/Archives/edgar/data/1925062/000162828026042580/0001628280-26-042580-index.htm
"Forbright, Inc.",FRBT,0001925062,0001628280-26-042580,424B4,Priced,2026-06-11,2026-06-08,2026-06-10,Medium,New,142200000.0,7900000,,final 424B4 explicit issuer-only THE OFFERING row,High,18-20,18.0,17.65,2026-09-18T20:00:00+00:00,"CHEVY CHASE, MD",SEC submissions metadata,2026-12-07,GPC Partners Investments (Elevate) LP,,,,,,,,,Liquidity not quantified — share count unavailable,No share count is available and the filing does not support a holder-specific lock-up allocation; liquid and locked quantities are not shown,False,True,Fund,,,,,10923002,,,,filing-level-unmapped,,https://www.sec.gov/Archives/edgar/data/1925062/000162828026042580/0001628280-26-042580-index.htm
"Forbright, Inc.",FRBT,0001925062,0001628280-26-042580,424B4,Priced,2026-06-11,2026-06-08,2026-06-10,Medium,New,142200000.0,7900000,,final 424B4 explicit issuer-only THE OFFERING row,High,18-20,18.0,17.65,2026-09-18T20:00:00+00:00,"CHEVY CHASE, MD",SEC submissions metadata,2026-12-07,CB Elevate Aggregator,,,,,,,,,Liquidity not quantified — share count unavailable,No share count is available and the filing does not support a holder-specific lock-up allocation; liquid and locked quantities are not shown,False,True,Entity,,,,,10393002,,,,filing-level-unmapped,,https://www.sec.gov/Archives/edgar/data/1925062/000162828026042580/0001628280-26-042580-index.htm
"Forbright, Inc.",FRBT,0001925062,0001628280-26-042580,424B4,Priced,2026-06-11,2026-06-08,2026-06-10,Medium,New,142200000.0,7900000,,final 424B4 explicit issuer-only THE OFFERING row,High,18-20,18.0,17.65,2026-09-18T20:00:00+00:00,"CHEVY CHASE, MD",SEC submissions metadata,2026-12-07,Entities affiliated with Bayview,,,,,,,,,Liquidity not quantified — share count unavailable,No share count is available and the filing does not support a holder-specific lock-up allocation; liquid and locked quantities are not shown,False,True,Entity,,,,,5433686,,,,filing-level-unmapped,,https://www.sec.gov/Archives/edgar/data/1925062/000162828026042580/0001628280-26-042580-index.htm
"Parabilis Medicines, Inc.",PBLS,0001657677,0001193125-26-265983,424B4,Priced,2026-06-10,2026-06-09,2026-06-09,High,New,670000000.0,33500000,,final 424B4 explicit issuer-only THE OFFERING row,High,17-19,20.0,41.73,2026-09-18T20:00:00+00:00,"Cambridge, MA",424B4 principal executive office,2026-12-06,"ARCH Venture Fund XII, L.P.",6412780.0,267605309.4,128255600.0,,,,,,Lock-up applies — covered quantity unresolved,"Holder class is supported, but the filing does not establish that the entire disclosed position is covered",False,True,Fund,,5.43,8.25,5.43,6412780,,6412780,,holder-mapped,2026-09-18,https://www.sec.gov/Archives/edgar/data/1657677/000119312526265983/0001193125-26-265983-index.htm
"Parabilis Medicines, Inc.",PBLS,0001657677,0001193125-26-265983,424B4,Priced,2026-06-10,2026-06-09,2026-06-09,High,New,670000000.0,33500000,,final 424B4 explicit issuer-only THE OFFERING row,High,17-19,20.0,41.73,2026-09-18T20:00:00+00:00,"Cambridge, MA",424B4 principal executive office,2026-12-06,Entities affiliated with Cormorant,4365612.0,182176988.76,87312240.0,,,,,,Lock-up applies — covered quantity unresolved,"Holder class is supported, but the filing does not establish that the entire disclosed position is covered",False,True,Entity,,3.69,5.62,3.69,4365612,,4365612,,holder-mapped,2026-09-18,https://www.sec.gov/Archives/edgar/data/1657677/000119312526265983/0001193125-26-265983-index.htm
"Parabilis Medicines, Inc.",PBLS,0001657677,0001193125-26-265983,424B4,Priced,2026-06-10,2026-06-09,2026-06-09,High,New,670000000.0,33500000,,final 424B4 explicit issuer-only THE OFFERING row,High,17-19,20.0,41.73,2026-09-18T20:00:00+00:00,"Cambridge, MA",424B4 principal executive office,2026-12-06,Entities affiliated with FMR LLC,8757571.0,365453437.83,175151420.0,,,,,,Lock-up applies — covered quantity unresolved,"Holder class is supported, but the filing does not establish that the entire disclosed position is covered",False,True,Entity,,7.41,11.27,7.41,8757571,,8757571,,holder-mapped,2026-09-18,https://www.sec.gov/Archives/edgar/data/1657677/000119312526265983/0001193125-26-265983-index.htm
"Parabilis Medicines, Inc.",PBLS,0001657677,0001193125-26-265983,424B4,Priced,2026-06-10,2026-06-09,2026-06-09,High,New,670000000.0,33500000,,final 424B4 explicit issuer-only THE OFFERING row,High,17-19,20.0,41.73,2026-09-18T20:00:00+00:00,"Cambridge, MA",424B4 principal executive office,2026-12-06,Entities affiliated with GV,4833248.0,201691439.04,96664960.0,,,,,,Lock-up applies — covered quantity unresolved,"Holder class is supported, but the filing does not establish that the entire disclosed position is covered",False,True,Entity,,4.09,6.22,4.09,4833248,,4833248,,holder-mapped,2026-09-18,https://www.sec.gov/Archives/edgar/data/1657677/000119312526265983/0001193125-26-265983-index.htm
"Parabilis Medicines, Inc.",PBLS,0001657677,0001193125-26-265983,424B4,Priced,2026-06-10,2026-06-09,2026-06-09,High,New,670000000.0,33500000,,final 424B4 explicit issuer-only THE OFFERING row,High,17-19,20.0,41.73,2026-09-18T20:00:00+00:00,"Cambridge, MA",424B4 principal executive office,2026-12-06,Milky Way Investments Group Limited,4574328.0,190886707.44,91486560.0,,,,,,Lock-up applies — covered quantity unresolved,"Holder class is supported, but the filing does not establish that the entire disclosed position is covered",False,True,Entity,,3.87,5.89,3.87,4574328,,4574328,,holder-mapped,2026-09-18,https://www.sec.gov/Archives/edgar/data/1657677/000119312526265983/0001193125-26-265983-index.htm
"Parabilis Medicines, Inc.",PBLS,0001657677,0001193125-26-265983,424B4,Priced,2026-06-10,2026-06-09,2026-06-09,High,New,670000000.0,33500000,,final 424B4 explicit issuer-only THE OFFERING row,High,17-19,20.0,41.73,2026-09-18T20:00:00+00:00,"Cambridge, MA",424B4 principal executive office,2026-12-06,Nextech VII Oncology SCSp,4163176.0,173729334.48,83263520.0,,,,,,Lock-up applies — covered quantity unresolved,"Holder class is supported, but the filing does not establish that the entire disclosed position is covered",False,True,Entity,,3.52,5.36,3.52,4163176,,4163176,,holder-mapped,2026-09-18,https://www.sec.gov/Archives/edgar/data/1657677/000119312526265983/0001193125-26-265983-index.htm
"Parabilis Medicines, Inc.",PBLS,0001657677,0001193125-26-265983,424B4,Priced,2026-06-10,2026-06-09,2026-06-09,High,New,670000000.0,33500000,,final 424B4 explicit issuer-only THE OFFERING row,High,17-19,20.0,41.73,2026-09-18T20:00:00+00:00,"Cambridge, MA",424B4 principal executive office,2026-12-06,Entities affiliated with RA Capital,7744621.0,323183034.33,154892420.0,,,,,,Lock-up applies — covered quantity unresolved,"Holder class is supported, but the filing does not establish that the entire disclosed position is covered",False,True,Entity,,6.55,9.97,6.55,7744621,,7744621,,holder-mapped,2026-09-18,https://www.sec.gov/Archives/edgar/data/1657677/000119312526265983/0001193125-26-265983-index.htm
"Parabilis Medicines, Inc.",PBLS,0001657677,0001193125-26-265983,424B4,Priced,2026-06-10,2026-06-09,2026-06-09,High,New,670000000.0,33500000,,final 424B4 explicit issuer-only THE OFFERING row,High,17-19,20.0,41.73,2026-09-18T20:00:00+00:00,"Cambridge, MA",424B4 principal executive office,2026-12-06,Entities affiliated with venBio,5166697.0,215606265.81,103333940.0,,,,,,Lock-up applies — covered quantity unresolved,"Holder class is supported, but the filing does not establish that the entire disclosed position is covered",False,True,Entity,,4.37,6.65,4.37,5166697,,5166697,,holder-mapped,2026-09-18,https://www.sec.gov/Archives/edgar/data/1657677/000119312526265983/0001193125-26-265983-index.htm
"Parabilis Medicines, Inc.",PBLS,0001657677,0001193125-26-265983,424B4,Priced,2026-06-10,2026-06-09,2026-06-09,High,New,670000000.0,33500000,,final 424B4 explicit issuer-only THE OFFERING row,High,17-19,20.0,41.73,2026-09-18T20:00:00+00:00,"Cambridge, MA",424B4 principal executive office,2026-12-06,"Mathai Mammen, M.D., Ph.D., Chairman, Chief Executive Officer and President",2786667.0,116287613.91,55733340.0,,,,,,Lock-up applies — covered quantity unresolved,"Holder class is supported, but the filing does not establish that the entire disclosed position is covered",False,True,Individual,"Chairman, Chief Executive Officer and President",2.3,3.46,2.3,2786667,,2786667,,holder-mapped,2026-09-18,https://www.sec.gov/Archives/edgar/data/1657677/000119312526265983/0001193125-26-265983-index.htm
"Parabilis Medicines, Inc.",PBLS,0001657677,0001193125-26-265983,424B4,Priced,2026-06-10,2026-06-09,2026-06-09,High,New,670000000.0,33500000,,final 424B4 explicit issuer-only THE OFFERING row,High,17-19,20.0,41.73,2026-09-18T20:00:00+00:00,"Cambridge, MA",424B4 principal executive office,2026-12-06,"Fawzi Benzaghou, M.D., Chief Medical Officer",20306.0,847369.38,406120.0,,,,,,Lock-up applies — covered quantity unresolved,"Holder class is supported, but the filing does not establish that the entire disclosed position is covered",False,True,Individual,Chief Medical Officer,,,,20306,,20306,,holder-mapped,2026-09-18,https://www.sec.gov/Archives/edgar/data/1657677/000119312526265983/0001193125-26-265983-index.htm
"Parabilis Medicines, Inc.",PBLS,0001657677,0001193125-26-265983,424B4,Priced,2026-06-10,2026-06-09,2026-06-09,High,New,670000000.0,33500000,,final 424B4 explicit issuer-only THE OFFERING row,High,17-19,20.0,41.73,2026-09-18T20:00:00+00:00,"Cambridge, MA",424B4 principal executive office,2026-12-06,"Thomas Kotarakos, Chief Financial Officer",173215.0,7228261.95,3464300.0,,,,,,Lock-up applies — covered quantity unresolved,"Holder class is supported, but the filing does not establish that the entire disclosed position is covered",False,True,Individual,Chief Financial Officer,,,,173215,,173215,,holder-mapped,2026-09-18,https://www.sec.gov/Archives/edgar/data/1657677/000119312526265983/0001193125-26-265983-index.htm
"Parabilis Medicines, Inc.",PBLS,0001657677,0001193125-26-265983,424B4,Priced,2026-06-10,2026-06-09,2026-06-09,High,New,670000000.0,33500000,,final 424B4 explicit issuer-only THE OFFERING row,High,17-19,20.0,41.73,2026-09-18T20:00:00+00:00,"Cambridge, MA",424B4 principal executive office,2026-12-06,"Rohin Mhatre, Ph.D., Chief Technical Operations Officer",165159.0,6892085.07,3303180.0,,,,,,Lock-up applies — covered quantity unresolved,"Holder class is supported, but the filing does not establish that the entire disclosed position is covered",False,True,Individual,Chief Technical Operations Officer,,,,165159,,165159,,holder-mapped,2026-09-18,https://www.sec.gov/Archives/edgar/data/1657677/000119312526265983/0001193125-26-265983-index.htm
"Parabilis Medicines, Inc.",PBLS,0001657677,0001193125-26-265983,424B4,Priced,2026-06-10,2026-06-09,2026-06-09,High,New,670000000.0,33500000,,final 424B4 explicit issuer-only THE OFFERING row,High,17-19,20.0,41.73,2026-09-18T20:00:00+00:00,"Cambridge, MA",424B4 principal executive office,2026-12-06,"Teresa Jurgensen, J.D., General Counsel",111821.0,4666290.33,2236420.0,,,,,,Lock-up applies — covered quantity unresolved,"Holder class is supported, but the filing does not establish that the entire disclosed position is covered",False,True,Individual,General Counsel,,,,111821,,111821,,holder-mapped,2026-09-18,https://www.sec.gov/Archives/edgar/data/1657677/000119312526265983/0001193125-26-265983-index.htm
"Parabilis Medicines, Inc.",PBLS,0001657677,0001193125-26-265983,424B4,Priced,2026-06-10,2026-06-09,2026-06-09,High,New,670000000.0,33500000,,final 424B4 explicit issuer-only THE OFFERING row,High,17-19,20.0,41.73,2026-09-18T20:00:00+00:00,"Cambridge, MA",424B4 principal executive office,2026-12-06,Alexis Borisy,105414.0,4398926.22,2108280.0,,,,,,Lock-up applies — covered quantity unresolved,"Holder class is supported, but the filing does not establish that the entire disclosed position is covered",False,True,Individual,,,,,105414,,105414,,holder-mapped,2026-09-18,https://www.sec.gov/Archives/edgar/data/1657677/000119312526265983/0001193125-26-265983-index.htm
"Parabilis Medicines, Inc.",PBLS,0001657677,0001193125-26-265983,424B4,Priced,2026-06-10,2026-06-09,2026-06-09,High,New,670000000.0,33500000,,final 424B4 explicit issuer-only THE OFFERING row,High,17-19,20.0,41.73,2026-09-18T20:00:00+00:00,"Cambridge, MA",424B4 principal executive office,2026-12-06,Edward Fitzgerald,49885.0,2081701.05,997700.0,,,,,,Lock-up applies — covered quantity unresolved,"Holder class is supported, but the filing does not establish that the entire disclosed position is covered",False,True,Individual,,,,,49885,,49885,,holder-mapped,2026-09-18,https://www.sec.gov/Archives/edgar/data/1657677/000119312526265983/0001193125-26-265983-index.htm
"Parabilis Medicines, Inc.",PBLS,0001657677,0001193125-26-265983,424B4,Priced,2026-06-10,2026-06-09,2026-06-09,High,New,670000000.0,33500000,,final 424B4 explicit issuer-only THE OFFERING row,High,17-19,20.0,41.73,2026-09-18T20:00:00+00:00,"Cambridge, MA",424B4 principal executive office,2026-12-06,"Rick Klausner, M.D.",39549.0,1650379.77,790980.0,,,,,,Lock-up applies — covered quantity unresolved,"Holder class is supported, but the filing does not establish that the entire disclosed position is covered",False,True,Individual,,,,,39549,,39549,,holder-mapped,2026-09-18,https://www.sec.gov/Archives/edgar/data/1657677/000119312526265983/0001193125-26-265983-index.htm
"Parabilis Medicines, Inc.",PBLS,0001657677,0001193125-26-265983,424B4,Priced,2026-06-10,2026-06-09,2026-06-09,High,New,670000000.0,33500000,,final 424B4 explicit issuer-only THE OFFERING row,High,17-19,20.0,41.73,2026-09-18T20:00:00+00:00,"Cambridge, MA",424B4 principal executive office,2026-12-06,"Barbara Weber, M.D.",35197.0,1468770.81,703940.0,,,,,,Lock-up applies — covered quantity unresolved,"Holder class is supported, but the filing does not establish that the entire disclosed position is covered",False,True,Individual,,,,,35197,,35197,,holder-mapped,2026-09-18,https://www.sec.gov/Archives/edgar/data/1657677/000119312526265983/0001193125-26-265983-index.htm
"ERock, Inc.",EROC,0002110029,0001193125-26-265898,424B4,Priced,2026-06-10,2026-06-05,2026-06-09,High,New,600000006,27906977,,final 424B4 explicit issuer-only THE OFFERING row; authoritative final 424B4 aggregate IPO price table; explicit issuer offering statement in final 424B4,High,20-23,21.5,13.09,2026-09-18T20:00:00+00:00,"HOUSTON, TX",SEC submissions metadata,2026-12-06,Entities affiliated with our Sponsor,,,,,,,,,Lock-up applies — share quantity unavailable,"Filing supports holder lock-up coverage, but the share count is unavailable; locked and liquid quantities are not shown",False,True,Entity,,,54.9,,,,,,holder-mapped,,https://www.sec.gov/Archives/edgar/data/2110029/000119312526265898/0001193125-26-265898-index.htm
"ERock, Inc.",EROC,0002110029,0001193125-26-265898,424B4,Priced,2026-06-10,2026-06-05,2026-06-09,High,New,600000006,27906977,,final 424B4 explicit issuer-only THE OFFERING row; authoritative final 424B4 aggregate IPO price table; explicit issuer offering statement in final 424B4,High,20-23,21.5,13.09,2026-09-18T20:00:00+00:00,"HOUSTON, TX",SEC submissions metadata,2026-12-06,Thomas McAndrew,,,,,,,,,Lock-up applies — share quantity unavailable,"Filing supports holder lock-up coverage, but the share count is unavailable; locked and liquid quantities are not shown",False,True,Individual,,,11.5,,,,,,holder-mapped,,https://www.sec.gov/Archives/edgar/data/2110029/000119312526265898/0001193125-26-265898-index.htm
"ERock, Inc.",EROC,0002110029,0001193125-26-265898,424B4,Priced,2026-06-10,2026-06-05,2026-06-09,High,New,600000006,27906977,,final 424B4 explicit issuer-only THE OFFERING row; authoritative final 424B4 aggregate IPO price table; explicit issuer offering statement in final 424B4,High,20-23,21.5,13.09,2026-09-18T20:00:00+00:00,"HOUSTON, TX",SEC submissions metadata,2026-12-06,John Carrington,3293673.0,43114179.57,70813969.5,,,,,,Lock-up applies — covered quantity unresolved,"Holder class is supported, but the filing does not establish that the entire disclosed position is covered",False,True,Individual,,,1.6,,,,3293673,,holder-mapped,2026-09-18,https://www.sec.gov/Archives/edgar/data/2110029/000119312526265898/0001193125-26-265898-index.htm
"ERock, Inc.",EROC,0002110029,0001193125-26-265898,424B4,Priced,2026-06-10,2026-06-05,2026-06-09,High,New,600000006,27906977,,final 424B4 explicit issuer-only THE OFFERING row; authoritative final 424B4 aggregate IPO price table; explicit issuer offering statement in final 424B4,High,20-23,21.5,13.09,2026-09-18T20:00:00+00:00,"HOUSTON, TX",SEC submissions metadata,2026-12-06,Corey Amthor,,,,,,,,,Lock-up applies — share quantity unavailable,"Filing supports holder lock-up coverage, but the share count is unavailable; locked and liquid quantities are not shown",False,True,Individual,,,3.9,,,,,,holder-mapped,,https://www.sec.gov/Archives/edgar/data/2110029/000119312526265898/0001193125-26-265898-index.htm
"ERock, Inc.",EROC,0002110029,0001193125-26-265898,424B4,Priced,2026-06-10,2026-06-05,2026-06-09,High,New,600000006,27906977,,final 424B4 explicit issuer-only THE OFFERING row; authoritative final 424B4 aggregate IPO price table; explicit issuer offering statement in final 424B4,High,20-23,21.5,13.09,2026-09-18T20:00:00+00:00,"HOUSTON, TX",SEC submissions metadata,2026-12-06,Ian Blakely,,,,,,,,,Lock-up applies — share quantity unavailable,"Filing supports holder lock-up coverage, but the share count is unavailable; locked and liquid quantities are not shown",False,True,Individual,,,3.0,,,,,,holder-mapped,,https://www.sec.gov/Archives/edgar/data/2110029/000119312526265898/0001193125-26-265898-index.htm
"ERock, Inc.",EROC,0002110029,0001193125-26-265898,424B4,Priced,2026-06-10,2026-06-05,2026-06-09,High,New,600000006,27906977,,final 424B4 explicit issuer-only THE OFFERING row; authoritative final 424B4 aggregate IPO price table; explicit issuer offering statement in final 424B4,High,20-23,21.5,13.09,2026-09-18T20:00:00+00:00,"HOUSTON, TX",SEC submissions metadata,2026-12-06,Paul Froutan,3125525.0,40913122.25,67198787.5,,,,,,Lock-up applies — covered quantity unresolved,"Holder class is supported, but the filing does not establish that the entire disclosed position is covered",False,True,Individual,,,1.5,,,,3125525,,holder-mapped,2026-09-18,https://www.sec.gov/Archives/edgar/data/2110029/000119312526265898/0001193125-26-265898-index.htm
"ERock, Inc.",EROC,0002110029,0001193125-26-265898,424B4,Priced,2026-06-10,2026-06-05,2026-06-09,High,New,600000006,27906977,,final 424B4 explicit issuer-only THE OFFERING row; authoritative final 424B4 aggregate IPO price table; explicit issuer offering statement in final 424B4,High,20-23,21.5,13.09,2026-09-18T20:00:00+00:00,"HOUSTON, TX",SEC submissions metadata,2026-12-06,Dan Brouillette,207944.0,2721986.96,4470796.0,,,,,,Lock-up applies — covered quantity unresolved,"Holder class is supported, but the filing does not establish that the entire disclosed position is covered",False,True,Individual,,,,,,,207944,,holder-mapped,2026-09-18,https://www.sec.gov/Archives/edgar/data/2110029/000119312526265898/0001193125-26-265898-index.htm
"ERock, Inc.",EROC,0002110029,0001193125-26-265898,424B4,Priced,2026-06-10,2026-06-05,2026-06-09,High,New,600000006,27906977,,final 424B4 explicit issuer-only THE OFFERING row; authoritative final 424B4 aggregate IPO price table; explicit issuer offering statement in final 424B4,High,20-23,21.5,13.09,2026-09-18T20:00:00+00:00,"HOUSTON, TX",SEC submissions metadata,2026-12-06,Hans Kobler,,,,,,,,,Lock-up applies — share quantity unavailable,"Filing supports holder lock-up coverage, but the share count is unavailable; locked and liquid quantities are not shown",False,True,Individual,,,54.9,,,,,,holder-mapped,,https://www.sec.gov/Archives/edgar/data/2110029/000119312526265898/0001193125-26-265898-index.htm
"ERock, Inc.",EROC,0002110029,0001193125-26-265898,424B4,Priced,2026-06-10,2026-06-05,2026-06-09,High,New,600000006,27906977,,final 424B4 explicit issuer-only THE OFFERING row; authoritative final 424B4 aggregate IPO price table; explicit issuer offering statement in final 424B4,High,20-23,21.5,13.09,2026-09-18T20:00:00+00:00,"HOUSTON, TX",SEC submissions metadata,2026-12-06,Mark Patterson,207944.0,2721986.96,4470796.0,,,,,,Lock-up applies — covered quantity unresolved,"Holder class is supported, but the filing does not establish that the entire disclosed position is covered",False,True,Individual,,,,,,,207944,,holder-mapped,2026-09-18,https://www.sec.gov/Archives/edgar/data/2110029/000119312526265898/0001193125-26-265898-index.htm
WhiteHawk Income Corp,WHK,0001921603,0001193125-26-264014,424B4,Priced,2026-06-09,2026-06-05,2026-06-08,Medium,New,200200000.0,7700000,,final 424B4 explicit issuer-only THE OFFERING row,High,25-27,26.0,26.33,2026-09-18T20:00:00+00:00,"Philadelphia, PA",S-1 principal executive office,2027-06-08,"Omega Capital Partners, LP",3261216.0,85867817.28,84791616.0,,,,,,Liquidity not classified — holder-specific lock-up not established,"The filing supports the disclosed holding, but does not support a holder-specific lock-up allocation; liquid and locked quantities are not shown",False,True,Fund,,,,,3261216,,3261216,,filing-level-unmapped,2026-09-18,https://www.sec.gov/Archives/edgar/data/1921603/000119312526264014/0001193125-26-264014-index.htm
WhiteHawk Income Corp,WHK,0001921603,0001193125-26-264014,424B4,Priced,2026-06-09,2026-06-05,2026-06-08,Medium,New,200200000.0,7700000,,final 424B4 explicit issuer-only THE OFFERING row,High,25-27,26.0,26.33,2026-09-18T20:00:00+00:00,"Philadelphia, PA",S-1 principal executive office,2027-06-08,Wayne Cooperman,867280.0,22835482.4,22549280.0,,,,,,Liquidity not classified — holder-specific lock-up not established,"The filing supports the disclosed holding, but does not support a holder-specific lock-up allocation; liquid and locked quantities are not shown",False,True,Individual,,,,,867280,,867280,,filing-level-unmapped,2026-09-18,https://www.sec.gov/Archives/edgar/data/1921603/000119312526264014/0001193125-26-264014-index.htm
WhiteHawk Income Corp,WHK,0001921603,0001193125-26-264014,424B4,Priced,2026-06-09,2026-06-05,2026-06-08,Medium,New,200200000.0,7700000,,final 424B4 explicit issuer-only THE OFFERING row,High,25-27,26.0,26.33,2026-09-18T20:00:00+00:00,"Philadelphia, PA",S-1 principal executive office,2027-06-08,WhiteHawk Minerals LLC,4108893.0,108187152.69,106831218.0,,,,,,Liquidity not classified — holder-specific lock-up not established,"The filing supports the disclosed holding, but does not support a holder-specific lock-up allocation; liquid and locked quantities are not shown",False,True,Entity,,,,,4108893,,4108893,,filing-level-unmapped,2026-09-18,https://www.sec.gov/Archives/edgar/data/1921603/000119312526264014/0001193125-26-264014-index.htm
WhiteHawk Income Corp,WHK,0001921603,0001193125-26-264014,424B4,Priced,2026-06-09,2026-06-05,2026-06-08,Medium,New,200200000.0,7700000,,final 424B4 explicit issuer-only THE OFFERING row,High,25-27,26.0,26.33,2026-09-18T20:00:00+00:00,"Philadelphia, PA",S-1 principal executive office,2027-06-08,Daniel Herz,4294622.0,113077397.26,111660172.0,,,,,,Liquidity not classified — holder-specific lock-up not established,"The filing supports the disclosed holding, but does not support a holder-specific lock-up allocation; liquid and locked quantities are not shown",False,True,Individual,,,,,4294622,,4294622,,filing-level-unmapped,2026-09-18,https://www.sec.gov/Archives/edgar/data/1921603/000119312526264014/0001193125-26-264014-index.htm
WhiteHawk Income Corp,WHK,0001921603,0001193125-26-264014,424B4,Priced,2026-06-09,2026-06-05,2026-06-08,Medium,New,200200000.0,7700000,,final 424B4 explicit issuer-only THE OFFERING row,High,25-27,26.0,26.33,2026-09-18T20:00:00+00:00,"Philadelphia, PA",S-1 principal executive office,2027-06-08,Jeffrey Slotterback,14369.0,378335.77,373594.0,,,,,,Liquidity not classified — holder-specific lock-up not established,"The filing supports the disclosed holding, but does not support a holder-specific lock-up allocation; liquid and locked quantities are not shown",False,True,Individual,,,,,14369,,14369,,filing-level-unmapped,2026-09-18,https://www.sec.gov/Archives/edgar/data/1921603/000119312526264014/0001193125-26-264014-index.htm
WhiteHawk Income Corp,WHK,0001921603,0001193125-26-264014,424B4,Priced,2026-06-09,2026-06-05,2026-06-08,Medium,New,200200000.0,7700000,,final 424B4 explicit issuer-only THE OFFERING row,High,25-27,26.0,26.33,2026-09-18T20:00:00+00:00,"Philadelphia, PA",S-1 principal executive office,2027-06-08,Stephen Pilatzke,5503.0,144893.99,143078.0,,,,,,Liquidity not classified — holder-specific lock-up not established,"The filing supports the disclosed holding, but does not support a holder-specific lock-up allocation; liquid and locked quantities are not shown",False,True,Individual,,,,,5503,,5503,,filing-level-unmapped,2026-09-18,https://www.sec.gov/Archives/edgar/data/1921603/000119312526264014/0001193125-26-264014-index.htm
WhiteHawk Income Corp,WHK,0001921603,0001193125-26-264014,424B4,Priced,2026-06-09,2026-06-05,2026-06-08,Medium,New,200200000.0,7700000,,final 424B4 explicit issuer-only THE OFFERING row,High,25-27,26.0,26.33,2026-09-18T20:00:00+00:00,"Philadelphia, PA",S-1 principal executive office,2027-06-08,Michael Downs,14369.0,378335.77,373594.0,,,,,,Liquidity not classified — holder-specific lock-up not established,"The filing supports the disclosed holding, but does not support a holder-specific lock-up allocation; liquid and locked quantities are not shown",False,True,Individual,,,,,14369,,14369,,filing-level-unmapped,2026-09-18,https://www.sec.gov/Archives/edgar/data/1921603/000119312526264014/0001193125-26-264014-index.htm
WhiteHawk Income Corp,WHK,0001921603,0001193125-26-264014,424B4,Priced,2026-06-09,2026-06-05,2026-06-08,Medium,New,200200000.0,7700000,,final 424B4 explicit issuer-only THE OFFERING row,High,25-27,26.0,26.33,2026-09-18T20:00:00+00:00,"Philadelphia, PA",S-1 principal executive office,2027-06-08,Matthew Heinlein,5584.0,147026.72,145184.0,,,,,,Liquidity not classified — holder-specific lock-up not established,"The filing supports the disclosed holding, but does not support a holder-specific lock-up allocation; liquid and locked quantities are not shown",False,True,Individual,,,,,5584,,5584,,filing-level-unmapped,2026-09-18,https://www.sec.gov/Archives/edgar/data/1921603/000119312526264014/0001193125-26-264014-index.htm
WhiteHawk Income Corp,WHK,0001921603,0001193125-26-264014,424B4,Priced,2026-06-09,2026-06-05,2026-06-08,Medium,New,200200000.0,7700000,,final 424B4 explicit issuer-only THE OFFERING row,High,25-27,26.0,26.33,2026-09-18T20:00:00+00:00,"Philadelphia, PA",S-1 principal executive office,2027-06-08,Jeffery Smith,33212.0,874471.96,863512.0,,,,,,Liquidity not classified — holder-specific lock-up not established,"The filing supports the disclosed holding, but does not support a holder-specific lock-up allocation; liquid and locked quantities are not shown",False,True,Individual,,,,,33212,,33212,,filing-level-unmapped,2026-09-18,https://www.sec.gov/Archives/edgar/data/1921603/000119312526264014/0001193125-26-264014-index.htm
Sunshine Silver Mining & Refining Co,SSMR,0002091017,0001140361-26-024037,424B4,Priced,2026-06-05,2026-05-26,2026-06-03,High,New,270000000.0,20000000,,cover title adjacent to IPO statement; explicit issuer-only cover statement matches total; authoritative final 424B4 aggregate IPO price table; explicit issuer offering statement in final 424B4,High,13.5-16.5,13.5,17.18,2026-09-18T20:00:00+00:00,"KELLOGG, ID",SEC submissions metadata,,Heather White,75000.0,1288500.0,1012500.0,,,,,,Liquidity not classified — holder-specific lock-up not established,"The filing supports the disclosed holding, but does not support a holder-specific lock-up allocation; liquid and locked quantities are not shown",False,True,Individual,,,,,,,75000,,,2026-09-18,https://www.sec.gov/Archives/edgar/data/2091017/000114036126024037/0001140361-26-024037-index.htm
Sunshine Silver Mining & Refining Co,SSMR,0002091017,0001140361-26-024037,424B4,Priced,2026-06-05,2026-05-26,2026-06-03,High,New,270000000.0,20000000,,cover title adjacent to IPO statement; explicit issuer-only cover statement matches total; authoritative final 424B4 aggregate IPO price table; explicit issuer offering statement in final 424B4,High,13.5-16.5,13.5,17.18,2026-09-18T20:00:00+00:00,"KELLOGG, ID",SEC submissions metadata,,André van Niekerk,555833.0,9549210.94,7503745.5,,,,,,Liquidity not classified — holder-specific lock-up not established,"The filing supports the disclosed holding, but does not support a holder-specific lock-up allocation; liquid and locked quantities are not shown",False,True,Individual,,,,,,,555833,,,2026-09-18,https://www.sec.gov/Archives/edgar/data/2091017/000114036126024037/0001140361-26-024037-index.htm
Sunshine Silver Mining & Refining Co,SSMR,0002091017,0001140361-26-024037,424B4,Priced,2026-06-05,2026-05-26,2026-06-03,High,New,270000000.0,20000000,,cover title adjacent to IPO statement; explicit issuer-only cover statement matches total; authoritative final 424B4 aggregate IPO price table; explicit issuer offering statement in final 424B4,High,13.5-16.5,13.5,17.18,2026-09-18T20:00:00+00:00,"KELLOGG, ID",SEC submissions metadata,,Thomas S. Kaplan,96050348.0,1650144978.64,1296679698.0,,,,,,Liquidity not classified — holder-specific lock-up not established,"The filing supports the disclosed holding, but does not support a holder-specific lock-up allocation; liquid and locked quantities are not shown",False,True,Individual,,64.2,74.1,64.2,,,96050348,,,2026-09-18,https://www.sec.gov/Archives/edgar/data/2091017/000114036126024037/0001140361-26-024037-index.htm
Sunshine Silver Mining & Refining Co,SSMR,0002091017,0001140361-26-024037,424B4,Priced,2026-06-05,2026-05-26,2026-06-03,High,New,270000000.0,20000000,,cover title adjacent to IPO statement; explicit issuer-only cover statement matches total; authoritative final 424B4 aggregate IPO price table; explicit issuer offering statement in final 424B4,High,13.5-16.5,13.5,17.18,2026-09-18T20:00:00+00:00,"KELLOGG, ID",SEC submissions metadata,,Ali Reza Erfan,408660.0,7020778.8,5516910.0,,,,,,Liquidity not classified — holder-specific lock-up not established,"The filing supports the disclosed holding, but does not support a holder-specific lock-up allocation; liquid and locked quantities are not shown",False,True,Individual,,,,,,,408660,,,2026-09-18,https://www.sec.gov/Archives/edgar/data/2091017/000114036126024037/0001140361-26-024037-index.htm
Sunshine Silver Mining & Refining Co,SSMR,0002091017,0001140361-26-024037,424B4,Priced,2026-06-05,2026-05-26,2026-06-03,High,New,270000000.0,20000000,,cover title adjacent to IPO statement; explicit issuer-only cover statement matches total; authoritative final 424B4 aggregate IPO price table; explicit issuer offering statement in final 424B4,High,13.5-16.5,13.5,17.18,2026-09-18T20:00:00+00:00,"KELLOGG, ID",SEC submissions metadata,,Douglas Groh,187500.0,3221250.0,2531250.0,,,,,,Liquidity not classified — holder-specific lock-up not established,"The filing supports the disclosed holding, but does not support a holder-specific lock-up allocation; liquid and locked quantities are not shown",False,True,Individual,,,,,,,187500,,,2026-09-18,https://www.sec.gov/Archives/edgar/data/2091017/000114036126024037/0001140361-26-024037-index.htm
Sunshine Silver Mining & Refining Co,SSMR,0002091017,0001140361-26-024037,424B4,Priced,2026-06-05,2026-05-26,2026-06-03,High,New,270000000.0,20000000,,cover title adjacent to IPO statement; explicit issuer-only cover statement matches total; authoritative final 424B4 aggregate IPO price table; explicit issuer offering statement in final 424B4,High,13.5-16.5,13.5,17.18,2026-09-18T20:00:00+00:00,"KELLOGG, ID",SEC submissions metadata,,Daniel Muñiz Quintanilla,1000000.0,17180000.0,13500000.0,,,,,,Liquidity not classified — holder-specific lock-up not established,"The filing supports the disclosed holding, but does not support a holder-specific lock-up allocation; liquid and locked quantities are not shown",False,True,Individual,,,,,,,1000000,,,2026-09-18,https://www.sec.gov/Archives/edgar/data/2091017/000114036126024037/0001140361-26-024037-index.htm
Sunshine Silver Mining & Refining Co,SSMR,0002091017,0001140361-26-024037,424B4,Priced,2026-06-05,2026-05-26,2026-06-03,High,New,270000000.0,20000000,,cover title adjacent to IPO statement; explicit issuer-only cover statement matches total; authoritative final 424B4 aggregate IPO price table; explicit issuer offering statement in final 424B4,High,13.5-16.5,13.5,17.18,2026-09-18T20:00:00+00:00,"KELLOGG, ID",SEC submissions metadata,,Electrum,94330848.0,1620603968.64,1273466448.0,,,,,,Liquidity not classified — holder-specific lock-up not established,"The filing supports the disclosed holding, but does not support a holder-specific lock-up allocation; liquid and locked quantities are not shown",False,True,Entity,,63.1,72.8,63.1,,,94330848,,,2026-09-18,https://www.sec.gov/Archives/edgar/data/2091017/000114036126024037/0001140361-26-024037-index.htm
Sunshine Silver Mining & Refining Co,SSMR,0002091017,0001140361-26-024037,424B4,Priced,2026-06-05,2026-05-26,2026-06-03,High,New,270000000.0,20000000,,cover title adjacent to IPO statement; explicit issuer-only cover statement matches total; authoritative final 424B4 aggregate IPO price table; explicit issuer offering statement in final 424B4,High,13.5-16.5,13.5,17.18,2026-09-18T20:00:00+00:00,"KELLOGG, ID",SEC submissions metadata,,Ospraie,24758995.0,425359534.1,334246432.5,,,,,,Liquidity not classified — holder-specific lock-up not established,"The filing supports the disclosed holding, but does not support a holder-specific lock-up allocation; liquid and locked quantities are not shown",False,True,Entity,,17.6,20.5,17.6,,,24758995,,,2026-09-18,https://www.sec.gov/Archives/edgar/data/2091017/000114036126024037/0001140361-26-024037-index.htm
Quantinuum Inc.,QNT,0002110105,0001628280-26-041003,424B4,Priced,2026-06-05,2026-06-01,2026-06-03,High,New,1680000000.0,28000000,,final 424B4 explicit issuer-only THE OFFERING row,High,53-55,60.0,51.58,2026-09-18T20:00:00+00:00,"Broomfield, CO",S-1 principal executive office,,The Honeywell Entities,124628729.0,6428349841.82,7477723740.0,,,,,,Liquidity not classified — holder-specific lock-up not established,"The filing supports the disclosed holding, but does not support a holder-specific lock-up allocation; liquid and locked quantities are not shown",False,True,Entity,,,,,124628729,,124628729,,,2026-09-18,https://www.sec.gov/Archives/edgar/data/2110105/000162828026041003/0001628280-26-041003-index.htm
Quantinuum Inc.,QNT,0002110105,0001628280-26-041003,424B4,Priced,2026-06-05,2026-06-01,2026-06-03,High,New,1680000000.0,28000000,,final 424B4 explicit issuer-only THE OFFERING row,High,53-55,60.0,51.58,2026-09-18T20:00:00+00:00,"Broomfield, CO",S-1 principal executive office,,Entities affiliated with Cambridge Quantum,82884823.0,4275199170.34,4973089380.0,,,,,,Liquidity not classified — holder-specific lock-up not established,"The filing supports the disclosed holding, but does not support a holder-specific lock-up allocation; liquid and locked quantities are not shown",False,True,Entity,,,,,82884823,,82884823,,,2026-09-18,https://www.sec.gov/Archives/edgar/data/2110105/000162828026041003/0001628280-26-041003-index.htm
Quantinuum Inc.,QNT,0002110105,0001628280-26-041003,424B4,Priced,2026-06-05,2026-06-01,2026-06-03,High,New,1680000000.0,28000000,,final 424B4 explicit issuer-only THE OFFERING row,High,53-55,60.0,51.58,2026-09-18T20:00:00+00:00,"Broomfield, CO",S-1 principal executive office,,Dr. Rajeeb Hazra,1042561.0,53775296.38,62553660.0,,,,,,Liquidity not classified — holder-specific lock-up not established,"The filing supports the disclosed holding, but does not support a holder-specific lock-up allocation; liquid and locked quantities are not shown",False,True,Individual,,,,,1042561,,1042561,,,2026-09-18,https://www.sec.gov/Archives/edgar/data/2110105/000162828026041003/0001628280-26-041003-index.htm
"Liftoff Mobile, Inc.",LFTO,0001850351,0001193125-26-257410,424B4,Priced,2026-06-04,2026-06-02,2026-06-03,High,New,437000000.0,19000000,,cover title preceding IPO statement; explicit issuer-only cover statement matches total; authoritative final 424B4 aggregate IPO price table; explicit issuer offering statement in final 424B4,High,20-22,23.0,16.39,2026-09-18T20:00:00+00:00,"PALO ALTO, CA",SEC submissions metadata,2026-11-30,Blackstone,83831109.0,1373991876.51,1928115507.0,,,,,,Liquidity not classified — holder-specific lock-up not established,"The filing supports the disclosed holding, but does not support a holder-specific lock-up allocation; liquid and locked quantities are not shown",False,True,Entity,,50.4,56.8,50.4,83831109,,83831109,,filing-level-unmapped,2026-09-18,https://www.sec.gov/Archives/edgar/data/1850351/000119312526257410/0001193125-26-257410-index.htm
"Liftoff Mobile, Inc.",LFTO,0001850351,0001193125-26-257410,424B4,Priced,2026-06-04,2026-06-02,2026-06-03,High,New,437000000.0,19000000,,cover title preceding IPO statement; explicit issuer-only cover statement matches total; authoritative final 424B4 aggregate IPO price table; explicit issuer offering statement in final 424B4,High,20-22,23.0,16.39,2026-09-18T20:00:00+00:00,"PALO ALTO, CA",SEC submissions metadata,2026-11-30,General Atlantic,24011299.0,393545190.61,552259877.0,,,,,,Liquidity not classified — holder-specific lock-up not established,"The filing supports the disclosed holding, but does not support a holder-specific lock-up allocation; liquid and locked quantities are not shown",False,True,Entity,,14.4,16.3,14.4,24011299,,24011299,,filing-level-unmapped,2026-09-18,https://www.sec.gov/Archives/edgar/data/1850351/000119312526257410/0001193125-26-257410-index.htm
"Liftoff Mobile, Inc.",LFTO,0001850351,0001193125-26-257410,424B4,Priced,2026-06-04,2026-06-02,2026-06-03,High,New,437000000.0,19000000,,cover title preceding IPO statement; explicit issuer-only cover statement matches total; authoritative final 424B4 aggregate IPO price table; explicit issuer offering statement in final 424B4,High,20-22,23.0,16.39,2026-09-18T20:00:00+00:00,"PALO ALTO, CA",SEC submissions metadata,2026-11-30,Mark Ellis,9939671.0,162911207.69,228612433.0,,,,,,Liquidity not classified — holder-specific lock-up not established,"The filing supports the disclosed holding, but does not support a holder-specific lock-up allocation; liquid and locked quantities are not shown",False,True,Individual,,6.0,6.7,6.0,9939671,,9939671,,filing-level-unmapped,2026-09-18,https://www.sec.gov/Archives/edgar/data/1850351/000119312526257410/0001193125-26-257410-index.htm
"Liftoff Mobile, Inc.",LFTO,0001850351,0001193125-26-257410,424B4,Priced,2026-06-04,2026-06-02,2026-06-03,High,New,437000000.0,19000000,,cover title preceding IPO statement; explicit issuer-only cover statement matches total; authoritative final 424B4 aggregate IPO price table; explicit issuer offering statement in final 424B4,High,20-22,23.0,16.39,2026-09-18T20:00:00+00:00,"PALO ALTO, CA",SEC submissions metadata,2026-11-30,Harry Robertson,9663735.0,158388616.65,222265905.0,,,,,,Liquidity not classified — holder-specific lock-up not established,"The filing supports the disclosed holding, but does not support a holder-specific lock-up allocation; liquid and locked quantities are not shown",False,True,Individual,,5.8,6.5,5.8,9663735,,9663735,,filing-level-unmapped,2026-09-18,https://www.sec.gov/Archives/edgar/data/1850351/000119312526257410/0001193125-26-257410-index.htm
"Liftoff Mobile, Inc.",LFTO,0001850351,0001193125-26-257410,424B4,Priced,2026-06-04,2026-06-02,2026-06-03,High,New,437000000.0,19000000,,cover title preceding IPO statement; explicit issuer-only cover statement matches total; authoritative final 424B4 aggregate IPO price table; explicit issuer offering statement in final 424B4,High,20-22,23.0,16.39,2026-09-18T20:00:00+00:00,"PALO ALTO, CA",SEC submissions metadata,2026-11-30,Jeremy Bondy,1315000.0,21552850.0,30245000.0,,,,,,Liquidity not classified — holder-specific lock-up not established,"The filing supports the disclosed holding, but does not support a holder-specific lock-up allocation; liquid and locked quantities are not shown",False,True,Individual,,,,,1315000,,1315000,,filing-level-unmapped,2026-09-18,https://www.sec.gov/Archives/edgar/data/1850351/000119312526257410/0001193125-26-257410-index.htm
"Liftoff Mobile, Inc.",LFTO,0001850351,0001193125-26-257410,424B4,Priced,2026-06-04,2026-06-02,2026-06-03,High,New,437000000.0,19000000,,cover title preceding IPO statement; explicit issuer-only cover statement matches total; authoritative final 424B4 aggregate IPO price table; explicit issuer offering statement in final 424B4,High,20-22,23.0,16.39,2026-09-18T20:00:00+00:00,"PALO ALTO, CA",SEC submissions metadata,2026-11-30,Tarek Kutrieh,437359.0,7168314.01,10059257.0,,,,,,Liquidity not classified — holder-specific lock-up not established,"The filing supports the disclosed holding, but does not support a holder-specific lock-up allocation; liquid and locked quantities are not shown",False,True,Individual,,,,,437359,,437359,,filing-level-unmapped,2026-09-18,https://www.sec.gov/Archives/edgar/data/1850351/000119312526257410/0001193125-26-257410-index.htm
"Liftoff Mobile, Inc.",LFTO,0001850351,0001193125-26-257410,424B4,Priced,2026-06-04,2026-06-02,2026-06-03,High,New,437000000.0,19000000,,cover title preceding IPO statement; explicit issuer-only cover statement matches total; authoritative final 424B4 aggregate IPO price table; explicit issuer offering statement in final 424B4,High,20-22,23.0,16.39,2026-09-18T20:00:00+00:00,"PALO ALTO, CA",SEC submissions metadata,2026-11-30,Andre Tutundjian,469440.0,7694121.6,10797120.0,,,,,,Liquidity not classified — holder-specific lock-up not established,"The filing supports the disclosed holding, but does not support a holder-specific lock-up allocation; liquid and locked quantities are not shown",False,True,Individual,,,,,469440,,469440,,filing-level-unmapped,2026-09-18,https://www.sec.gov/Archives/edgar/data/1850351/000119312526257410/0001193125-26-257410-index.htm
"Liftoff Mobile, Inc.",LFTO,0001850351,0001193125-26-257410,424B4,Priced,2026-06-04,2026-06-02,2026-06-03,High,New,437000000.0,19000000,,cover title preceding IPO statement; explicit issuer-only cover statement matches total; authoritative final 424B4 aggregate IPO price table; explicit issuer offering statement in final 424B4,High,20-22,23.0,16.39,2026-09-18T20:00:00+00:00,"PALO ALTO, CA",SEC submissions metadata,2026-11-30,Simon R. Goldman,68660.0,1125337.4,1579180.0,,,,,,Liquidity not classified — holder-specific lock-up not established,"The filing supports the disclosed holding, but does not support a holder-specific lock-up allocation; liquid and locked quantities are not shown",False,True,Individual,,,,,68660,,68660,,filing-level-unmapped,2026-09-18,https://www.sec.gov/Archives/edgar/data/1850351/000119312526257410/0001193125-26-257410-index.htm
"Applied Aerospace & Defense, Inc.",AADX,0002118195,0001193125-26-256356,424B4,Priced,2026-06-04,2026-05-26,2026-06-02,High,New,650000000.0,32500000,,final 424B4 explicit issuer-only THE OFFERING row,High,18-21,20.0,12.76,2026-09-18T20:00:00+00:00,"Huntsville, AL",424B4 principal executive office,,"AA&D Holdings, LP .",138243518.0,1763987289.68,2764870360.0,,,,,,Liquidity not classified — holder-specific lock-up not established,"The filing supports the disclosed holding, but does not support a holder-specific lock-up allocation; liquid and locked quantities are not shown",False,True,Fund,,81.0,100.0,81.0,138243518,,138243518,,,2026-09-18,https://www.sec.gov/Archives/edgar/data/2118195/000119312526256356/0001193125-26-256356-index.htm
"Lincoln International, Inc.",LCLN,0001925283,0001628280-26-037044,424B4,Priced,2026-05-21,2026-05-14,2026-05-19,Medium,New,420999760.0,20604046,445942,final 424B4 THE OFFERING primary + secondary rows,High,18-20,20.0,26.11,2026-09-18T20:00:00+00:00,"CHICAGO, IL",SEC submissions metadata,2026-11-15,Lawrence James Lawson III,,,,,,,,,Lock-up applies — share quantity unavailable,"Filing supports holder lock-up coverage, but the share count is unavailable; locked and liquid quantities are not shown",False,True,Individual,,17.3,,17.3,21450000,,,,holder-mapped,,https://www.sec.gov/Archives/edgar/data/1925283/000162828026037044/0001628280-26-037044-index.htm
"Lincoln International, Inc.",LCLN,0001925283,0001628280-26-037044,424B4,Priced,2026-05-21,2026-05-14,2026-05-19,Medium,New,420999760.0,20604046,445942,final 424B4 THE OFFERING primary + secondary rows,High,18-20,20.0,26.11,2026-09-18T20:00:00+00:00,"CHICAGO, IL",SEC submissions metadata,2026-11-15,Robert T. Brown,8450000.0,220629500.0,169000000.0,,,,,,Lock-up applies — covered quantity unresolved,"Holder class is supported, but the filing does not establish that the entire disclosed position is covered",False,True,Individual,,8.3,,8.3,8450000,,8450000,,holder-mapped,2026-09-18,https://www.sec.gov/Archives/edgar/data/1925283/000162828026037044/0001628280-26-037044-index.htm
"Lincoln International, Inc.",LCLN,0001925283,0001628280-26-037044,424B4,Priced,2026-05-21,2026-05-14,2026-05-19,Medium,New,420999760.0,20604046,445942,final 424B4 THE OFFERING primary + secondary rows,High,18-20,20.0,26.11,2026-09-18T20:00:00+00:00,"CHICAGO, IL",SEC submissions metadata,2026-11-15,Eric D. Malchow,,,,,,,,,Lock-up applies — share quantity unavailable,"Filing supports holder lock-up coverage, but the share count is unavailable; locked and liquid quantities are not shown",False,True,Individual,,4.9,,4.9,5525000,,,,holder-mapped,,https://www.sec.gov/Archives/edgar/data/1925283/000162828026037044/0001628280-26-037044-index.htm
"Lincoln International, Inc.",LCLN,0001925283,0001628280-26-037044,424B4,Priced,2026-05-21,2026-05-14,2026-05-19,Medium,New,420999760.0,20604046,445942,final 424B4 THE OFFERING primary + secondary rows,High,18-20,20.0,26.11,2026-09-18T20:00:00+00:00,"CHICAGO, IL",SEC submissions metadata,2026-11-15,Robert B. Barr,,,,,,,,,Lock-up applies — share quantity unavailable,"Filing supports holder lock-up coverage, but the share count is unavailable; locked and liquid quantities are not shown",False,True,Individual,,11.6,,11.6,14433900,,,,holder-mapped,,https://www.sec.gov/Archives/edgar/data/1925283/000162828026037044/0001628280-26-037044-index.htm
"Lincoln International, Inc.",LCLN,0001925283,0001628280-26-037044,424B4,Priced,2026-05-21,2026-05-14,2026-05-19,Medium,New,420999760.0,20604046,445942,final 424B4 THE OFFERING primary + secondary rows,High,18-20,20.0,26.11,2026-09-18T20:00:00+00:00,"CHICAGO, IL",SEC submissions metadata,2026-11-15,"M. Christie Smith, Ph.D",32500.0,848575.0,650000.0,,,,,,Lock-up applies — covered quantity unresolved,"Holder class is supported, but the filing does not establish that the entire disclosed position is covered",False,True,Individual,,,,,32500,,32500,,holder-mapped,2026-09-18,https://www.sec.gov/Archives/edgar/data/1925283/000162828026037044/0001628280-26-037044-index.htm
"Lincoln International, Inc.",LCLN,0001925283,0001628280-26-037044,424B4,Priced,2026-05-21,2026-05-14,2026-05-19,Medium,New,420999760.0,20604046,445942,final 424B4 THE OFFERING primary + secondary rows,High,18-20,20.0,26.11,2026-09-18T20:00:00+00:00,"CHICAGO, IL",SEC submissions metadata,2026-11-15,Mary R. Weber,,,,,,,,,Lock-up applies — share quantity unavailable,"Filing supports holder lock-up coverage, but the share count is unavailable; locked and liquid quantities are not shown",False,True,Individual,,,,,438750,,,,holder-mapped,,https://www.sec.gov/Archives/edgar/data/1925283/000162828026037044/0001628280-26-037044-index.htm
"Lincoln International, Inc.",LCLN,0001925283,0001628280-26-037044,424B4,Priced,2026-05-21,2026-05-14,2026-05-19,Medium,New,420999760.0,20604046,445942,final 424B4 THE OFFERING primary + secondary rows,High,18-20,20.0,26.11,2026-09-18T20:00:00+00:00,"CHICAGO, IL",SEC submissions metadata,2026-11-15,Dominique Lecendreux,,,,,,,,,Lock-up applies — share quantity unavailable,"Filing supports holder lock-up coverage, but the share count is unavailable; locked and liquid quantities are not shown",False,True,Individual,,,,,627900,,,,holder-mapped,,https://www.sec.gov/Archives/edgar/data/1925283/000162828026037044/0001628280-26-037044-index.htm
"Lincoln International, Inc.",LCLN,0001925283,0001628280-26-037044,424B4,Priced,2026-05-21,2026-05-14,2026-05-19,Medium,New,420999760.0,20604046,445942,final 424B4 THE OFFERING primary + secondary rows,High,18-20,20.0,26.11,2026-09-18T20:00:00+00:00,"CHICAGO, IL",SEC submissions metadata,2026-11-15,Eric Wijs,,,,,,,,,Lock-up applies — share quantity unavailable,"Filing supports holder lock-up coverage, but the share count is unavailable; locked and liquid quantities are not shown",False,True,Individual,,,,,471900,,,,holder-mapped,,https://www.sec.gov/Archives/edgar/data/1925283/000162828026037044/0001628280-26-037044-index.htm
"Lincoln International, Inc.",LCLN,0001925283,0001628280-26-037044,424B4,Priced,2026-05-21,2026-05-14,2026-05-19,Medium,New,420999760.0,20604046,445942,final 424B4 THE OFFERING primary + secondary rows,High,18-20,20.0,26.11,2026-09-18T20:00:00+00:00,"CHICAGO, IL",SEC submissions metadata,2026-11-15,Selling Stockholders owning between 0.31% and 0.5% of common stock,,,,,,,,,Lock-up applies — share quantity unavailable,"Filing supports holder lock-up coverage, but the share count is unavailable; locked and liquid quantities are not shown",False,True,Unknown,,,,,814450,,,,holder-mapped,,https://www.sec.gov/Archives/edgar/data/1925283/000162828026037044/0001628280-26-037044-index.htm
"Lincoln International, Inc.",LCLN,0001925283,0001628280-26-037044,424B4,Priced,2026-05-21,2026-05-14,2026-05-19,Medium,New,420999760.0,20604046,445942,final 424B4 THE OFFERING primary + secondary rows,High,18-20,20.0,26.11,2026-09-18T20:00:00+00:00,"CHICAGO, IL",SEC submissions metadata,2026-11-15,Selling Stockholders owning between 0.13% and 0.3% of common stock,,,,,,,,,Lock-up applies — share quantity unavailable,"Filing supports holder lock-up coverage, but the share count is unavailable; locked and liquid quantities are not shown",False,True,Unknown,,,,,904800,,,,holder-mapped,,https://www.sec.gov/Archives/edgar/data/1925283/000162828026037044/0001628280-26-037044-index.htm
"Lincoln International, Inc.",LCLN,0001925283,0001628280-26-037044,424B4,Priced,2026-05-21,2026-05-14,2026-05-19,Medium,New,420999760.0,20604046,445942,final 424B4 THE OFFERING primary + secondary rows,High,18-20,20.0,26.11,2026-09-18T20:00:00+00:00,"CHICAGO, IL",SEC submissions metadata,2026-11-15,Selling Stockholders owning between 0.09% and 0.12% of common stock,,,,,,,,,Lock-up applies — share quantity unavailable,"Filing supports holder lock-up coverage, but the share count is unavailable; locked and liquid quantities are not shown",False,True,Unknown,,,,,780000,,,,holder-mapped,,https://www.sec.gov/Archives/edgar/data/1925283/000162828026037044/0001628280-26-037044-index.htm
"Lincoln International, Inc.",LCLN,0001925283,0001628280-26-037044,424B4,Priced,2026-05-21,2026-05-14,2026-05-19,Medium,New,420999760.0,20604046,445942,final 424B4 THE OFFERING primary + secondary rows,High,18-20,20.0,26.11,2026-09-18T20:00:00+00:00,"CHICAGO, IL",SEC submissions metadata,2026-11-15,Selling Stockholders owning less than 0.09% of common stock,,,,,,,,,Lock-up applies — share quantity unavailable,"Filing supports holder lock-up coverage, but the share count is unavailable; locked and liquid quantities are not shown",False,True,Unknown,,,,,599300,,,,holder-mapped,,https://www.sec.gov/Archives/edgar/data/1925283/000162828026037044/0001628280-26-037044-index.htm
GMR Solutions Inc.,GMRS,0001898718,0001104659-26-060835,424B4,Priced,2026-05-14,2026-05-12,2026-05-12,High,New,478723395.0,31914893,,final 424B4 explicit issuer-only THE OFFERING row,High,22-25,15.0,12.53,2026-09-18T20:00:00+00:00,"Lewisville, TX",S-1 principal executive office,2026-11-08,KKR Stockholder,173043045.0,2168229353.85,2595645675.0,,,,,,Unclassified,Unknown — filing has no defensible holder-specific lock-up mapping,False,True,Individual,,77.6,88.9,77.6,129304076,,173043045,,filing-level-unmapped,2026-09-18,https://www.sec.gov/Archives/edgar/data/1898718/000110465926060835/0001104659-26-060835-index.htm
GMR Solutions Inc.,GMRS,0001898718,0001104659-26-060835,424B4,Priced,2026-05-14,2026-05-12,2026-05-12,High,New,478723395.0,31914893,,final 424B4 explicit issuer-only THE OFFERING row,High,22-25,15.0,12.53,2026-09-18T20:00:00+00:00,"Lewisville, TX",S-1 principal executive office,2026-11-08,Koch Stockholder,2204449.0,27621745.97,33066735.0,,,,,,Unclassified,Unknown — filing has no defensible holder-specific lock-up mapping,False,True,Individual,,1.0,1.5,1.0,2204449,,2204449,,filing-level-unmapped,2026-09-18,https://www.sec.gov/Archives/edgar/data/1898718/000110465926060835/0001104659-26-060835-index.htm
GMR Solutions Inc.,GMRS,0001898718,0001104659-26-060835,424B4,Priced,2026-05-14,2026-05-12,2026-05-12,High,New,478723395.0,31914893,,final 424B4 explicit issuer-only THE OFFERING row,High,22-25,15.0,12.53,2026-09-18T20:00:00+00:00,"Lewisville, TX",S-1 principal executive office,2026-11-08,"Entities affiliated with BlackRock, Inc.",10865872.0,136149376.16,162988080.0,,,,,,Unclassified,Unknown — filing has no defensible holder-specific lock-up mapping,False,True,Entity,,4.9,6.1,4.9,8890458,,10865872,,filing-level-unmapped,2026-09-18,https://www.sec.gov/Archives/edgar/data/1898718/000110465926060835/0001104659-26-060835-index.htm
GMR Solutions Inc.,GMRS,0001898718,0001104659-26-060835,424B4,Priced,2026-05-14,2026-05-12,2026-05-12,High,New,478723395.0,31914893,,final 424B4 explicit issuer-only THE OFFERING row,High,22-25,15.0,12.53,2026-09-18T20:00:00+00:00,"Lewisville, TX",S-1 principal executive office,2026-11-08,Nick Loporcaro,750000.0,9397500.0,11250000.0,,,,,,Unclassified,Unknown — filing has no defensible holder-specific lock-up mapping,False,True,Individual,,,,,,,750000,,filing-level-unmapped,2026-09-18,https://www.sec.gov/Archives/edgar/data/1898718/000110465926060835/0001104659-26-060835-index.htm
GMR Solutions Inc.,GMRS,0001898718,0001104659-26-060835,424B4,Priced,2026-05-14,2026-05-12,2026-05-12,High,New,478723395.0,31914893,,final 424B4 explicit issuer-only THE OFFERING row,High,22-25,15.0,12.53,2026-09-18T20:00:00+00:00,"Lewisville, TX",S-1 principal executive office,2026-11-08,Edward Van Horne,1061000.0,13294330.0,15915000.0,,,,,,Unclassified,Unknown — filing has no defensible holder-specific lock-up mapping,False,True,Individual,,,,,61000,,1061000,,filing-level-unmapped,2026-09-18,https://www.sec.gov/Archives/edgar/data/1898718/000110465926060835/0001104659-26-060835-index.htm
GMR Solutions Inc.,GMRS,0001898718,0001104659-26-060835,424B4,Priced,2026-05-14,2026-05-12,2026-05-12,High,New,478723395.0,31914893,,final 424B4 explicit issuer-only THE OFFERING row,High,22-25,15.0,12.53,2026-09-18T20:00:00+00:00,"Lewisville, TX",S-1 principal executive office,2026-11-08,Brian Tierney,184992.0,2317949.76,2774880.0,,,,,,Unclassified,Unknown — filing has no defensible holder-specific lock-up mapping,False,True,Individual,,,,,33917,,184992,,filing-level-unmapped,2026-09-18,https://www.sec.gov/Archives/edgar/data/1898718/000110465926060835/0001104659-26-060835-index.htm
GMR Solutions Inc.,GMRS,0001898718,0001104659-26-060835,424B4,Priced,2026-05-14,2026-05-12,2026-05-12,High,New,478723395.0,31914893,,final 424B4 explicit issuer-only THE OFFERING row,High,22-25,15.0,12.53,2026-09-18T20:00:00+00:00,"Lewisville, TX",S-1 principal executive office,2026-11-08,Thomas Cook,431928.0,5412057.84,6478920.0,,,,,,Unclassified,Unknown — filing has no defensible holder-specific lock-up mapping,False,True,Individual,,,,,219739,,431928,,filing-level-unmapped,2026-09-18,https://www.sec.gov/Archives/edgar/data/1898718/000110465926060835/0001104659-26-060835-index.htm
GMR Solutions Inc.,GMRS,0001898718,0001104659-26-060835,424B4,Priced,2026-05-14,2026-05-12,2026-05-12,High,New,478723395.0,31914893,,final 424B4 explicit issuer-only THE OFFERING row,High,22-25,15.0,12.53,2026-09-18T20:00:00+00:00,"Lewisville, TX",S-1 principal executive office,2026-11-08,Lisa Jacoba,146523.0,1835933.19,2197845.0,,,,,,Unclassified,Unknown — filing has no defensible holder-specific lock-up mapping,False,True,Individual,,,,,31523,,146523,,filing-level-unmapped,2026-09-18,https://www.sec.gov/Archives/edgar/data/1898718/000110465926060835/0001104659-26-060835-index.htm
"EagleRock Land, LLC",EROK,0002104882,0001193125-26-224302,424B4,Priced,2026-05-14,2026-05-11,2026-05-13,High,New,320050000.0,,,authoritative final 424B4 aggregate IPO price table,High,17-20,18.5,23.65,2026-09-18T20:00:00+00:00,"MIDLAND, TX",SEC submissions metadata,2026-11-09,"Lea & Eddy Holdings, LLC",27776786.0,656920988.9,513870541.0,,,,,,Unclassified,Unknown — filing has no defensible holder-specific lock-up mapping,False,True,Entity,,,100.0,,,,27776786,,filing-level-unmapped,2026-09-18,https://www.sec.gov/Archives/edgar/data/2104882/000119312526224302/0001193125-26-224302-index.htm
"EagleRock Land, LLC",EROK,0002104882,0001193125-26-224302,424B4,Priced,2026-05-14,2026-05-11,2026-05-13,High,New,320050000.0,,,authoritative final 424B4 aggregate IPO price table,High,17-20,18.5,23.65,2026-09-18T20:00:00+00:00,"MIDLAND, TX",SEC submissions metadata,2026-11-09,"Double Eagle IV Midco, LLC",45873930.0,1084918444.5,848667705.0,,,,,,Unclassified,Unknown — filing has no defensible holder-specific lock-up mapping,False,True,Entity,,,,,,,45873930,,filing-level-unmapped,2026-09-18,https://www.sec.gov/Archives/edgar/data/2104882/000119312526224302/0001193125-26-224302-index.htm
"EagleRock Land, LLC",EROK,0002104882,0001193125-26-224302,424B4,Priced,2026-05-14,2026-05-11,2026-05-13,High,New,320050000.0,,,authoritative final 424B4 aggregate IPO price table,High,17-20,18.5,23.65,2026-09-18T20:00:00+00:00,"MIDLAND, TX",SEC submissions metadata,2026-11-09,Charles R. Wiggins,8430786.0,199388088.9,155969541.0,,,,,,Unclassified,Unknown — filing has no defensible holder-specific lock-up mapping,False,True,Individual,,,,,,,8430786,,filing-level-unmapped,2026-09-18,https://www.sec.gov/Archives/edgar/data/2104882/000119312526224302/0001193125-26-224302-index.htm
"EagleRock Land, LLC",EROK,0002104882,0001193125-26-224302,424B4,Priced,2026-05-14,2026-05-11,2026-05-13,High,New,320050000.0,,,authoritative final 424B4 aggregate IPO price table,High,17-20,18.5,23.65,2026-09-18T20:00:00+00:00,"MIDLAND, TX",SEC submissions metadata,2026-11-09,TCW Entities,14939952.0,353329864.8,276389112.0,,,,,,Unclassified,Unknown — filing has no defensible holder-specific lock-up mapping,False,True,Entity,,,,,,,14939952,,filing-level-unmapped,2026-09-18,https://www.sec.gov/Archives/edgar/data/2104882/000119312526224302/0001193125-26-224302-index.htm
"EagleRock Land, LLC",EROK,0002104882,0001193125-26-224302,424B4,Priced,2026-05-14,2026-05-11,2026-05-13,High,New,320050000.0,,,authoritative final 424B4 aggregate IPO price table,High,17-20,18.5,23.65,2026-09-18T20:00:00+00:00,"MIDLAND, TX",SEC submissions metadata,2026-11-09,Greg Pipkin Jr.,1283244.0,30348720.6,23740014.0,,,,,,Unclassified,Unknown — filing has no defensible holder-specific lock-up mapping,False,True,Individual,,,,,,,1283244,,filing-level-unmapped,2026-09-18,https://www.sec.gov/Archives/edgar/data/2104882/000119312526224302/0001193125-26-224302-index.htm
"EagleRock Land, LLC",EROK,0002104882,0001193125-26-224302,424B4,Priced,2026-05-14,2026-05-11,2026-05-13,High,New,320050000.0,,,authoritative final 424B4 aggregate IPO price table,High,17-20,18.5,23.65,2026-09-18T20:00:00+00:00,"MIDLAND, TX",SEC submissions metadata,2026-11-09,Neal H. Shah,1283244.0,30348720.6,23740014.0,,,,,,Unclassified,Unknown — filing has no defensible holder-specific lock-up mapping,False,True,Individual,,,,,,,1283244,,filing-level-unmapped,2026-09-18,https://www.sec.gov/Archives/edgar/data/2104882/000119312526224302/0001193125-26-224302-index.htm
"EagleRock Land, LLC",EROK,0002104882,0001193125-26-224302,424B4,Priced,2026-05-14,2026-05-11,2026-05-13,High,New,320050000.0,,,authoritative final 424B4 aggregate IPO price table,High,17-20,18.5,23.65,2026-09-18T20:00:00+00:00,"MIDLAND, TX",SEC submissions metadata,2026-11-09,Robert W. Hunt Jr.,533513.0,12617582.45,9869990.5,,,,,,Unclassified,Unknown — filing has no defensible holder-specific lock-up mapping,False,True,Individual,,,,,,,533513,,filing-level-unmapped,2026-09-18,https://www.sec.gov/Archives/edgar/data/2104882/000119312526224302/0001193125-26-224302-index.htm
"EagleRock Land, LLC",EROK,0002104882,0001193125-26-224302,424B4,Priced,2026-05-14,2026-05-11,2026-05-13,High,New,320050000.0,,,authoritative final 424B4 aggregate IPO price table,High,17-20,18.5,23.65,2026-09-18T20:00:00+00:00,"MIDLAND, TX",SEC submissions metadata,2026-11-09,Richard H. Coats,9514020.0,225006573.0,176009370.0,,,,,,Unclassified,Unknown — filing has no defensible holder-specific lock-up mapping,False,True,Individual,,,,,,,9514020,,filing-level-unmapped,2026-09-18,https://www.sec.gov/Archives/edgar/data/2104882/000119312526224302/0001193125-26-224302-index.htm
Cerebras Systems Inc.,CBRS,0002021728,0001628280-26-035214,424B4,Priced,2026-05-14,2026-05-11,2026-05-13,High,New,5550000000.0,30000000,,cover title adjacent to IPO statement; explicit issuer offering statement in final 424B4,High,150-160,185.0,198.37,2026-09-18T20:00:00+00:00,"SUNNYVALE, CA",SEC submissions metadata,,Andrew D. Feldman,10144876.0,2012439052.12,1876802060.0,,,,,,Unclassified,Unknown — filing has no defensible holder-specific lock-up mapping,False,True,Individual,,4.6,5.3,4.6,,,10144876,,,2026-09-18,https://www.sec.gov/Archives/edgar/data/2021728/000162828026035214/0001628280-26-035214-index.htm
Cerebras Systems Inc.,CBRS,0002021728,0001628280-26-035214,424B4,Priced,2026-05-14,2026-05-11,2026-05-13,High,New,5550000000.0,30000000,,cover title adjacent to IPO statement; explicit issuer offering statement in final 424B4,High,150-160,185.0,198.37,2026-09-18T20:00:00+00:00,"SUNNYVALE, CA",SEC submissions metadata,,Sean Lie,5347647.0,1060812735.39,989314695.0,,,,,,Unclassified,Unknown — filing has no defensible holder-specific lock-up mapping,False,True,Individual,,2.4,2.8,2.4,,,5347647,,,2026-09-18,https://www.sec.gov/Archives/edgar/data/2021728/000162828026035214/0001628280-26-035214-index.htm
Cerebras Systems Inc.,CBRS,0002021728,0001628280-26-035214,424B4,Priced,2026-05-14,2026-05-11,2026-05-13,High,New,5550000000.0,30000000,,cover title adjacent to IPO statement; explicit issuer offering statement in final 424B4,High,150-160,185.0,198.37,2026-09-18T20:00:00+00:00,"SUNNYVALE, CA",SEC submissions metadata,,Dhiraj Mallick,1805200.0,358097524.0,333962000.0,,,,,,Unclassified,Unknown — filing has no defensible holder-specific lock-up mapping,False,True,Individual,,,,,,,1805200,,,2026-09-18,https://www.sec.gov/Archives/edgar/data/2021728/000162828026035214/0001628280-26-035214-index.htm
Cerebras Systems Inc.,CBRS,0002021728,0001628280-26-035214,424B4,Priced,2026-05-14,2026-05-11,2026-05-13,High,New,5550000000.0,30000000,,cover title adjacent to IPO statement; explicit issuer offering statement in final 424B4,High,150-160,185.0,198.37,2026-09-18T20:00:00+00:00,"SUNNYVALE, CA",SEC submissions metadata,,Paul Auvil,203750.0,40417887.5,37693750.0,,,,,,Unclassified,Unknown — filing has no defensible holder-specific lock-up mapping,False,True,Individual,,,,,,,203750,,,2026-09-18,https://www.sec.gov/Archives/edgar/data/2021728/000162828026035214/0001628280-26-035214-index.htm
Cerebras Systems Inc.,CBRS,0002021728,0001628280-26-035214,424B4,Priced,2026-05-14,2026-05-11,2026-05-13,High,New,5550000000.0,30000000,,cover title adjacent to IPO statement; explicit issuer offering statement in final 424B4,High,150-160,185.0,198.37,2026-09-18T20:00:00+00:00,"SUNNYVALE, CA",SEC submissions metadata,,Lior Susan,13466197.0,2671289498.89,2491246445.0,,,,,,Unclassified,Unknown — filing has no defensible holder-specific lock-up mapping,False,True,Individual,,6.2,7.2,6.2,,,13466197,,,2026-09-18,https://www.sec.gov/Archives/edgar/data/2021728/000162828026035214/0001628280-26-035214-index.htm
Cerebras Systems Inc.,CBRS,0002021728,0001628280-26-035214,424B4,Priced,2026-05-14,2026-05-11,2026-05-13,High,New,5550000000.0,30000000,,cover title adjacent to IPO statement; explicit issuer offering statement in final 424B4,High,150-160,185.0,198.37,2026-09-18T20:00:00+00:00,"SUNNYVALE, CA",SEC submissions metadata,,Steve Vassallo,15302343.0,3035525780.91,2830933455.0,,,,,,Unclassified,Unknown — filing has no defensible holder-specific lock-up mapping,False,True,Individual,,7.0,8.2,7.0,,,15302343,,,2026-09-18,https://www.sec.gov/Archives/edgar/data/2021728/000162828026035214/0001628280-26-035214-index.htm
Cerebras Systems Inc.,CBRS,0002021728,0001628280-26-035214,424B4,Priced,2026-05-14,2026-05-11,2026-05-13,High,New,5550000000.0,30000000,,cover title adjacent to IPO statement; explicit issuer offering statement in final 424B4,High,150-160,185.0,198.37,2026-09-18T20:00:00+00:00,"SUNNYVALE, CA",SEC submissions metadata,,Entities affiliated with Alpha Wave,12074647.0,2395247725.39,2233809695.0,,,,,,Unclassified,Unknown — filing has no defensible holder-specific lock-up mapping,False,True,Entity,,5.6,6.4,5.6,,,12074647,,,2026-09-18,https://www.sec.gov/Archives/edgar/data/2021728/000162828026035214/0001628280-26-035214-index.htm
Cerebras Systems Inc.,CBRS,0002021728,0001628280-26-035214,424B4,Priced,2026-05-14,2026-05-11,2026-05-13,High,New,5550000000.0,30000000,,cover title adjacent to IPO statement; explicit issuer offering statement in final 424B4,High,150-160,185.0,198.37,2026-09-18T20:00:00+00:00,"SUNNYVALE, CA",SEC submissions metadata,,Entities affiliated with Benchmark,17602983.0,3491903737.71,3256551855.0,,,,,,Unclassified,Unknown — filing has no defensible holder-specific lock-up mapping,False,True,Entity,,8.1,9.4,8.1,,,17602983,,,2026-09-18,https://www.sec.gov/Archives/edgar/data/2021728/000162828026035214/0001628280-26-035214-index.htm
Cerebras Systems Inc.,CBRS,0002021728,0001628280-26-035214,424B4,Priced,2026-05-14,2026-05-11,2026-05-13,High,New,5550000000.0,30000000,,cover title adjacent to IPO statement; explicit issuer offering statement in final 424B4,High,150-160,185.0,198.37,2026-09-18T20:00:00+00:00,"SUNNYVALE, CA",SEC submissions metadata,,Entities affiliated with Eclipse,13466197.0,2671289498.89,2491246445.0,,,,,,Unclassified,Unknown — filing has no defensible holder-specific lock-up mapping,False,True,Entity,,6.2,7.2,6.2,,,13466197,,,2026-09-18,https://www.sec.gov/Archives/edgar/data/2021728/000162828026035214/0001628280-26-035214-index.htm
Cerebras Systems Inc.,CBRS,0002021728,0001628280-26-035214,424B4,Priced,2026-05-14,2026-05-11,2026-05-13,High,New,5550000000.0,30000000,,cover title adjacent to IPO statement; explicit issuer offering statement in final 424B4,High,150-160,185.0,198.37,2026-09-18T20:00:00+00:00,"SUNNYVALE, CA",SEC submissions metadata,,Entities affiliated with Fidelity,20443122.0,4055302111.14,3781977570.0,,,,,,Unclassified,Unknown — filing has no defensible holder-specific lock-up mapping,False,True,Entity,,9.4,10.9,9.4,,,20443122,,,2026-09-18,https://www.sec.gov/Archives/edgar/data/2021728/000162828026035214/0001628280-26-035214-index.htm
Cerebras Systems Inc.,CBRS,0002021728,0001628280-26-035214,424B4,Priced,2026-05-14,2026-05-11,2026-05-13,High,New,5550000000.0,30000000,,cover title adjacent to IPO statement; explicit issuer offering statement in final 424B4,High,150-160,185.0,198.37,2026-09-18T20:00:00+00:00,"SUNNYVALE, CA",SEC submissions metadata,,Entities affiliated with Foundation Capital,15302343.0,3035525780.91,2830933455.0,,,,,,Unclassified,Unknown — filing has no defensible holder-specific lock-up mapping,False,True,Entity,,7.0,8.2,7.0,,,15302343,,,2026-09-18,https://www.sec.gov/Archives/edgar/data/2021728/000162828026035214/0001628280-26-035214-index.htm
"Suja Life, Inc.",SUJA,0001934114,0001104659-26-057504,424B4,Priced,2026-05-08,2026-04-30,2026-05-06,Medium,New,186666669.0,8888889,,final 424B4 explicit issuer-only THE OFFERING row,High,21-24,21.0,8.57,2026-09-18T20:00:00+00:00,"Ocean Ranch Blvd. Oceanside, CA",S-1 principal executive office,2026-11-02,PSP Funds,8488216.0,72744011.12,178252536.0,,,,,,Lock-up applies — covered quantity unresolved,"Holder class is supported, but the filing does not establish that the entire disclosed position is covered",False,True,Fund,,58.4,,58.4,,,8488216,,holder-mapped,2026-09-18,https://www.sec.gov/Archives/edgar/data/1934114/000110465926057504/0001104659-26-057504-index.htm
"Suja Life, Inc.",SUJA,0001934114,0001104659-26-057504,424B4,Priced,2026-05-08,2026-04-30,2026-05-06,Medium,New,186666669.0,8888889,,final 424B4 explicit issuer-only THE OFFERING row,High,21-24,21.0,8.57,2026-09-18T20:00:00+00:00,"Ocean Ranch Blvd. Oceanside, CA",S-1 principal executive office,2026-11-02,The New Vive Partnerships,3983229.0,34136272.53,83647809.0,,,,,,Lock-up applies — covered quantity unresolved,"Holder class is supported, but the filing does not establish that the entire disclosed position is covered",False,True,Individual,,10.0,,10.0,,,3983229,,holder-mapped,2026-09-18,https://www.sec.gov/Archives/edgar/data/1934114/000110465926057504/0001104659-26-057504-index.htm
"Suja Life, Inc.",SUJA,0001934114,0001104659-26-057504,424B4,Priced,2026-05-08,2026-04-30,2026-05-06,Medium,New,186666669.0,8888889,,final 424B4 explicit issuer-only THE OFFERING row,High,21-24,21.0,8.57,2026-09-18T20:00:00+00:00,"Ocean Ranch Blvd. Oceanside, CA",S-1 principal executive office,2026-11-02,Maria Stipp,132374.0,1134445.18,2779854.0,,,,,,Lock-up applies — covered quantity unresolved,"Holder class is supported, but the filing does not establish that the entire disclosed position is covered",False,True,Individual,,,,,,,132374,,holder-mapped,2026-09-18,https://www.sec.gov/Archives/edgar/data/1934114/000110465926057504/0001104659-26-057504-index.htm
"Suja Life, Inc.",SUJA,0001934114,0001104659-26-057504,424B4,Priced,2026-05-08,2026-04-30,2026-05-06,Medium,New,186666669.0,8888889,,final 424B4 explicit issuer-only THE OFFERING row,High,21-24,21.0,8.57,2026-09-18T20:00:00+00:00,"Ocean Ranch Blvd. Oceanside, CA",S-1 principal executive office,2026-11-02,Jeff Pedersen,99750.0,854857.5,2094750.0,,,,,,Lock-up applies — covered quantity unresolved,"Holder class is supported, but the filing does not establish that the entire disclosed position is covered",False,True,Individual,,,,,,,99750,,holder-mapped,2026-09-18,https://www.sec.gov/Archives/edgar/data/1934114/000110465926057504/0001104659-26-057504-index.htm
"Suja Life, Inc.",SUJA,0001934114,0001104659-26-057504,424B4,Priced,2026-05-08,2026-04-30,2026-05-06,Medium,New,186666669.0,8888889,,final 424B4 explicit issuer-only THE OFFERING row,High,21-24,21.0,8.57,2026-09-18T20:00:00+00:00,"Ocean Ranch Blvd. Oceanside, CA",S-1 principal executive office,2026-11-02,Mike Box,99750.0,854857.5,2094750.0,,,,,,Lock-up applies — covered quantity unresolved,"Holder class is supported, but the filing does not establish that the entire disclosed position is covered",False,True,Individual,,,,,,,99750,,holder-mapped,2026-09-18,https://www.sec.gov/Archives/edgar/data/1934114/000110465926057504/0001104659-26-057504-index.htm
"Suja Life, Inc.",SUJA,0001934114,0001104659-26-057504,424B4,Priced,2026-05-08,2026-04-30,2026-05-06,Medium,New,186666669.0,8888889,,final 424B4 explicit issuer-only THE OFFERING row,High,21-24,21.0,8.57,2026-09-18T20:00:00+00:00,"Ocean Ranch Blvd. Oceanside, CA",S-1 principal executive office,2026-11-02,Robert DeBorde,273455.0,2343509.35,5742555.0,,,,,,Lock-up applies — covered quantity unresolved,"Holder class is supported, but the filing does not establish that the entire disclosed position is covered",False,True,Individual,,,,,,,273455,,holder-mapped,2026-09-18,https://www.sec.gov/Archives/edgar/data/1934114/000110465926057504/0001104659-26-057504-index.htm
"Suja Life, Inc.",SUJA,0001934114,0001104659-26-057504,424B4,Priced,2026-05-08,2026-04-30,2026-05-06,Medium,New,186666669.0,8888889,,final 424B4 explicit issuer-only THE OFFERING row,High,21-24,21.0,8.57,2026-09-18T20:00:00+00:00,"Ocean Ranch Blvd. Oceanside, CA",S-1 principal executive office,2026-11-02,Randy Papadellis,91296.0,782406.72,1917216.0,,,,,,Lock-up applies — covered quantity unresolved,"Holder class is supported, but the filing does not establish that the entire disclosed position is covered",False,True,Individual,,,,,,,91296,,holder-mapped,2026-09-18,https://www.sec.gov/Archives/edgar/data/1934114/000110465926057504/0001104659-26-057504-index.htm
"Odyssey Therapeutics, Inc.",ODTX,0001882782,0001193125-26-214819,424B4,Priced,2026-05-08,2026-05-04,2026-05-07,Medium,New,279000000.0,15500000,,final 424B4 explicit issuer-only THE OFFERING row,High,16-18,18.0,24.38,2026-09-18T20:00:00+00:00,"BOSTON, MA",SEC submissions metadata,2026-11-03,Entities affiliated with SR One Capital Management,,,,,,,,,Lock-up applies — share quantity unavailable,"Filing supports holder lock-up coverage, but the share count is unavailable; locked and liquid quantities are not shown",False,True,Entity,,10.6,6.8,10.6,3239328,,,,holder-mapped,,https://www.sec.gov/Archives/edgar/data/1882782/000119312526214819/0001193125-26-214819-index.htm
"Odyssey Therapeutics, Inc.",ODTX,0001882782,0001193125-26-214819,424B4,Priced,2026-05-08,2026-05-04,2026-05-07,Medium,New,279000000.0,15500000,,final 424B4 explicit issuer-only THE OFFERING row,High,16-18,18.0,24.38,2026-09-18T20:00:00+00:00,"BOSTON, MA",SEC submissions metadata,2026-11-03,"OrbiMed Private Investments VIII, LP",,,,,,,,,Lock-up applies — share quantity unavailable,"Filing supports holder lock-up coverage, but the share count is unavailable; locked and liquid quantities are not shown",False,True,Fund,,9.0,5.8,9.0,2726198,,,,holder-mapped,,https://www.sec.gov/Archives/edgar/data/1882782/000119312526214819/0001193125-26-214819-index.htm
"Odyssey Therapeutics, Inc.",ODTX,0001882782,0001193125-26-214819,424B4,Priced,2026-05-08,2026-05-04,2026-05-07,Medium,New,279000000.0,15500000,,final 424B4 explicit issuer-only THE OFFERING row,High,16-18,18.0,24.38,2026-09-18T20:00:00+00:00,"BOSTON, MA",SEC submissions metadata,2026-11-03,FMR LLC,,,,,,,,,Lock-up applies — share quantity unavailable,"Filing supports holder lock-up coverage, but the share count is unavailable; locked and liquid quantities are not shown",False,True,Entity,,8.3,5.3,8.3,2519600,,,,holder-mapped,,https://www.sec.gov/Archives/edgar/data/1882782/000119312526214819/0001193125-26-214819-index.htm
"Odyssey Therapeutics, Inc.",ODTX,0001882782,0001193125-26-214819,424B4,Priced,2026-05-08,2026-05-04,2026-05-07,Medium,New,279000000.0,15500000,,final 424B4 explicit issuer-only THE OFFERING row,High,16-18,18.0,24.38,2026-09-18T20:00:00+00:00,"BOSTON, MA",SEC submissions metadata,2026-11-03,Jeito II S.L.P.,,,,,,,,,Lock-up applies — share quantity unavailable,"Filing supports holder lock-up coverage, but the share count is unavailable; locked and liquid quantities are not shown",False,True,Fund,,7.6,4.9,7.6,2301257,,,,holder-mapped,,https://www.sec.gov/Archives/edgar/data/1882782/000119312526214819/0001193125-26-214819-index.htm
"Odyssey Therapeutics, Inc.",ODTX,0001882782,0001193125-26-214819,424B4,Priced,2026-05-08,2026-05-04,2026-05-07,Medium,New,279000000.0,15500000,,final 424B4 explicit issuer-only THE OFFERING row,High,16-18,18.0,24.38,2026-09-18T20:00:00+00:00,"BOSTON, MA",SEC submissions metadata,2026-11-03,Entities affiliated with TPG Inc.,,,,,,,,,Lock-up applies — share quantity unavailable,"Filing supports holder lock-up coverage, but the share count is unavailable; locked and liquid quantities are not shown",False,True,Entity,,7.6,4.9,7.6,2301257,,,,holder-mapped,,https://www.sec.gov/Archives/edgar/data/1882782/000119312526214819/0001193125-26-214819-index.htm
"Odyssey Therapeutics, Inc.",ODTX,0001882782,0001193125-26-214819,424B4,Priced,2026-05-08,2026-05-04,2026-05-07,Medium,New,279000000.0,15500000,,final 424B4 explicit issuer-only THE OFFERING row,High,16-18,18.0,24.38,2026-09-18T20:00:00+00:00,"BOSTON, MA",SEC submissions metadata,2026-11-03,"Lightspeed Venture Partners XV-B (Ignite), L.P.",,,,,,,,,Lock-up applies — share quantity unavailable,"Filing supports holder lock-up coverage, but the share count is unavailable; locked and liquid quantities are not shown",False,True,Fund,,7.3,4.7,7.3,2219555,,,,holder-mapped,,https://www.sec.gov/Archives/edgar/data/1882782/000119312526214819/0001193125-26-214819-index.htm
"Odyssey Therapeutics, Inc.",ODTX,0001882782,0001193125-26-214819,424B4,Priced,2026-05-08,2026-05-04,2026-05-07,Medium,New,279000000.0,15500000,,final 424B4 explicit issuer-only THE OFFERING row,High,16-18,18.0,24.38,2026-09-18T20:00:00+00:00,"BOSTON, MA",SEC submissions metadata,2026-11-03,"Dimension Capital II, L.P.",,,,,,,,,Lock-up applies — share quantity unavailable,"Filing supports holder lock-up coverage, but the share count is unavailable; locked and liquid quantities are not shown",False,True,Fund,,7.3,4.7,7.3,2222405,,,,holder-mapped,,https://www.sec.gov/Archives/edgar/data/1882782/000119312526214819/0001193125-26-214819-index.htm
"Odyssey Therapeutics, Inc.",ODTX,0001882782,0001193125-26-214819,424B4,Priced,2026-05-08,2026-05-04,2026-05-07,Medium,New,279000000.0,15500000,,final 424B4 explicit issuer-only THE OFFERING row,High,16-18,18.0,24.38,2026-09-18T20:00:00+00:00,"BOSTON, MA",SEC submissions metadata,2026-11-03,"Gary D. Glick, Ph.D.",,,,,,,,,Lock-up applies — share quantity unavailable,"Filing supports holder lock-up coverage, but the share count is unavailable; locked and liquid quantities are not shown",False,True,Individual,,4.0,2.6,4.0,1257893,,,,holder-mapped,,https://www.sec.gov/Archives/edgar/data/1882782/000119312526214819/0001193125-26-214819-index.htm
"Odyssey Therapeutics, Inc.",ODTX,0001882782,0001193125-26-214819,424B4,Priced,2026-05-08,2026-05-04,2026-05-07,Medium,New,279000000.0,15500000,,final 424B4 explicit issuer-only THE OFFERING row,High,16-18,18.0,24.38,2026-09-18T20:00:00+00:00,"BOSTON, MA",SEC submissions metadata,2026-11-03,Jason Haas,,,,,,,,,Lock-up applies — share quantity unavailable,"Filing supports holder lock-up coverage, but the share count is unavailable; locked and liquid quantities are not shown",False,True,Individual,,,,,132567,,,,holder-mapped,,https://www.sec.gov/Archives/edgar/data/1882782/000119312526214819/0001193125-26-214819-index.htm
"Odyssey Therapeutics, Inc.",ODTX,0001882782,0001193125-26-214819,424B4,Priced,2026-05-08,2026-05-04,2026-05-07,Medium,New,279000000.0,15500000,,final 424B4 explicit issuer-only THE OFFERING row,High,16-18,18.0,24.38,2026-09-18T20:00:00+00:00,"BOSTON, MA",SEC submissions metadata,2026-11-03,Collin Todd,,,,,,,,,Lock-up applies — share quantity unavailable,"Filing supports holder lock-up coverage, but the share count is unavailable; locked and liquid quantities are not shown",False,True,Individual,,,,,69474,,,,holder-mapped,,https://www.sec.gov/Archives/edgar/data/1882782/000119312526214819/0001193125-26-214819-index.htm
"Odyssey Therapeutics, Inc.",ODTX,0001882782,0001193125-26-214819,424B4,Priced,2026-05-08,2026-05-04,2026-05-07,Medium,New,279000000.0,15500000,,final 424B4 explicit issuer-only THE OFFERING row,High,16-18,18.0,24.38,2026-09-18T20:00:00+00:00,"BOSTON, MA",SEC submissions metadata,2026-11-03,"Jeffrey M. Leiden, M.D., Ph.D.",,,,,,,,,Lock-up applies — share quantity unavailable,"Filing supports holder lock-up coverage, but the share count is unavailable; locked and liquid quantities are not shown",False,True,Individual,,1.2,,1.2,356263,,,,holder-mapped,,https://www.sec.gov/Archives/edgar/data/1882782/000119312526214819/0001193125-26-214819-index.htm
"Odyssey Therapeutics, Inc.",ODTX,0001882782,0001193125-26-214819,424B4,Priced,2026-05-08,2026-05-04,2026-05-07,Medium,New,279000000.0,15500000,,final 424B4 explicit issuer-only THE OFFERING row,High,16-18,18.0,24.38,2026-09-18T20:00:00+00:00,"BOSTON, MA",SEC submissions metadata,2026-11-03,"Carl L. Gordon, Ph.D., CFA",,,,,,,,,Lock-up applies — share quantity unavailable,"Filing supports holder lock-up coverage, but the share count is unavailable; locked and liquid quantities are not shown",False,True,Individual,,9.0,5.8,9.0,2726198,,,,holder-mapped,,https://www.sec.gov/Archives/edgar/data/1882782/000119312526214819/0001193125-26-214819-index.htm
"Odyssey Therapeutics, Inc.",ODTX,0001882782,0001193125-26-214819,424B4,Priced,2026-05-08,2026-05-04,2026-05-07,Medium,New,279000000.0,15500000,,final 424B4 explicit issuer-only THE OFFERING row,High,16-18,18.0,24.38,2026-09-18T20:00:00+00:00,"BOSTON, MA",SEC submissions metadata,2026-11-03,Nan Li,,,,,,,,,Lock-up applies — share quantity unavailable,"Filing supports holder lock-up coverage, but the share count is unavailable; locked and liquid quantities are not shown",False,True,Individual,,7.3,4.7,7.3,2222405,,,,holder-mapped,,https://www.sec.gov/Archives/edgar/data/1882782/000119312526214819/0001193125-26-214819-index.htm
"Odyssey Therapeutics, Inc.",ODTX,0001882782,0001193125-26-214819,424B4,Priced,2026-05-08,2026-05-04,2026-05-07,Medium,New,279000000.0,15500000,,final 424B4 explicit issuer-only THE OFFERING row,High,16-18,18.0,24.38,2026-09-18T20:00:00+00:00,"BOSTON, MA",SEC submissions metadata,2026-11-03,"Valerie Odegard, Ph.D.",,,,,,,,,Lock-up applies — share quantity unavailable,"Filing supports holder lock-up coverage, but the share count is unavailable; locked and liquid quantities are not shown",False,True,Individual,,,,,62857,,,,holder-mapped,,https://www.sec.gov/Archives/edgar/data/1882782/000119312526214819/0001193125-26-214819-index.htm
"Odyssey Therapeutics, Inc.",ODTX,0001882782,0001193125-26-214819,424B4,Priced,2026-05-08,2026-05-04,2026-05-07,Medium,New,279000000.0,15500000,,final 424B4 explicit issuer-only THE OFFERING row,High,16-18,18.0,24.38,2026-09-18T20:00:00+00:00,"BOSTON, MA",SEC submissions metadata,2026-11-03,Ian F. Smith,,,,,,,,,Lock-up applies — share quantity unavailable,"Filing supports holder lock-up coverage, but the share count is unavailable; locked and liquid quantities are not shown",False,True,Individual,,,,,246100,,,,holder-mapped,,https://www.sec.gov/Archives/edgar/data/1882782/000119312526214819/0001193125-26-214819-index.htm
"Odyssey Therapeutics, Inc.",ODTX,0001882782,0001193125-26-214819,424B4,Priced,2026-05-08,2026-05-04,2026-05-07,Medium,New,279000000.0,15500000,,final 424B4 explicit issuer-only THE OFFERING row,High,16-18,18.0,24.38,2026-09-18T20:00:00+00:00,"BOSTON, MA",SEC submissions metadata,2026-11-03,Timothy P. Walbert,,,,,,,,,Lock-up applies — share quantity unavailable,"Filing supports holder lock-up coverage, but the share count is unavailable; locked and liquid quantities are not shown",False,True,Individual,,,,,87366,,,,holder-mapped,,https://www.sec.gov/Archives/edgar/data/1882782/000119312526214819/0001193125-26-214819-index.htm
"Mobia Medical, Inc.",MOBI,0001489993,0001628280-26-032843,424B4,Priced,2026-05-08,2026-05-04,2026-05-07,Medium,New,150000000.0,10000000,,final 424B4 explicit issuer-only THE OFFERING row,High,14-16,15.0,10.54,2026-09-18T20:00:00+00:00,"Austin, TX",424B4 principal executive office,2026-11-03,Entities affiliated with U.S. Venture Partners,3626826.0,38226746.04,54402390.0,,,,,,Lock-up applies — covered quantity unresolved,"Holder class is supported, but the filing does not establish that the entire disclosed position is covered",False,True,Entity,,10.9,15.6,10.9,3626826,,3626826,,holder-mapped,2026-09-18,https://www.sec.gov/Archives/edgar/data/1489993/000162828026032843/0001628280-26-032843-index.htm
"Mobia Medical, Inc.",MOBI,0001489993,0001628280-26-032843,424B4,Priced,2026-05-08,2026-05-04,2026-05-07,Medium,New,150000000.0,10000000,,final 424B4 explicit issuer-only THE OFFERING row,High,14-16,15.0,10.54,2026-09-18T20:00:00+00:00,"Austin, TX",424B4 principal executive office,2026-11-03,"Entities affiliated with GPG Healthcare Opportunities Fund, LLC",3480102.0,36680275.08,52201530.0,,,,,,Lock-up applies — covered quantity unresolved,"Holder class is supported, but the filing does not establish that the entire disclosed position is covered",False,True,Entity,,10.5,15.0,10.5,3480102,,3480102,,holder-mapped,2026-09-18,https://www.sec.gov/Archives/edgar/data/1489993/000162828026032843/0001628280-26-032843-index.htm
"Mobia Medical, Inc.",MOBI,0001489993,0001628280-26-032843,424B4,Priced,2026-05-08,2026-05-04,2026-05-07,Medium,New,150000000.0,10000000,,final 424B4 explicit issuer-only THE OFFERING row,High,14-16,15.0,10.54,2026-09-18T20:00:00+00:00,"Austin, TX",424B4 principal executive office,2026-11-03,Entities affiliated with Osage University Partners,2877566.0,30329545.64,43163490.0,,,,,,Lock-up applies — covered quantity unresolved,"Holder class is supported, but the filing does not establish that the entire disclosed position is covered",False,True,Entity,,8.7,12.4,8.7,2877566,,2877566,,holder-mapped,2026-09-18,https://www.sec.gov/Archives/edgar/data/1489993/000162828026032843/0001628280-26-032843-index.htm
"Mobia Medical, Inc.",MOBI,0001489993,0001628280-26-032843,424B4,Priced,2026-05-08,2026-05-04,2026-05-07,Medium,New,150000000.0,10000000,,final 424B4 explicit issuer-only THE OFFERING row,High,14-16,15.0,10.54,2026-09-18T20:00:00+00:00,"Austin, TX",424B4 principal executive office,2026-11-03,Lyda Hunt – Bunker Trust – Elizabeth H Curnes,1230039.0,12964611.06,18450585.0,,,,,,Lock-up applies — covered quantity unresolved,"Holder class is supported, but the filing does not establish that the entire disclosed position is covered",False,True,Trust,,3.7,5.3,3.7,1230039,,1230039,,holder-mapped,2026-09-18,https://www.sec.gov/Archives/edgar/data/1489993/000162828026032843/0001628280-26-032843-index.htm
"Mobia Medical, Inc.",MOBI,0001489993,0001628280-26-032843,424B4,Priced,2026-05-08,2026-05-04,2026-05-07,Medium,New,150000000.0,10000000,,final 424B4 explicit issuer-only THE OFFERING row,High,14-16,15.0,10.54,2026-09-18T20:00:00+00:00,"Austin, TX",424B4 principal executive office,2026-11-03,"Synapse Investment, LP",1919406.0,20230539.24,28791090.0,,,,,,Lock-up applies — covered quantity unresolved,"Holder class is supported, but the filing does not establish that the entire disclosed position is covered",False,True,Fund,,5.8,8.3,5.8,1919406,,1919406,,holder-mapped,2026-09-18,https://www.sec.gov/Archives/edgar/data/1489993/000162828026032843/0001628280-26-032843-index.htm
"Mobia Medical, Inc.",MOBI,0001489993,0001628280-26-032843,424B4,Priced,2026-05-08,2026-05-04,2026-05-07,Medium,New,150000000.0,10000000,,final 424B4 explicit issuer-only THE OFFERING row,High,14-16,15.0,10.54,2026-09-18T20:00:00+00:00,"Austin, TX",424B4 principal executive office,2026-11-03,Coöperatieve Gilde Healthcare VG VI U.A.,1421894.0,14986762.76,21328410.0,,,,,,Lock-up applies — covered quantity unresolved,"Holder class is supported, but the filing does not establish that the entire disclosed position is covered",False,True,Entity,,4.3,6.1,4.3,1421894,,1421894,,holder-mapped,2026-09-18,https://www.sec.gov/Archives/edgar/data/1489993/000162828026032843/0001628280-26-032843-index.htm
"Mobia Medical, Inc.",MOBI,0001489993,0001628280-26-032843,424B4,Priced,2026-05-08,2026-05-04,2026-05-07,Medium,New,150000000.0,10000000,,final 424B4 explicit issuer-only THE OFFERING row,High,14-16,15.0,10.54,2026-09-18T20:00:00+00:00,"Austin, TX",424B4 principal executive office,2026-11-03,"Longitude Venture Partners V, L.P.",1421894.0,14986762.76,21328410.0,,,,,,Lock-up applies — covered quantity unresolved,"Holder class is supported, but the filing does not establish that the entire disclosed position is covered",False,True,Fund,,4.3,6.1,4.3,1421894,,1421894,,holder-mapped,2026-09-18,https://www.sec.gov/Archives/edgar/data/1489993/000162828026032843/0001628280-26-032843-index.htm
"Mobia Medical, Inc.",MOBI,0001489993,0001628280-26-032843,424B4,Priced,2026-05-08,2026-05-04,2026-05-07,Medium,New,150000000.0,10000000,,final 424B4 explicit issuer-only THE OFFERING row,High,14-16,15.0,10.54,2026-09-18T20:00:00+00:00,"Austin, TX",424B4 principal executive office,2026-11-03,Richard John Foust,704207.0,7422341.78,10563105.0,,,,,,Lock-up applies — covered quantity unresolved,"Holder class is supported, but the filing does not establish that the entire disclosed position is covered",False,True,Individual,,2.1,2.9,2.1,704207,,704207,,holder-mapped,2026-09-18,https://www.sec.gov/Archives/edgar/data/1489993/000162828026032843/0001628280-26-032843-index.htm
"Mobia Medical, Inc.",MOBI,0001489993,0001628280-26-032843,424B4,Priced,2026-05-08,2026-05-04,2026-05-07,Medium,New,150000000.0,10000000,,final 424B4 explicit issuer-only THE OFFERING row,High,14-16,15.0,10.54,2026-09-18T20:00:00+00:00,"Austin, TX",424B4 principal executive office,2026-11-03,Nelson Bunker Curnes,1427043.0,15041033.22,21405645.0,,,,,,Lock-up applies — covered quantity unresolved,"Holder class is supported, but the filing does not establish that the entire disclosed position is covered",False,True,Individual,,4.3,6.1,4.3,1427043,,1427043,,holder-mapped,2026-09-18,https://www.sec.gov/Archives/edgar/data/1489993/000162828026032843/0001628280-26-032843-index.htm
"Mobia Medical, Inc.",MOBI,0001489993,0001628280-26-032843,424B4,Priced,2026-05-08,2026-05-04,2026-05-07,Medium,New,150000000.0,10000000,,final 424B4 explicit issuer-only THE OFFERING row,High,14-16,15.0,10.54,2026-09-18T20:00:00+00:00,"Austin, TX",424B4 principal executive office,2026-11-03,Douglas (Doug) Ellison,188151.0,1983111.54,2822265.0,,,,,,Lock-up applies — covered quantity unresolved,"Holder class is supported, but the filing does not establish that the entire disclosed position is covered",False,True,Individual,,,,,188151,,188151,,holder-mapped,2026-09-18,https://www.sec.gov/Archives/edgar/data/1489993/000162828026032843/0001628280-26-032843-index.htm
"Mobia Medical, Inc.",MOBI,0001489993,0001628280-26-032843,424B4,Priced,2026-05-08,2026-05-04,2026-05-07,Medium,New,150000000.0,10000000,,final 424B4 explicit issuer-only THE OFFERING row,High,14-16,15.0,10.54,2026-09-18T20:00:00+00:00,"Austin, TX",424B4 principal executive office,2026-11-03,Prashant Rawat,239659.0,2526005.86,3594885.0,,,,,,Lock-up applies — covered quantity unresolved,"Holder class is supported, but the filing does not establish that the entire disclosed position is covered",False,True,Individual,,,1.0,,239659,,239659,,holder-mapped,2026-09-18,https://www.sec.gov/Archives/edgar/data/1489993/000162828026032843/0001628280-26-032843-index.htm
"Mobia Medical, Inc.",MOBI,0001489993,0001628280-26-032843,424B4,Priced,2026-05-08,2026-05-04,2026-05-07,Medium,New,150000000.0,10000000,,final 424B4 explicit issuer-only THE OFFERING row,High,14-16,15.0,10.54,2026-09-18T20:00:00+00:00,"Austin, TX",424B4 principal executive office,2026-11-03,"Dana G. Mead, Jr.",66055.0,696219.7,990825.0,,,,,,Lock-up applies — covered quantity unresolved,"Holder class is supported, but the filing does not establish that the entire disclosed position is covered",False,True,Individual,,,,,66055,,66055,,holder-mapped,2026-09-18,https://www.sec.gov/Archives/edgar/data/1489993/000162828026032843/0001628280-26-032843-index.htm
"Mobia Medical, Inc.",MOBI,0001489993,0001628280-26-032843,424B4,Priced,2026-05-08,2026-05-04,2026-05-07,Medium,New,150000000.0,10000000,,final 424B4 explicit issuer-only THE OFFERING row,High,14-16,15.0,10.54,2026-09-18T20:00:00+00:00,"Austin, TX",424B4 principal executive office,2026-11-03,Thomas Jordan Curnes II,843268.0,8888044.72,12649020.0,,,,,,Lock-up applies — covered quantity unresolved,"Holder class is supported, but the filing does not establish that the entire disclosed position is covered",False,True,Individual,,2.5,3.6,2.5,843268,,843268,,holder-mapped,2026-09-18,https://www.sec.gov/Archives/edgar/data/1489993/000162828026032843/0001628280-26-032843-index.htm
"Mobia Medical, Inc.",MOBI,0001489993,0001628280-26-032843,424B4,Priced,2026-05-08,2026-05-04,2026-05-07,Medium,New,150000000.0,10000000,,final 424B4 explicit issuer-only THE OFFERING row,High,14-16,15.0,10.54,2026-09-18T20:00:00+00:00,"Austin, TX",424B4 principal executive office,2026-11-03,William (Bill) Harrington,2877566.0,30329545.64,43163490.0,,,,,,Lock-up applies — covered quantity unresolved,"Holder class is supported, but the filing does not establish that the entire disclosed position is covered",False,True,Individual,,8.7,12.4,8.7,2877566,,2877566,,holder-mapped,2026-09-18,https://www.sec.gov/Archives/edgar/data/1489993/000162828026032843/0001628280-26-032843-index.htm
"Mobia Medical, Inc.",MOBI,0001489993,0001628280-26-032843,424B4,Priced,2026-05-08,2026-05-04,2026-05-07,Medium,New,150000000.0,10000000,,final 424B4 explicit issuer-only THE OFFERING row,High,14-16,15.0,10.54,2026-09-18T20:00:00+00:00,"Austin, TX",424B4 principal executive office,2026-11-03,Cynthia Lucchese,48752.0,513846.08,731280.0,,,,,,Lock-up applies — covered quantity unresolved,"Holder class is supported, but the filing does not establish that the entire disclosed position is covered",False,True,Individual,,,,,48752,,48752,,holder-mapped,2026-09-18,https://www.sec.gov/Archives/edgar/data/1489993/000162828026032843/0001628280-26-032843-index.htm
"Mobia Medical, Inc.",MOBI,0001489993,0001628280-26-032843,424B4,Priced,2026-05-08,2026-05-04,2026-05-07,Medium,New,150000000.0,10000000,,final 424B4 explicit issuer-only THE OFFERING row,High,14-16,15.0,10.54,2026-09-18T20:00:00+00:00,"Austin, TX",424B4 principal executive office,2026-11-03,Casey Tansey,3793492.0,39983405.68,56902380.0,,,,,,Lock-up applies — covered quantity unresolved,"Holder class is supported, but the filing does not establish that the entire disclosed position is covered",False,True,Individual,,11.4,16.3,11.4,3793492,,3793492,,holder-mapped,2026-09-18,https://www.sec.gov/Archives/edgar/data/1489993/000162828026032843/0001628280-26-032843-index.htm
"HawkEye 360, Inc.",HAWK,0001750704,0001628280-26-032207,424B4,Priced,2026-05-07,2026-05-01,2026-05-06,Medium,New,416000000.0,16000000,,cover share title; explicit issuer-only cover statement matches total; authoritative final 424B4 aggregate IPO price table; explicit issuer offering statement in final 424B4,High,24-26,26.0,16.27,2026-09-18T20:00:00+00:00,"HERNDON, VA",SEC submissions metadata,,Entities affiliated with Insight Partners,14163520.0,230440470.4,368251520.0,,,,,,Unclassified,Unknown — filing has no defensible holder-specific lock-up mapping,False,True,Entity,,15.0,18.1,15.0,,,14163520,,,2026-09-18,https://www.sec.gov/Archives/edgar/data/1750704/000162828026032207/0001628280-26-032207-index.htm
"HawkEye 360, Inc.",HAWK,0001750704,0001628280-26-032207,424B4,Priced,2026-05-07,2026-05-01,2026-05-06,Medium,New,416000000.0,16000000,,cover share title; explicit issuer-only cover statement matches total; authoritative final 424B4 aggregate IPO price table; explicit issuer offering statement in final 424B4,High,24-26,26.0,16.27,2026-09-18T20:00:00+00:00,"HERNDON, VA",SEC submissions metadata,,Entities affiliated with NightDragon,9149414.0,148860965.78,237884764.0,,,,,,Unclassified,Unknown — filing has no defensible holder-specific lock-up mapping,False,True,Entity,,9.7,11.7,9.7,,,9149414,,,2026-09-18,https://www.sec.gov/Archives/edgar/data/1750704/000162828026032207/0001628280-26-032207-index.htm
"HawkEye 360, Inc.",HAWK,0001750704,0001628280-26-032207,424B4,Priced,2026-05-07,2026-05-01,2026-05-06,Medium,New,416000000.0,16000000,,cover share title; explicit issuer-only cover statement matches total; authoritative final 424B4 aggregate IPO price table; explicit issuer offering statement in final 424B4,High,24-26,26.0,16.27,2026-09-18T20:00:00+00:00,"HERNDON, VA",SEC submissions metadata,,GIC Pte Ltd.,6680326.0,108688904.02,173688476.0,,,,,,Unclassified,Unknown — filing has no defensible holder-specific lock-up mapping,False,True,Entity,,7.1,8.5,7.1,,,6680326,,,2026-09-18,https://www.sec.gov/Archives/edgar/data/1750704/000162828026032207/0001628280-26-032207-index.htm
"HawkEye 360, Inc.",HAWK,0001750704,0001628280-26-032207,424B4,Priced,2026-05-07,2026-05-01,2026-05-06,Medium,New,416000000.0,16000000,,cover share title; explicit issuer-only cover statement matches total; authoritative final 424B4 aggregate IPO price table; explicit issuer offering statement in final 424B4,High,24-26,26.0,16.27,2026-09-18T20:00:00+00:00,"HERNDON, VA",SEC submissions metadata,,"Entities affiliated with BlackRock, Inc.",5208390.0,84740505.3,135418140.0,,,,,,Unclassified,Unknown — filing has no defensible holder-specific lock-up mapping,False,True,Entity,,5.5,6.6,5.5,,,5208390,,,2026-09-18,https://www.sec.gov/Archives/edgar/data/1750704/000162828026032207/0001628280-26-032207-index.htm
"HawkEye 360, Inc.",HAWK,0001750704,0001628280-26-032207,424B4,Priced,2026-05-07,2026-05-01,2026-05-06,Medium,New,416000000.0,16000000,,cover share title; explicit issuer-only cover statement matches total; authoritative final 424B4 aggregate IPO price table; explicit issuer offering statement in final 424B4,High,24-26,26.0,16.27,2026-09-18T20:00:00+00:00,"HERNDON, VA",SEC submissions metadata,,"Entities affiliated with Razor’s Edge Ventures II, LLC",4699027.0,76453169.29,122174702.0,,,,,,Unclassified,Unknown — filing has no defensible holder-specific lock-up mapping,False,True,Entity,,5.0,6.0,5.0,,,4699027,,,2026-09-18,https://www.sec.gov/Archives/edgar/data/1750704/000162828026032207/0001628280-26-032207-index.htm
"HawkEye 360, Inc.",HAWK,0001750704,0001628280-26-032207,424B4,Priced,2026-05-07,2026-05-01,2026-05-06,Medium,New,416000000.0,16000000,,cover share title; explicit issuer-only cover statement matches total; authoritative final 424B4 aggregate IPO price table; explicit issuer offering statement in final 424B4,High,24-26,26.0,16.27,2026-09-18T20:00:00+00:00,"HERNDON, VA",SEC submissions metadata,,John Serafini,3840487.0,62484723.49,99852662.0,,,,,,Unclassified,Unknown — filing has no defensible holder-specific lock-up mapping,False,True,Individual,,3.9,4.7,3.9,,,3840487,,,2026-09-18,https://www.sec.gov/Archives/edgar/data/1750704/000162828026032207/0001628280-26-032207-index.htm
"HawkEye 360, Inc.",HAWK,0001750704,0001628280-26-032207,424B4,Priced,2026-05-07,2026-05-01,2026-05-06,Medium,New,416000000.0,16000000,,cover share title; explicit issuer-only cover statement matches total; authoritative final 424B4 aggregate IPO price table; explicit issuer offering statement in final 424B4,High,24-26,26.0,16.27,2026-09-18T20:00:00+00:00,"HERNDON, VA",SEC submissions metadata,,Todd Probert,298332.0,4853861.64,7756632.0,,,,,,Unclassified,Unknown — filing has no defensible holder-specific lock-up mapping,False,True,Individual,,,,,,,298332,,,2026-09-18,https://www.sec.gov/Archives/edgar/data/1750704/000162828026032207/0001628280-26-032207-index.htm
"HawkEye 360, Inc.",HAWK,0001750704,0001628280-26-032207,424B4,Priced,2026-05-07,2026-05-01,2026-05-06,Medium,New,416000000.0,16000000,,cover share title; explicit issuer-only cover statement matches total; authoritative final 424B4 aggregate IPO price table; explicit issuer offering statement in final 424B4,High,24-26,26.0,16.27,2026-09-18T20:00:00+00:00,"HERNDON, VA",SEC submissions metadata,,Craig Searle,62960.0,1024359.2,1636960.0,,,,,,Unclassified,Unknown — filing has no defensible holder-specific lock-up mapping,False,True,Individual,,,,,,,62960,,,2026-09-18,https://www.sec.gov/Archives/edgar/data/1750704/000162828026032207/0001628280-26-032207-index.htm
"HawkEye 360, Inc.",HAWK,0001750704,0001628280-26-032207,424B4,Priced,2026-05-07,2026-05-01,2026-05-06,Medium,New,416000000.0,16000000,,cover share title; explicit issuer-only cover statement matches total; authoritative final 424B4 aggregate IPO price table; explicit issuer offering statement in final 424B4,High,24-26,26.0,16.27,2026-09-18T20:00:00+00:00,"HERNDON, VA",SEC submissions metadata,,David G. DeWalt,9583067.0,155916500.09,249159742.0,,,,,,Unclassified,Unknown — filing has no defensible holder-specific lock-up mapping,False,True,Individual,,10.2,12.3,10.2,,,9583067,,,2026-09-18,https://www.sec.gov/Archives/edgar/data/1750704/000162828026032207/0001628280-26-032207-index.htm
"HawkEye 360, Inc.",HAWK,0001750704,0001628280-26-032207,424B4,Priced,2026-05-07,2026-05-01,2026-05-06,Medium,New,416000000.0,16000000,,cover share title; explicit issuer-only cover statement matches total; authoritative final 424B4 aggregate IPO price table; explicit issuer offering statement in final 424B4,High,24-26,26.0,16.27,2026-09-18T20:00:00+00:00,"HERNDON, VA",SEC submissions metadata,,Arthur Money,256518.0,4173547.86,6669468.0,,,,,,Unclassified,Unknown — filing has no defensible holder-specific lock-up mapping,False,True,Individual,,,,,,,256518,,,2026-09-18,https://www.sec.gov/Archives/edgar/data/1750704/000162828026032207/0001628280-26-032207-index.htm
"HawkEye 360, Inc.",HAWK,0001750704,0001628280-26-032207,424B4,Priced,2026-05-07,2026-05-01,2026-05-06,Medium,New,416000000.0,16000000,,cover share title; explicit issuer-only cover statement matches total; authoritative final 424B4 aggregate IPO price table; explicit issuer offering statement in final 424B4,High,24-26,26.0,16.27,2026-09-18T20:00:00+00:00,"HERNDON, VA",SEC submissions metadata,,James “Sandy” Winnefeld,137770.0,2241517.9,3582020.0,,,,,,Unclassified,Unknown — filing has no defensible holder-specific lock-up mapping,False,True,Individual,,,,,,,137770,,,2026-09-18,https://www.sec.gov/Archives/edgar/data/1750704/000162828026032207/0001628280-26-032207-index.htm
"Seaport Therapeutics, Inc.",SPTX,0002042347,0001193125-26-201758,424B4,Priced,2026-05-01,2026-04-27,2026-04-30,High,New,254880000.0,14160000,,final 424B4 explicit issuer-only THE OFFERING row,High,16-18,18.0,21.39,2026-09-18T20:00:00+00:00,"BOSTON, MA",SEC submissions metadata,2026-10-27,"PureTech LYT, Inc.",16685013.0,356892428.07,300330234.0,0,0.0,16685013.0,356892428.07,,Locked,High — prospectus expressly maps the full covered position; disclosed exceptions or underwriter waivers may apply,False,True,Entity,,31.5,42.9,31.5,,,16685013,,holder-mapped,2026-09-18,https://www.sec.gov/Archives/edgar/data/2042347/000119312526201758/0001193125-26-201758-index.htm
"Seaport Therapeutics, Inc.",SPTX,0002042347,0001193125-26-201758,424B4,Priced,2026-05-01,2026-04-27,2026-04-30,High,New,254880000.0,14160000,,final 424B4 explicit issuer-only THE OFFERING row,High,16-18,18.0,21.39,2026-09-18T20:00:00+00:00,"BOSTON, MA",SEC submissions metadata,2026-10-27,"ARCH Venture Fund XII, L.P.",5194951.0,111120001.89,93509118.0,0,0.0,5194951.0,111120001.89,,Locked,High — prospectus expressly maps the full covered position; disclosed exceptions or underwriter waivers may apply,False,True,Fund,,9.8,13.4,9.8,,,5194951,,holder-mapped,2026-09-18,https://www.sec.gov/Archives/edgar/data/2042347/000119312526201758/0001193125-26-201758-index.htm
"Seaport Therapeutics, Inc.",SPTX,0002042347,0001193125-26-201758,424B4,Priced,2026-05-01,2026-04-27,2026-04-30,High,New,254880000.0,14160000,,final 424B4 explicit issuer-only THE OFFERING row,High,16-18,18.0,21.39,2026-09-18T20:00:00+00:00,"BOSTON, MA",SEC submissions metadata,2026-10-27,"General Atlantic (SP), L.P.",3351582.0,71690338.98,60328476.0,0,0.0,3351582.0,71690338.98,,Locked,High — prospectus expressly maps the full covered position; disclosed exceptions or underwriter waivers may apply,False,True,Fund,,6.3,8.6,6.3,,,3351582,,holder-mapped,2026-09-18,https://www.sec.gov/Archives/edgar/data/2042347/000119312526201758/0001193125-26-201758-index.htm
"Seaport Therapeutics, Inc.",SPTX,0002042347,0001193125-26-201758,424B4,Priced,2026-05-01,2026-04-27,2026-04-30,High,New,254880000.0,14160000,,final 424B4 explicit issuer-only THE OFFERING row,High,16-18,18.0,21.39,2026-09-18T20:00:00+00:00,"BOSTON, MA",SEC submissions metadata,2026-10-27,"Sofinnova Venture Partners XI, L.P.",2731538.0,58427597.82,49167684.0,0,0.0,2731538.0,58427597.82,,Locked,High — prospectus expressly maps the full covered position; disclosed exceptions or underwriter waivers may apply,False,True,Fund,,5.2,7.0,5.2,,,2731538,,holder-mapped,2026-09-18,https://www.sec.gov/Archives/edgar/data/2042347/000119312526201758/0001193125-26-201758-index.htm
"Seaport Therapeutics, Inc.",SPTX,0002042347,0001193125-26-201758,424B4,Priced,2026-05-01,2026-04-27,2026-04-30,High,New,254880000.0,14160000,,final 424B4 explicit issuer-only THE OFFERING row,High,16-18,18.0,21.39,2026-09-18T20:00:00+00:00,"BOSTON, MA",SEC submissions metadata,2026-10-27,"Third Rock Ventures VI, L.P.",2061222.0,44089538.58,37101996.0,0,0.0,2061222.0,44089538.58,,Locked,High — prospectus expressly maps the full covered position; disclosed exceptions or underwriter waivers may apply,False,True,Fund,,3.9,5.3,3.9,,,2061222,,holder-mapped,2026-09-18,https://www.sec.gov/Archives/edgar/data/2042347/000119312526201758/0001193125-26-201758-index.htm
"Seaport Therapeutics, Inc.",SPTX,0002042347,0001193125-26-201758,424B4,Priced,2026-05-01,2026-04-27,2026-04-30,High,New,254880000.0,14160000,,final 424B4 explicit issuer-only THE OFFERING row,High,16-18,18.0,21.39,2026-09-18T20:00:00+00:00,"BOSTON, MA",SEC submissions metadata,2026-10-27,"Daphne Zohar, Chief Executive Officer and Director",3393013.0,72576548.07,61074234.0,0,0.0,3393013.0,72576548.07,,Locked,High — prospectus expressly maps the full covered position; disclosed exceptions or underwriter waivers may apply,False,True,Individual,,6.1,8.3,6.1,,,3393013,,holder-mapped,2026-09-18,https://www.sec.gov/Archives/edgar/data/2042347/000119312526201758/0001193125-26-201758-index.htm
"Seaport Therapeutics, Inc.",SPTX,0002042347,0001193125-26-201758,424B4,Priced,2026-05-01,2026-04-27,2026-04-30,High,New,254880000.0,14160000,,final 424B4 explicit issuer-only THE OFFERING row,High,16-18,18.0,21.39,2026-09-18T20:00:00+00:00,"BOSTON, MA",SEC submissions metadata,2026-10-27,Michael C. Chen,262783.0,5620928.37,4730094.0,0,0.0,262783.0,5620928.37,,Locked,High — prospectus expressly maps the full covered position; disclosed exceptions or underwriter waivers may apply,False,True,Individual,,,,,,,262783,,holder-mapped,2026-09-18,https://www.sec.gov/Archives/edgar/data/2042347/000119312526201758/0001193125-26-201758-index.htm
"Seaport Therapeutics, Inc.",SPTX,0002042347,0001193125-26-201758,424B4,Priced,2026-05-01,2026-04-27,2026-04-30,High,New,254880000.0,14160000,,final 424B4 explicit issuer-only THE OFFERING row,High,16-18,18.0,21.39,2026-09-18T20:00:00+00:00,"BOSTON, MA",SEC submissions metadata,2026-10-27,"Antony Loebel, M.D.",276571.0,5915853.69,4978278.0,0,0.0,276571.0,5915853.69,,Locked,High — prospectus expressly maps the full covered position; disclosed exceptions or underwriter waivers may apply,False,True,Individual,,,,,,,276571,,holder-mapped,2026-09-18,https://www.sec.gov/Archives/edgar/data/2042347/000119312526201758/0001193125-26-201758-index.htm
"Seaport Therapeutics, Inc.",SPTX,0002042347,0001193125-26-201758,424B4,Priced,2026-05-01,2026-04-27,2026-04-30,High,New,254880000.0,14160000,,final 424B4 explicit issuer-only THE OFFERING row,High,16-18,18.0,21.39,2026-09-18T20:00:00+00:00,"BOSTON, MA",SEC submissions metadata,2026-10-27,"Steven M. Paul, M.D.",2317711.0,49575838.29,41718798.0,0,0.0,2317711.0,49575838.29,,Locked,High — prospectus expressly maps the full covered position; disclosed exceptions or underwriter waivers may apply,False,True,Individual,,4.3,5.8,4.3,,,2317711,,holder-mapped,2026-09-18,https://www.sec.gov/Archives/edgar/data/2042347/000119312526201758/0001193125-26-201758-index.htm
"Seaport Therapeutics, Inc.",SPTX,0002042347,0001193125-26-201758,424B4,Priced,2026-05-01,2026-04-27,2026-04-30,High,New,254880000.0,14160000,,final 424B4 explicit issuer-only THE OFFERING row,High,16-18,18.0,21.39,2026-09-18T20:00:00+00:00,"BOSTON, MA",SEC submissions metadata,2026-10-27,"James I. Healy, M.D., Ph.D.",2731538.0,58427597.82,49167684.0,0,0.0,2731538.0,58427597.82,,Locked,High — prospectus expressly maps the full covered position; disclosed exceptions or underwriter waivers may apply,False,True,Individual,,5.2,7.0,5.2,,,2731538,,holder-mapped,2026-09-18,https://www.sec.gov/Archives/edgar/data/2042347/000119312526201758/0001193125-26-201758-index.htm
"Seaport Therapeutics, Inc.",SPTX,0002042347,0001193125-26-201758,424B4,Priced,2026-05-01,2026-04-27,2026-04-30,High,New,254880000.0,14160000,,final 424B4 explicit issuer-only THE OFFERING row,High,16-18,18.0,21.39,2026-09-18T20:00:00+00:00,"BOSTON, MA",SEC submissions metadata,2026-10-27,Robert J. Hombach,29960.0,640844.4,539280.0,0,0.0,29960.0,640844.4,,Locked,High — prospectus expressly maps the full covered position; disclosed exceptions or underwriter waivers may apply,False,True,Individual,,,,,,,29960,,holder-mapped,2026-09-18,https://www.sec.gov/Archives/edgar/data/2042347/000119312526201758/0001193125-26-201758-index.htm
"Seaport Therapeutics, Inc.",SPTX,0002042347,0001193125-26-201758,424B4,Priced,2026-05-01,2026-04-27,2026-04-30,High,New,254880000.0,14160000,,final 424B4 explicit issuer-only THE OFFERING row,High,16-18,18.0,21.39,2026-09-18T20:00:00+00:00,"BOSTON, MA",SEC submissions metadata,2026-10-27,Sandra E. Peterson,36380.0,778168.2,654840.0,0,0.0,36380.0,778168.2,,Locked,High — prospectus expressly maps the full covered position; disclosed exceptions or underwriter waivers may apply,False,True,Individual,,,,,,,36380,,holder-mapped,2026-09-18,https://www.sec.gov/Archives/edgar/data/2042347/000119312526201758/0001193125-26-201758-index.htm
"Seaport Therapeutics, Inc.",SPTX,0002042347,0001193125-26-201758,424B4,Priced,2026-05-01,2026-04-27,2026-04-30,High,New,254880000.0,14160000,,final 424B4 explicit issuer-only THE OFFERING row,High,16-18,18.0,21.39,2026-09-18T20:00:00+00:00,"BOSTON, MA",SEC submissions metadata,2026-10-27,"Denice Torres, J.D.",66907.0,1431140.73,1204326.0,0,0.0,66907.0,1431140.73,,Locked,High — prospectus expressly maps the full covered position; disclosed exceptions or underwriter waivers may apply,False,True,Individual,,,,,,,66907,,holder-mapped,2026-09-18,https://www.sec.gov/Archives/edgar/data/2042347/000119312526201758/0001193125-26-201758-index.htm
"Seaport Therapeutics, Inc.",SPTX,0002042347,0001193125-26-201758,424B4,Priced,2026-05-01,2026-04-27,2026-04-30,High,New,254880000.0,14160000,,final 424B4 explicit issuer-only THE OFFERING row,High,16-18,18.0,21.39,2026-09-18T20:00:00+00:00,"BOSTON, MA",SEC submissions metadata,2026-10-27,"David Wheadon, M.D.",44940.0,961266.6,808920.0,0,0.0,44940.0,961266.6,,Locked,High — prospectus expressly maps the full covered position; disclosed exceptions or underwriter waivers may apply,False,True,Individual,,,,,,,44940,,holder-mapped,2026-09-18,https://www.sec.gov/Archives/edgar/data/2042347/000119312526201758/0001193125-26-201758-index.htm
"Hemab Therapeutics Holdings, Inc.",COAG,0002114044,0001193125-26-201458,424B4,Priced,2026-05-01,2026-04-30,2026-04-30,Medium,New,301500000.0,16750000,,final 424B4 explicit issuer-only THE OFFERING row,High,16-18,18.0,41.19,2026-09-18T20:00:00+00:00,"Cambridge, MA",424B4 principal executive office,2026-10-27,"Entities affiliated with RA Capital Management, L.P.",4838086.0,199280762.34,87085548.0,0,0.0,4838086.0,199280762.34,,Locked,High — prospectus expressly maps the full covered position; disclosed exceptions or underwriter waivers may apply,False,True,Entity,,10.95,17.63,10.95,,,4838086,,holder-mapped,2026-09-18,https://www.sec.gov/Archives/edgar/data/2114044/000119312526201458/0001193125-26-201458-index.htm
"Hemab Therapeutics Holdings, Inc.",COAG,0002114044,0001193125-26-201458,424B4,Priced,2026-05-01,2026-04-30,2026-04-30,Medium,New,301500000.0,16750000,,final 424B4 explicit issuer-only THE OFFERING row,High,16-18,18.0,41.19,2026-09-18T20:00:00+00:00,"Cambridge, MA",424B4 principal executive office,2026-10-27,Novo Holdings A/S,4180550.0,172196854.5,75249900.0,0,0.0,4180550.0,172196854.5,,Locked,High — prospectus expressly maps the full covered position; disclosed exceptions or underwriter waivers may apply,False,True,Entity,,,,,,,4180550,,holder-mapped,2026-09-18,https://www.sec.gov/Archives/edgar/data/2114044/000119312526201458/0001193125-26-201458-index.htm
"Hemab Therapeutics Holdings, Inc.",COAG,0002114044,0001193125-26-201458,424B4,Priced,2026-05-01,2026-04-30,2026-04-30,Medium,New,301500000.0,16750000,,final 424B4 explicit issuer-only THE OFFERING row,High,16-18,18.0,41.19,2026-09-18T20:00:00+00:00,"Cambridge, MA",424B4 principal executive office,2026-10-27,AI DEN-MAB LLC,3776344.0,155547609.36,67974192.0,0,0.0,3776344.0,155547609.36,,Locked,High — prospectus expressly maps the full covered position; disclosed exceptions or underwriter waivers may apply,False,True,Entity,,,,,,,3776344,,holder-mapped,2026-09-18,https://www.sec.gov/Archives/edgar/data/2114044/000119312526201458/0001193125-26-201458-index.htm
"Hemab Therapeutics Holdings, Inc.",COAG,0002114044,0001193125-26-201458,424B4,Priced,2026-05-01,2026-04-30,2026-04-30,Medium,New,301500000.0,16750000,,final 424B4 explicit issuer-only THE OFFERING row,High,16-18,18.0,41.19,2026-09-18T20:00:00+00:00,"Cambridge, MA",424B4 principal executive office,2026-10-27,Sofinnova Crossover II SLP,2373712.0,97773197.28,42726816.0,0,0.0,2373712.0,97773197.28,,Locked,High — prospectus expressly maps the full covered position; disclosed exceptions or underwriter waivers may apply,False,True,Individual,,,,,,,2373712,,holder-mapped,2026-09-18,https://www.sec.gov/Archives/edgar/data/2114044/000119312526201458/0001193125-26-201458-index.htm
"Hemab Therapeutics Holdings, Inc.",COAG,0002114044,0001193125-26-201458,424B4,Priced,2026-05-01,2026-04-30,2026-04-30,Medium,New,301500000.0,16750000,,final 424B4 explicit issuer-only THE OFFERING row,High,16-18,18.0,41.19,2026-09-18T20:00:00+00:00,"Cambridge, MA",424B4 principal executive office,2026-10-27,"Entities affiliated with Deep Track Capital, LP",2193862.0,90365175.78,39489516.0,0,0.0,2193862.0,90365175.78,,Locked,High — prospectus expressly maps the full covered position; disclosed exceptions or underwriter waivers may apply,False,True,Entity,,,,,,,2193862,,holder-mapped,2026-09-18,https://www.sec.gov/Archives/edgar/data/2114044/000119312526201458/0001193125-26-201458-index.htm
"Hemab Therapeutics Holdings, Inc.",COAG,0002114044,0001193125-26-201458,424B4,Priced,2026-05-01,2026-04-30,2026-04-30,Medium,New,301500000.0,16750000,,final 424B4 explicit issuer-only THE OFFERING row,High,16-18,18.0,41.19,2026-09-18T20:00:00+00:00,"Cambridge, MA",424B4 principal executive office,2026-10-27,"SMALLCAP World Fund, Inc.",2157914.0,88884477.66,38842452.0,0,0.0,2157914.0,88884477.66,,Locked,High — prospectus expressly maps the full covered position; disclosed exceptions or underwriter waivers may apply,False,True,Fund,,,,,,,2157914,,holder-mapped,2026-09-18,https://www.sec.gov/Archives/edgar/data/2114044/000119312526201458/0001193125-26-201458-index.htm
"Hemab Therapeutics Holdings, Inc.",COAG,0002114044,0001193125-26-201458,424B4,Priced,2026-05-01,2026-04-30,2026-04-30,Medium,New,301500000.0,16750000,,final 424B4 explicit issuer-only THE OFFERING row,High,16-18,18.0,41.19,2026-09-18T20:00:00+00:00,"Cambridge, MA",424B4 principal executive office,2026-10-27,"Healthcap VIII, L.P.",1894662.0,78041127.78,34103916.0,0,0.0,1894662.0,78041127.78,,Locked,High — prospectus expressly maps the full covered position; disclosed exceptions or underwriter waivers may apply,False,True,Fund,,,,,,,1894662,,holder-mapped,2026-09-18,https://www.sec.gov/Archives/edgar/data/2114044/000119312526201458/0001193125-26-201458-index.htm
"Hemab Therapeutics Holdings, Inc.",COAG,0002114044,0001193125-26-201458,424B4,Priced,2026-05-01,2026-04-30,2026-04-30,Medium,New,301500000.0,16750000,,final 424B4 explicit issuer-only THE OFFERING row,High,16-18,18.0,41.19,2026-09-18T20:00:00+00:00,"Cambridge, MA",424B4 principal executive office,2026-10-27,Entities affiliated with Avoro Ventures,1798236.0,74069340.84,32368248.0,0,0.0,1798236.0,74069340.84,,Locked,High — prospectus expressly maps the full covered position; disclosed exceptions or underwriter waivers may apply,False,True,Entity,,,,,,,1798236,,holder-mapped,2026-09-18,https://www.sec.gov/Archives/edgar/data/2114044/000119312526201458/0001193125-26-201458-index.htm
"Hemab Therapeutics Holdings, Inc.",COAG,0002114044,0001193125-26-201458,424B4,Priced,2026-05-01,2026-04-30,2026-04-30,Medium,New,301500000.0,16750000,,final 424B4 explicit issuer-only THE OFFERING row,High,16-18,18.0,41.19,2026-09-18T20:00:00+00:00,"Cambridge, MA",424B4 principal executive office,2026-10-27,Benny Sørensen,649880.0,26768557.2,11697840.0,0,0.0,649880.0,26768557.2,,Locked,High — prospectus expressly maps the full covered position; disclosed exceptions or underwriter waivers may apply,False,True,Individual,,,2.37,,,,649880,,holder-mapped,2026-09-18,https://www.sec.gov/Archives/edgar/data/2114044/000119312526201458/0001193125-26-201458-index.htm
"Hemab Therapeutics Holdings, Inc.",COAG,0002114044,0001193125-26-201458,424B4,Priced,2026-05-01,2026-04-30,2026-04-30,Medium,New,301500000.0,16750000,,final 424B4 explicit issuer-only THE OFFERING row,High,16-18,18.0,41.19,2026-09-18T20:00:00+00:00,"Cambridge, MA",424B4 principal executive office,2026-10-27,Mads Behrndt,288596.0,11887269.24,5194728.0,0,0.0,288596.0,11887269.24,,Locked,High — prospectus expressly maps the full covered position; disclosed exceptions or underwriter waivers may apply,False,True,Individual,,,,,,,288596,,holder-mapped,2026-09-18,https://www.sec.gov/Archives/edgar/data/2114044/000119312526201458/0001193125-26-201458-index.htm
"Hemab Therapeutics Holdings, Inc.",COAG,0002114044,0001193125-26-201458,424B4,Priced,2026-05-01,2026-04-30,2026-04-30,Medium,New,301500000.0,16750000,,final 424B4 explicit issuer-only THE OFFERING row,High,16-18,18.0,41.19,2026-09-18T20:00:00+00:00,"Cambridge, MA",424B4 principal executive office,2026-10-27,Catherine Madigan,55066.0,2268168.54,991188.0,0,0.0,55066.0,2268168.54,,Locked,High — prospectus expressly maps the full covered position; disclosed exceptions or underwriter waivers may apply,False,True,Individual,,,,,,,55066,,holder-mapped,2026-09-18,https://www.sec.gov/Archives/edgar/data/2114044/000119312526201458/0001193125-26-201458-index.htm
"Hemab Therapeutics Holdings, Inc.",COAG,0002114044,0001193125-26-201458,424B4,Priced,2026-05-01,2026-04-30,2026-04-30,Medium,New,301500000.0,16750000,,final 424B4 explicit issuer-only THE OFFERING row,High,16-18,18.0,41.19,2026-09-18T20:00:00+00:00,"Cambridge, MA",424B4 principal executive office,2026-10-27,John Maraganore,185570.0,7643628.3,3340260.0,0,0.0,185570.0,7643628.3,,Locked,High — prospectus expressly maps the full covered position; disclosed exceptions or underwriter waivers may apply,False,True,Individual,,,,,,,185570,,holder-mapped,2026-09-18,https://www.sec.gov/Archives/edgar/data/2114044/000119312526201458/0001193125-26-201458-index.htm
"Hemab Therapeutics Holdings, Inc.",COAG,0002114044,0001193125-26-201458,424B4,Priced,2026-05-01,2026-04-30,2026-04-30,Medium,New,301500000.0,16750000,,final 424B4 explicit issuer-only THE OFFERING row,High,16-18,18.0,41.19,2026-09-18T20:00:00+00:00,"Cambridge, MA",424B4 principal executive office,2026-10-27,Linda Bain,48048.0,1979097.12,864864.0,0,0.0,48048.0,1979097.12,,Locked,High — prospectus expressly maps the full covered position; disclosed exceptions or underwriter waivers may apply,False,True,Individual,,,,,,,48048,,holder-mapped,2026-09-18,https://www.sec.gov/Archives/edgar/data/2114044/000119312526201458/0001193125-26-201458-index.htm
"Hemab Therapeutics Holdings, Inc.",COAG,0002114044,0001193125-26-201458,424B4,Priced,2026-05-01,2026-04-30,2026-04-30,Medium,New,301500000.0,16750000,,final 424B4 explicit issuer-only THE OFFERING row,High,16-18,18.0,41.19,2026-09-18T20:00:00+00:00,"Cambridge, MA",424B4 principal executive office,2026-10-27,Akshay Vaishnaw,25586.0,1053887.34,460548.0,0,0.0,25586.0,1053887.34,,Locked,High — prospectus expressly maps the full covered position; disclosed exceptions or underwriter waivers may apply,False,True,Individual,,,,,,,25586,,holder-mapped,2026-09-18,https://www.sec.gov/Archives/edgar/data/2114044/000119312526201458/0001193125-26-201458-index.htm
Avalyn Pharma Inc.,AVLN,0001540171,0001193125-26-197686,424B4,Priced,2026-04-30,2026-04-29,2026-04-29,Medium,New,300000006.0,16666667,,final 424B4 explicit issuer-only THE OFFERING row,High,16-18,18.0,31.52,2026-09-18T20:00:00+00:00,"BOSTON, MA",SEC submissions metadata,2026-10-26,F-Prime Capital Partners Healthcare Fund V LP,2284535.0,72008543.2,41121630.0,,,,,,Unclassified,Unknown — filing has no defensible holder-specific lock-up mapping,False,False,Fund,,5.46,9.08,5.46,,,2284535,,filing-level-unmapped,2026-09-18,https://www.sec.gov/Archives/edgar/data/1540171/000119312526197686/0001193125-26-197686-index.htm
Avalyn Pharma Inc.,AVLN,0001540171,0001193125-26-197686,424B4,Priced,2026-04-30,2026-04-29,2026-04-29,Medium,New,300000006.0,16666667,,final 424B4 explicit issuer-only THE OFFERING row,High,16-18,18.0,31.52,2026-09-18T20:00:00+00:00,"BOSTON, MA",SEC submissions metadata,2026-10-26,"Mutual Fund Series Trust, on behalf of Eventide Healthcare & Life Sciences Fund",1275486.0,40203318.72,22958748.0,,,,,,Unclassified,Unknown — filing has no defensible holder-specific lock-up mapping,False,False,Trust,,3.05,5.07,3.05,,,1275486,,filing-level-unmapped,2026-09-18,https://www.sec.gov/Archives/edgar/data/1540171/000119312526197686/0001193125-26-197686-index.htm
Avalyn Pharma Inc.,AVLN,0001540171,0001193125-26-197686,424B4,Priced,2026-04-30,2026-04-29,2026-04-29,Medium,New,300000006.0,16666667,,final 424B4 explicit issuer-only THE OFFERING row,High,16-18,18.0,31.52,2026-09-18T20:00:00+00:00,"BOSTON, MA",SEC submissions metadata,2026-10-26,"Norwest Venture Partners XV, LP",2118404.0,66772094.08,38131272.0,,,,,,Unclassified,Unknown — filing has no defensible holder-specific lock-up mapping,False,False,Fund,,5.07,8.42,5.07,,,2118404,,filing-level-unmapped,2026-09-18,https://www.sec.gov/Archives/edgar/data/1540171/000119312526197686/0001193125-26-197686-index.htm
Avalyn Pharma Inc.,AVLN,0001540171,0001193125-26-197686,424B4,Priced,2026-04-30,2026-04-29,2026-04-29,Medium,New,300000006.0,16666667,,final 424B4 explicit issuer-only THE OFFERING row,High,16-18,18.0,31.52,2026-09-18T20:00:00+00:00,"BOSTON, MA",SEC submissions metadata,2026-10-26,Novo Holdings A/S,3327734.0,104890175.68,59899212.0,,,,,,Unclassified,Unknown — filing has no defensible holder-specific lock-up mapping,False,False,Entity,,7.96,13.23,7.96,,,3327734,,filing-level-unmapped,2026-09-18,https://www.sec.gov/Archives/edgar/data/1540171/000119312526197686/0001193125-26-197686-index.htm
Avalyn Pharma Inc.,AVLN,0001540171,0001193125-26-197686,424B4,Priced,2026-04-30,2026-04-29,2026-04-29,Medium,New,300000006.0,16666667,,final 424B4 explicit issuer-only THE OFFERING row,High,16-18,18.0,31.52,2026-09-18T20:00:00+00:00,"BOSTON, MA",SEC submissions metadata,2026-10-26,"Perceptive Xontogeny Venture Fund II, LP",2250296.0,70929329.92,40505328.0,,,,,,Unclassified,Unknown — filing has no defensible holder-specific lock-up mapping,False,False,Fund,,5.38,8.95,5.38,,,2250296,,filing-level-unmapped,2026-09-18,https://www.sec.gov/Archives/edgar/data/1540171/000119312526197686/0001193125-26-197686-index.htm
Avalyn Pharma Inc.,AVLN,0001540171,0001193125-26-197686,424B4,Priced,2026-04-30,2026-04-29,2026-04-29,Medium,New,300000006.0,16666667,,final 424B4 explicit issuer-only THE OFFERING row,High,16-18,18.0,31.52,2026-09-18T20:00:00+00:00,"BOSTON, MA",SEC submissions metadata,2026-10-26,Entities affiliated with SR One Capital,2753094.0,86777522.88,49555692.0,,,,,,Unclassified,Unknown — filing has no defensible holder-specific lock-up mapping,False,False,Entity,,6.58,10.95,6.58,,,2753094,,filing-level-unmapped,2026-09-18,https://www.sec.gov/Archives/edgar/data/1540171/000119312526197686/0001193125-26-197686-index.htm
Avalyn Pharma Inc.,AVLN,0001540171,0001193125-26-197686,424B4,Priced,2026-04-30,2026-04-29,2026-04-29,Medium,New,300000006.0,16666667,,final 424B4 explicit issuer-only THE OFFERING row,High,16-18,18.0,31.52,2026-09-18T20:00:00+00:00,"BOSTON, MA",SEC submissions metadata,2026-10-26,Entities affiliated with Vida Ventures,1275486.0,40203318.72,22958748.0,,,,,,Unclassified,Unknown — filing has no defensible holder-specific lock-up mapping,False,False,Entity,,3.05,5.07,3.05,,,1275486,,filing-level-unmapped,2026-09-18,https://www.sec.gov/Archives/edgar/data/1540171/000119312526197686/0001193125-26-197686-index.htm
Avalyn Pharma Inc.,AVLN,0001540171,0001193125-26-197686,424B4,Priced,2026-04-30,2026-04-29,2026-04-29,Medium,New,300000006.0,16666667,,final 424B4 explicit issuer-only THE OFFERING row,High,16-18,18.0,31.52,2026-09-18T20:00:00+00:00,"BOSTON, MA",SEC submissions metadata,2026-10-26,Wellington Biomedical Innovation Master Investors (Cayman) II L.P.,1275486.0,40203318.72,22958748.0,,,,,,Unclassified,Unknown — filing has no defensible holder-specific lock-up mapping,False,False,Fund,,3.05,5.07,3.05,,,1275486,,filing-level-unmapped,2026-09-18,https://www.sec.gov/Archives/edgar/data/1540171/000119312526197686/0001193125-26-197686-index.htm
Avalyn Pharma Inc.,AVLN,0001540171,0001193125-26-197686,424B4,Priced,2026-04-30,2026-04-29,2026-04-29,Medium,New,300000006.0,16666667,,final 424B4 explicit issuer-only THE OFFERING row,High,16-18,18.0,31.52,2026-09-18T20:00:00+00:00,"BOSTON, MA",SEC submissions metadata,2026-10-26,"Lyn Baranowski, Chief Executive Officer and Director",968738.0,30534621.76,17437284.0,,,,,,Unclassified,Unknown — filing has no defensible holder-specific lock-up mapping,False,False,Individual,,2.32,3.71,2.32,,,968738,,filing-level-unmapped,2026-09-18,https://www.sec.gov/Archives/edgar/data/1540171/000119312526197686/0001193125-26-197686-index.htm
Avalyn Pharma Inc.,AVLN,0001540171,0001193125-26-197686,424B4,Priced,2026-04-30,2026-04-29,2026-04-29,Medium,New,300000006.0,16666667,,final 424B4 explicit issuer-only THE OFFERING row,High,16-18,18.0,31.52,2026-09-18T20:00:00+00:00,"BOSTON, MA",SEC submissions metadata,2026-10-26,"Douglas Carlson, Chief Financial Officer and Chief (10) Business Officer",156143.0,4921627.36,2810574.0,,,,,,Unclassified,Unknown — filing has no defensible holder-specific lock-up mapping,False,False,Individual,,,,,,,156143,,filing-level-unmapped,2026-09-18,https://www.sec.gov/Archives/edgar/data/1540171/000119312526197686/0001193125-26-197686-index.htm
Avalyn Pharma Inc.,AVLN,0001540171,0001193125-26-197686,424B4,Priced,2026-04-30,2026-04-29,2026-04-29,Medium,New,300000006.0,16666667,,final 424B4 explicit issuer-only THE OFFERING row,High,16-18,18.0,31.52,2026-09-18T20:00:00+00:00,"BOSTON, MA",SEC submissions metadata,2026-10-26,"Melissa Rhodes, Ph.D., D.A.B.T., Chief Operating Officer",150405.0,4740765.6,2707290.0,,,,,,Unclassified,Unknown — filing has no defensible holder-specific lock-up mapping,False,False,Individual,,,,,,,150405,,filing-level-unmapped,2026-09-18,https://www.sec.gov/Archives/edgar/data/1540171/000119312526197686/0001193125-26-197686-index.htm
Avalyn Pharma Inc.,AVLN,0001540171,0001193125-26-197686,424B4,Priced,2026-04-30,2026-04-29,2026-04-29,Medium,New,300000006.0,16666667,,final 424B4 explicit issuer-only THE OFFERING row,High,16-18,18.0,31.52,2026-09-18T20:00:00+00:00,"BOSTON, MA",SEC submissions metadata,2026-10-26,"Howard Lazarus, M.D., Chief Medical Officer",192108.0,6055244.16,3457944.0,,,,,,Unclassified,Unknown — filing has no defensible holder-specific lock-up mapping,False,False,Individual,,,,,,,192108,,filing-level-unmapped,2026-09-18,https://www.sec.gov/Archives/edgar/data/1540171/000119312526197686/0001193125-26-197686-index.htm
Avalyn Pharma Inc.,AVLN,0001540171,0001193125-26-197686,424B4,Priced,2026-04-30,2026-04-29,2026-04-29,Medium,New,300000006.0,16666667,,final 424B4 explicit issuer-only THE OFFERING row,High,16-18,18.0,31.52,2026-09-18T20:00:00+00:00,"BOSTON, MA",SEC submissions metadata,2026-10-26,Heather Turner,48689.0,1534677.28,876402.0,,,,,,Unclassified,Unknown — filing has no defensible holder-specific lock-up mapping,False,False,Individual,,,,,,,48689,,filing-level-unmapped,2026-09-18,https://www.sec.gov/Archives/edgar/data/1540171/000119312526197686/0001193125-26-197686-index.htm
Avalyn Pharma Inc.,AVLN,0001540171,0001193125-26-197686,424B4,Priced,2026-04-30,2026-04-29,2026-04-29,Medium,New,300000006.0,16666667,,final 424B4 explicit issuer-only THE OFFERING row,High,16-18,18.0,31.52,2026-09-18T20:00:00+00:00,"BOSTON, MA",SEC submissions metadata,2026-10-26,Kate Haviland,5491.0,173076.32,98838.0,,,,,,Unclassified,Unknown — filing has no defensible holder-specific lock-up mapping,False,False,Individual,,,,,,,5491,,filing-level-unmapped,2026-09-18,https://www.sec.gov/Archives/edgar/data/1540171/000119312526197686/0001193125-26-197686-index.htm
Avalyn Pharma Inc.,AVLN,0001540171,0001193125-26-197686,424B4,Priced,2026-04-30,2026-04-29,2026-04-29,Medium,New,300000006.0,16666667,,final 424B4 explicit issuer-only THE OFFERING row,High,16-18,18.0,31.52,2026-09-18T20:00:00+00:00,"BOSTON, MA",SEC submissions metadata,2026-10-26,Erin Lavelle,38437.0,1211534.24,691866.0,,,,,,Unclassified,Unknown — filing has no defensible holder-specific lock-up mapping,False,False,Individual,,,,,,,38437,,filing-level-unmapped,2026-09-18,https://www.sec.gov/Archives/edgar/data/1540171/000119312526197686/0001193125-26-197686-index.htm
"X-Energy, Inc.",XE,0002088896,0001104659-26-049515,424B4,Priced,2026-04-27,2026-04-20,2026-04-23,High,New,1017857157.0,44254659,,final 424B4 explicit issuer-only THE OFFERING row,High,16-19,23.0,15.77,2026-09-18T20:00:00+00:00,"Rockville, MD",424B4 principal executive office,,Amazon.com NV Investment Holdings LLC,65836947.0,1038248654.19,1514249781.0,,,,,,Unclassified,Unknown — filing has no defensible holder-specific lock-up mapping,False,False,Entity,,22.9,,22.9,,,65836947,,,2026-09-18,https://www.sec.gov/Archives/edgar/data/2088896/000110465926049515/0001104659-26-049515-index.htm
"X-Energy, Inc.",XE,0002088896,0001104659-26-049515,424B4,Priced,2026-04-27,2026-04-20,2026-04-23,High,New,1017857157.0,44254659,,final 424B4 explicit issuer-only THE OFFERING row,High,16-19,23.0,15.77,2026-09-18T20:00:00+00:00,"Rockville, MD",424B4 principal executive office,,Entities affiliated with Ares,13844585.0,218329105.45,318425455.0,,,,,,Unclassified,Unknown — filing has no defensible holder-specific lock-up mapping,False,False,Entity,,20.5,,20.5,,,13844585,,,2026-09-18,https://www.sec.gov/Archives/edgar/data/2088896/000110465926049515/0001104659-26-049515-index.htm
"X-Energy, Inc.",XE,0002088896,0001104659-26-049515,424B4,Priced,2026-04-27,2026-04-20,2026-04-23,High,New,1017857157.0,44254659,,final 424B4 explicit issuer-only THE OFFERING row,High,16-19,23.0,15.77,2026-09-18T20:00:00+00:00,"Rockville, MD",424B4 principal executive office,,Entities affiliated with Segra,13673571.0,215632214.67,314492133.0,,,,,,Unclassified,Unknown — filing has no defensible holder-specific lock-up mapping,False,False,Entity,,4.8,,4.8,,,13673571,,,2026-09-18,https://www.sec.gov/Archives/edgar/data/2088896/000110465926049515/0001104659-26-049515-index.htm
"X-Energy, Inc.",XE,0002088896,0001104659-26-049515,424B4,Priced,2026-04-27,2026-04-20,2026-04-23,High,New,1017857157.0,44254659,,final 424B4 explicit issuer-only THE OFFERING row,High,16-19,23.0,15.77,2026-09-18T20:00:00+00:00,"Rockville, MD",424B4 principal executive office,,"Jane Street Global Trading, LLC",536657.0,8463080.89,12343111.0,,,,,,Unclassified,Unknown — filing has no defensible holder-specific lock-up mapping,False,False,Entity,,8.6,,8.6,,,536657,,,2026-09-18,https://www.sec.gov/Archives/edgar/data/2088896/000110465926049515/0001104659-26-049515-index.htm
"X-Energy, Inc.",XE,0002088896,0001104659-26-049515,424B4,Priced,2026-04-27,2026-04-20,2026-04-23,High,New,1017857157.0,44254659,,final 424B4 explicit issuer-only THE OFFERING row,High,16-19,23.0,15.77,2026-09-18T20:00:00+00:00,"Rockville, MD",424B4 principal executive office,,"X-Energy Holdings, LLC",3951679.0,62317977.83,90888617.0,,,,,,Unclassified,Unknown — filing has no defensible holder-specific lock-up mapping,False,False,Entity,,63.1,,63.1,,,3951679,,,2026-09-18,https://www.sec.gov/Archives/edgar/data/2088896/000110465926049515/0001104659-26-049515-index.htm
"X-Energy, Inc.",XE,0002088896,0001104659-26-049515,424B4,Priced,2026-04-27,2026-04-20,2026-04-23,High,New,1017857157.0,44254659,,final 424B4 explicit issuer-only THE OFFERING row,High,16-19,23.0,15.77,2026-09-18T20:00:00+00:00,"Rockville, MD",424B4 principal executive office,,XERC Holdings LLC,16219322.0,255778707.94,373044406.0,,,,,,Unclassified,Unknown — filing has no defensible holder-specific lock-up mapping,False,False,Entity,,5.6,,5.6,,,16219322,,,2026-09-18,https://www.sec.gov/Archives/edgar/data/2088896/000110465926049515/0001104659-26-049515-index.htm
"X-Energy, Inc.",XE,0002088896,0001104659-26-049515,424B4,Priced,2026-04-27,2026-04-20,2026-04-23,High,New,1017857157.0,44254659,,final 424B4 explicit issuer-only THE OFFERING row,High,16-19,23.0,15.77,2026-09-18T20:00:00+00:00,"Rockville, MD",424B4 principal executive office,,J. Clay Sell,4031706.0,63580003.62,92729238.0,,,,,,Unclassified,Unknown — filing has no defensible holder-specific lock-up mapping,False,False,Individual,,1.4,,1.4,,,4031706,,,2026-09-18,https://www.sec.gov/Archives/edgar/data/2088896/000110465926049515/0001104659-26-049515-index.htm
"X-Energy, Inc.",XE,0002088896,0001104659-26-049515,424B4,Priced,2026-04-27,2026-04-20,2026-04-23,High,New,1017857157.0,44254659,,final 424B4 explicit issuer-only THE OFFERING row,High,16-19,23.0,15.77,2026-09-18T20:00:00+00:00,"Rockville, MD",424B4 principal executive office,,Daniel Gross,778518.0,12277228.86,17905914.0,,,,,,Unclassified,Unknown — filing has no defensible holder-specific lock-up mapping,False,False,Individual,,,,,,,778518,,,2026-09-18,https://www.sec.gov/Archives/edgar/data/2088896/000110465926049515/0001104659-26-049515-index.htm
"X-Energy, Inc.",XE,0002088896,0001104659-26-049515,424B4,Priced,2026-04-27,2026-04-20,2026-04-23,High,New,1017857157.0,44254659,,final 424B4 explicit issuer-only THE OFFERING row,High,16-19,23.0,15.77,2026-09-18T20:00:00+00:00,"Rockville, MD",424B4 principal executive office,,Dragan Popovic,544962.0,8594050.74,12534126.0,,,,,,Unclassified,Unknown — filing has no defensible holder-specific lock-up mapping,False,False,Individual,,,,,,,544962,,,2026-09-18,https://www.sec.gov/Archives/edgar/data/2088896/000110465926049515/0001104659-26-049515-index.htm
"X-Energy, Inc.",XE,0002088896,0001104659-26-049515,424B4,Priced,2026-04-27,2026-04-20,2026-04-23,High,New,1017857157.0,44254659,,final 424B4 explicit issuer-only THE OFFERING row,High,16-19,23.0,15.77,2026-09-18T20:00:00+00:00,"Rockville, MD",424B4 principal executive office,,Dr. Kamal Ghaffarian,8362979.0,131884178.83,192348517.0,,,,,,Unclassified,Unknown — filing has no defensible holder-specific lock-up mapping,False,False,Individual,,70.9,,70.9,,,8362979,,,2026-09-18,https://www.sec.gov/Archives/edgar/data/2088896/000110465926049515/0001104659-26-049515-index.htm
"X-Energy, Inc.",XE,0002088896,0001104659-26-049515,424B4,Priced,2026-04-27,2026-04-20,2026-04-23,High,New,1017857157.0,44254659,,final 424B4 explicit issuer-only THE OFFERING row,High,16-19,23.0,15.77,2026-09-18T20:00:00+00:00,"Rockville, MD",424B4 principal executive office,,Christopher F. Ginther,146247.0,2306315.19,3363681.0,,,,,,Unclassified,Unknown — filing has no defensible holder-specific lock-up mapping,False,False,Individual,,,,,,,146247,,,2026-09-18,https://www.sec.gov/Archives/edgar/data/2088896/000110465926049515/0001104659-26-049515-index.htm
"X-Energy, Inc.",XE,0002088896,0001104659-26-049515,424B4,Priced,2026-04-27,2026-04-20,2026-04-23,High,New,1017857157.0,44254659,,final 424B4 explicit issuer-only THE OFFERING row,High,16-19,23.0,15.77,2026-09-18T20:00:00+00:00,"Rockville, MD",424B4 principal executive office,,Gregory J. Goff,146247.0,2306315.19,3363681.0,,,,,,Unclassified,Unknown — filing has no defensible holder-specific lock-up mapping,False,False,Individual,,,,,,,146247,,,2026-09-18,https://www.sec.gov/Archives/edgar/data/2088896/000110465926049515/0001104659-26-049515-index.htm
"X-Energy, Inc.",XE,0002088896,0001104659-26-049515,424B4,Priced,2026-04-27,2026-04-20,2026-04-23,High,New,1017857157.0,44254659,,final 424B4 explicit issuer-only THE OFFERING row,High,16-19,23.0,15.77,2026-09-18T20:00:00+00:00,"Rockville, MD",424B4 principal executive office,,Kathleen W. Hyle,142657.0,2249700.89,3281111.0,,,,,,Unclassified,Unknown — filing has no defensible holder-specific lock-up mapping,False,False,Individual,,,,,,,142657,,,2026-09-18,https://www.sec.gov/Archives/edgar/data/2088896/000110465926049515/0001104659-26-049515-index.htm
"X-Energy, Inc.",XE,0002088896,0001104659-26-049515,424B4,Priced,2026-04-27,2026-04-20,2026-04-23,High,New,1017857157.0,44254659,,final 424B4 explicit issuer-only THE OFFERING row,High,16-19,23.0,15.77,2026-09-18T20:00:00+00:00,"Rockville, MD",424B4 principal executive office,,Edward Sonnenschein,848051.0,13373764.27,19505173.0,,,,,,Unclassified,Unknown — filing has no defensible holder-specific lock-up mapping,False,False,Individual,,,,,,,848051,,,2026-09-18,https://www.sec.gov/Archives/edgar/data/2088896/000110465926049515/0001104659-26-049515-index.htm
"X-Energy, Inc.",XE,0002088896,0001104659-26-049515,424B4,Priced,2026-04-27,2026-04-20,2026-04-23,High,New,1017857157.0,44254659,,final 424B4 explicit issuer-only THE OFFERING row,High,16-19,23.0,15.77,2026-09-18T20:00:00+00:00,"Rockville, MD",424B4 principal executive office,,Michael J. Wallace,73789.0,1163652.53,1697147.0,,,,,,Unclassified,Unknown — filing has no defensible holder-specific lock-up mapping,False,False,Individual,,,,,,,73789,,,2026-09-18,https://www.sec.gov/Archives/edgar/data/2088896/000110465926049515/0001104659-26-049515-index.htm
"Yesway, Inc.",YSWY,0001859836,0001104659-26-047210,424B4,Priced,2026-04-23,2026-04-17,2026-04-21,High,New,280000000.0,14000000,,final 424B4 explicit issuer-only THE OFFERING row,High,20-23,20.0,21.4,2026-09-18T20:00:00+00:00,"Fort Worth, TX",424B4 principal executive office,2026-10-18,"Brookwood Financial Partners, LLC",45875727.0,981740557.8,917514540.0,,,,,,Unclassified,Unknown — filing has no defensible holder-specific lock-up mapping,False,False,Fund,,72.6,,72.6,,,45875727,,filing-level-unmapped,2026-09-18,https://www.sec.gov/Archives/edgar/data/1859836/000110465926047210/0001104659-26-047210-index.htm
"Yesway, Inc.",YSWY,0001859836,0001104659-26-047210,424B4,Priced,2026-04-23,2026-04-17,2026-04-21,High,New,280000000.0,14000000,,final 424B4 explicit issuer-only THE OFFERING row,High,20-23,20.0,21.4,2026-09-18T20:00:00+00:00,"Fort Worth, TX",424B4 principal executive office,2026-10-18,Thomas N. Trkla,46225020.0,,,,,,,,Unclassified,Unknown — filing has no defensible holder-specific lock-up mapping,False,False,Individual,,73.1,,73.1,,,46225020,,filing-level-unmapped,,https://www.sec.gov/Archives/edgar/data/1859836/000110465926047210/0001104659-26-047210-index.htm
"Yesway, Inc.",YSWY,0001859836,0001104659-26-047210,424B4,Priced,2026-04-23,2026-04-17,2026-04-21,High,New,280000000.0,14000000,,final 424B4 explicit issuer-only THE OFFERING row,High,20-23,20.0,21.4,2026-09-18T20:00:00+00:00,"Fort Worth, TX",424B4 principal executive office,2026-10-18,Ericka L. Ayles,83656.0,1790238.4,1673120.0,,,,,,Unclassified,Unknown — filing has no defensible holder-specific lock-up mapping,False,False,Individual,,0.1,,0.1,,,83656,,filing-level-unmapped,2026-09-18,https://www.sec.gov/Archives/edgar/data/1859836/000110465926047210/0001104659-26-047210-index.htm
"Yesway, Inc.",YSWY,0001859836,0001104659-26-047210,424B4,Priced,2026-04-23,2026-04-17,2026-04-21,High,New,280000000.0,14000000,,final 424B4 explicit issuer-only THE OFFERING row,High,20-23,20.0,21.4,2026-09-18T20:00:00+00:00,"Fort Worth, TX",424B4 principal executive office,2026-10-18,Kurt M. Zernich,77089.0,1649704.6,1541780.0,,,,,,Unclassified,Unknown — filing has no defensible holder-specific lock-up mapping,False,False,Individual,,0.1,,0.1,,,77089,,filing-level-unmapped,2026-09-18,https://www.sec.gov/Archives/edgar/data/1859836/000110465926047210/0001104659-26-047210-index.htm
"Yesway, Inc.",YSWY,0001859836,0001104659-26-047210,424B4,Priced,2026-04-23,2026-04-17,2026-04-21,High,New,280000000.0,14000000,,final 424B4 explicit issuer-only THE OFFERING row,High,20-23,20.0,21.4,2026-09-18T20:00:00+00:00,"Fort Worth, TX",424B4 principal executive office,2026-10-18,Thomas W. Brown,107249.0,2295128.6,2144980.0,,,,,,Unclassified,Unknown — filing has no defensible holder-specific lock-up mapping,False,False,Individual,,0.2,,0.2,,,107249,,filing-level-unmapped,2026-09-18,https://www.sec.gov/Archives/edgar/data/1859836/000110465926047210/0001104659-26-047210-index.htm
"Yesway, Inc.",YSWY,0001859836,0001104659-26-047210,424B4,Priced,2026-04-23,2026-04-17,2026-04-21,High,New,280000000.0,14000000,,final 424B4 explicit issuer-only THE OFFERING row,High,20-23,20.0,21.4,2026-09-18T20:00:00+00:00,"Fort Worth, TX",424B4 principal executive office,2026-10-18,Greg M. Papazian,22954.0,491215.6,459080.0,,,,,,Unclassified,Unknown — filing has no defensible holder-specific lock-up mapping,False,False,Individual,,0.1,,0.1,,,22954,,filing-level-unmapped,2026-09-18,https://www.sec.gov/Archives/edgar/data/1859836/000110465926047210/0001104659-26-047210-index.htm
Elmet Group Co.,ELMT,0002101698,0001213900-26-047144,424B4,Priced,2026-04-23,2026-04-14,2026-04-22,Medium,New,119999992.0,8571428,,final 424B4 explicit issuer-only THE OFFERING row,High,12-14,14.0,22.98,2026-09-18T20:00:00+00:00,"Portland, ME",424B4 principal executive office,2026-10-19,"Peter V. Anania, Chief Executive Officer and Chairman",,,,,,,,,Unknown,Unknown — share count unavailable,False,False,Individual,,37.45,53.69,37.45,,,,,filing-level-unmapped,,https://www.sec.gov/Archives/edgar/data/2101698/000121390026047144/0001213900-26-047144-index.htm
Elmet Group Co.,ELMT,0002101698,0001213900-26-047144,424B4,Priced,2026-04-23,2026-04-14,2026-04-22,Medium,New,119999992.0,8571428,,final 424B4 explicit issuer-only THE OFFERING row,High,12-14,14.0,22.98,2026-09-18T20:00:00+00:00,"Portland, ME",424B4 principal executive office,2026-10-19,"Scott W. Knoll, EVP, Corporate Strategy and Director",,,,,,,,,Unknown,Unknown — share count unavailable,False,False,Individual,,5.38,7.71,5.38,,,,,filing-level-unmapped,,https://www.sec.gov/Archives/edgar/data/2101698/000121390026047144/0001213900-26-047144-index.htm
Elmet Group Co.,ELMT,0002101698,0001213900-26-047144,424B4,Priced,2026-04-23,2026-04-14,2026-04-22,Medium,New,119999992.0,8571428,,final 424B4 explicit issuer-only THE OFFERING row,High,12-14,14.0,22.98,2026-09-18T20:00:00+00:00,"Portland, ME",424B4 principal executive office,2026-10-19,"Christian T. Chandler, EVP, General Counsel and Director",,,,,,,,,Unknown,Unknown — share count unavailable,False,False,Individual,,,1.27,,,,,,filing-level-unmapped,,https://www.sec.gov/Archives/edgar/data/2101698/000121390026047144/0001213900-26-047144-index.htm
Elmet Group Co.,ELMT,0002101698,0001213900-26-047144,424B4,Priced,2026-04-23,2026-04-14,2026-04-22,Medium,New,119999992.0,8571428,,final 424B4 explicit issuer-only THE OFFERING row,High,12-14,14.0,22.98,2026-09-18T20:00:00+00:00,"Portland, ME",424B4 principal executive office,2026-10-19,"Derek Fox, President of the CMC Division",,,,,,,,,Unknown,Unknown — share count unavailable,False,False,Individual,,1.58,2.26,1.58,,,,,filing-level-unmapped,,https://www.sec.gov/Archives/edgar/data/2101698/000121390026047144/0001213900-26-047144-index.htm
Elmet Group Co.,ELMT,0002101698,0001213900-26-047144,424B4,Priced,2026-04-23,2026-04-14,2026-04-22,Medium,New,119999992.0,8571428,,final 424B4 explicit issuer-only THE OFFERING row,High,12-14,14.0,22.98,2026-09-18T20:00:00+00:00,"Portland, ME",424B4 principal executive office,2026-10-19,"Kimberly Anania, Director Nominee",,,,,,,,,Unknown,Unknown — share count unavailable,False,False,Individual,,,0.0,,,,,,filing-level-unmapped,,https://www.sec.gov/Archives/edgar/data/2101698/000121390026047144/0001213900-26-047144-index.htm
Elmet Group Co.,ELMT,0002101698,0001213900-26-047144,424B4,Priced,2026-04-23,2026-04-14,2026-04-22,Medium,New,119999992.0,8571428,,final 424B4 explicit issuer-only THE OFFERING row,High,12-14,14.0,22.98,2026-09-18T20:00:00+00:00,"Portland, ME",424B4 principal executive office,2026-10-19,"Kathie Leonard, Director Nominee",,,,,,,,,Unknown,Unknown — share count unavailable,False,False,Individual,,,0.0,,,,,,filing-level-unmapped,,https://www.sec.gov/Archives/edgar/data/2101698/000121390026047144/0001213900-26-047144-index.htm
Elmet Group Co.,ELMT,0002101698,0001213900-26-047144,424B4,Priced,2026-04-23,2026-04-14,2026-04-22,Medium,New,119999992.0,8571428,,final 424B4 explicit issuer-only THE OFFERING row,High,12-14,14.0,22.98,2026-09-18T20:00:00+00:00,"Portland, ME",424B4 principal executive office,2026-10-19,"John Chandler, Director Nominee",,,,,,,,,Unknown,Unknown — share count unavailable,False,False,Individual,,0.0,0.0,0.0,,,,,filing-level-unmapped,,https://www.sec.gov/Archives/edgar/data/2101698/000121390026047144/0001213900-26-047144-index.htm
Elmet Group Co.,ELMT,0002101698,0001213900-26-047144,424B4,Priced,2026-04-23,2026-04-14,2026-04-22,Medium,New,119999992.0,8571428,,final 424B4 explicit issuer-only THE OFFERING row,High,12-14,14.0,22.98,2026-09-18T20:00:00+00:00,"Portland, ME",424B4 principal executive office,2026-10-19,"Brian Deveaux, Director Nominee",,,,,,,,,Unknown,Unknown — share count unavailable,False,False,Individual,,0.0,0.0,0.0,,,,,filing-level-unmapped,,https://www.sec.gov/Archives/edgar/data/2101698/000121390026047144/0001213900-26-047144-index.htm
Elmet Group Co.,ELMT,0002101698,0001213900-26-047144,424B4,Priced,2026-04-23,2026-04-14,2026-04-22,Medium,New,119999992.0,8571428,,final 424B4 explicit issuer-only THE OFFERING row,High,12-14,14.0,22.98,2026-09-18T20:00:00+00:00,"Portland, ME",424B4 principal executive office,2026-10-19,"Peter Woodward, Director Nominee",,,,,,,,,Unknown,Unknown — share count unavailable,False,False,Individual,,0.0,0.0,0.0,,,,,filing-level-unmapped,,https://www.sec.gov/Archives/edgar/data/2101698/000121390026047144/0001213900-26-047144-index.htm
Elmet Group Co.,ELMT,0002101698,0001213900-26-047144,424B4,Priced,2026-04-23,2026-04-14,2026-04-22,Medium,New,119999992.0,8571428,,final 424B4 explicit issuer-only THE OFFERING row,High,12-14,14.0,22.98,2026-09-18T20:00:00+00:00,"Portland, ME",424B4 principal executive office,2026-10-19,"Mark Miklos, Director Nominee",,,,,,,,,Unknown,Unknown — share count unavailable,False,False,Individual,,0.0,0.0,0.0,,,,,filing-level-unmapped,,https://www.sec.gov/Archives/edgar/data/2101698/000121390026047144/0001213900-26-047144-index.htm
Elmet Group Co.,ELMT,0002101698,0001213900-26-047144,424B4,Priced,2026-04-23,2026-04-14,2026-04-22,Medium,New,119999992.0,8571428,,final 424B4 explicit issuer-only THE OFFERING row,High,12-14,14.0,22.98,2026-09-18T20:00:00+00:00,"Portland, ME",424B4 principal executive office,2026-10-19,"Anania & Associates Investment Company, LLC ( 9 )",,,,,,,,,Unknown,Unknown — share count unavailable,False,False,Entity,,18.71,26.82,18.71,,,,,filing-level-unmapped,,https://www.sec.gov/Archives/edgar/data/2101698/000121390026047144/0001213900-26-047144-index.htm
Elmet Group Co.,ELMT,0002101698,0001213900-26-047144,424B4,Priced,2026-04-23,2026-04-14,2026-04-22,Medium,New,119999992.0,8571428,,final 424B4 explicit issuer-only THE OFFERING row,High,12-14,14.0,22.98,2026-09-18T20:00:00+00:00,"Portland, ME",424B4 principal executive office,2026-10-19,George Schott,,,,,,,,,Unknown,Unknown — share count unavailable,False,False,Individual,,17.68,25.34,17.68,,,,,filing-level-unmapped,,https://www.sec.gov/Archives/edgar/data/2101698/000121390026047144/0001213900-26-047144-index.htm
Elmet Group Co.,ELMT,0002101698,0001213900-26-047144,424B4,Priced,2026-04-23,2026-04-14,2026-04-22,Medium,New,119999992.0,8571428,,final 424B4 explicit issuer-only THE OFFERING row,High,12-14,14.0,22.98,2026-09-18T20:00:00+00:00,"Portland, ME",424B4 principal executive office,2026-10-19,The Anania Trust II ( 10 ),,,,,,,,,Unknown,Unknown — share count unavailable,False,False,Trust,,5.64,8.09,5.64,,,,,filing-level-unmapped,,https://www.sec.gov/Archives/edgar/data/2101698/000121390026047144/0001213900-26-047144-index.htm
Elmet Group Co.,ELMT,0002101698,0001213900-26-047144,424B4,Priced,2026-04-23,2026-04-14,2026-04-22,Medium,New,119999992.0,8571428,,final 424B4 explicit issuer-only THE OFFERING row,High,12-14,14.0,22.98,2026-09-18T20:00:00+00:00,"Portland, ME",424B4 principal executive office,2026-10-19,Marc P. Lamare,,,,,,,,,Unknown,Unknown — share count unavailable,False,False,Individual,,4.39,6.3,4.39,,,,,filing-level-unmapped,,https://www.sec.gov/Archives/edgar/data/2101698/000121390026047144/0001213900-26-047144-index.htm
AEVEX Corp.,AVEX,0002096300,0001193125-26-162601,424B4,Priced,2026-04-20,2026-04-15,2026-04-16,High,New,320000000.0,16000000,,final 424B4 explicit issuer-only THE OFFERING row,High,18-21,20.0,16.2,2026-09-18T20:00:00+00:00,"SOLANA BEACH, CA",SEC submissions metadata,2026-10-13,MDP Funds,88432824.0,1432611748.8,1768656480.0,,,,,,Lock-up applies — covered quantity unresolved,"Holder class is supported, but the filing does not establish that the entire disclosed position is covered",False,False,Fund,,79.2,100.0,79.2,88432824,,88432824,,holder-mapped,2026-09-18,https://www.sec.gov/Archives/edgar/data/2096300/000119312526162601/0001193125-26-162601-index.htm
AEVEX Corp.,AVEX,0002096300,0001193125-26-162601,424B4,Priced,2026-04-20,2026-04-15,2026-04-16,High,New,320000000.0,16000000,,final 424B4 explicit issuer-only THE OFFERING row,High,18-21,20.0,16.2,2026-09-18T20:00:00+00:00,"SOLANA BEACH, CA",SEC submissions metadata,2026-10-13,FNF Holdco Corp.,5937500.0,96187500.0,118750000.0,,,,,,Lock-up applies — covered quantity unresolved,"Holder class is supported, but the filing does not establish that the entire disclosed position is covered",False,False,Entity,,5.3,,5.3,,,5937500,,holder-mapped,2026-09-18,https://www.sec.gov/Archives/edgar/data/2096300/000119312526162601/0001193125-26-162601-index.htm
AEVEX Corp.,AVEX,0002096300,0001193125-26-162601,424B4,Priced,2026-04-20,2026-04-15,2026-04-16,High,New,320000000.0,16000000,,final 424B4 explicit issuer-only THE OFFERING row,High,18-21,20.0,16.2,2026-09-18T20:00:00+00:00,"SOLANA BEACH, CA",SEC submissions metadata,2026-10-13,Brian Raduenz,958876.0,15533791.2,19177520.0,,,,,,Lock-up applies — covered quantity unresolved,"Holder class is supported, but the filing does not establish that the entire disclosed position is covered",False,False,Individual,,0.9,,0.9,,,958876,,holder-mapped,2026-09-18,https://www.sec.gov/Archives/edgar/data/2096300/000119312526162601/0001193125-26-162601-index.htm
Madison Air Solutions Corp,MAIR,0002098430,0001193125-26-160250,424B4,Priced,2026-04-17,2026-04-06,2026-04-15,High,New,2232692316.0,82692308,,cover share title; authoritative final 424B4 aggregate IPO price table; explicit issuer offering statement in final 424B4,High,25-27,27.0,24.01,2026-09-18T20:00:00+00:00,"Chicago, IL",S-1 principal executive office,2026-10-12,Holdings,324379859.0,7788360414.59,8758256193.0,,,,,,Unclassified,Unknown — filing has no defensible holder-specific lock-up mapping,False,False,Entity,,96.0,98.0,96.0,320676155,,324379859,,filing-level-unmapped,2026-09-18,https://www.sec.gov/Archives/edgar/data/2098430/000119312526160250/0001193125-26-160250-index.htm
Madison Air Solutions Corp,MAIR,0002098430,0001193125-26-160250,424B4,Priced,2026-04-17,2026-04-06,2026-04-15,High,New,2232692316.0,82692308,,cover share title; authoritative final 424B4 aggregate IPO price table; explicit issuer offering statement in final 424B4,High,25-27,27.0,24.01,2026-09-18T20:00:00+00:00,"Chicago, IL",S-1 principal executive office,2026-10-12,Co-Investors LLC,12299462.0,295310082.62,332085474.0,,,,,,Unclassified,Unknown — filing has no defensible holder-specific lock-up mapping,False,False,Entity,,,,,12299462,,12299462,,filing-level-unmapped,2026-09-18,https://www.sec.gov/Archives/edgar/data/2098430/000119312526160250/0001193125-26-160250-index.htm
Madison Air Solutions Corp,MAIR,0002098430,0001193125-26-160250,424B4,Priced,2026-04-17,2026-04-06,2026-04-15,High,New,2232692316.0,82692308,,cover share title; authoritative final 424B4 aggregate IPO price table; explicit issuer offering statement in final 424B4,High,25-27,27.0,24.01,2026-09-18T20:00:00+00:00,"Chicago, IL",S-1 principal executive office,2026-10-12,Kedge,44841071.0,1076634114.71,1210708917.0,,,,,,Unclassified,Unknown — filing has no defensible holder-specific lock-up mapping,False,False,Unknown,,1.0,1.0,1.0,44841071,,44841071,,filing-level-unmapped,2026-09-18,https://www.sec.gov/Archives/edgar/data/2098430/000119312526160250/0001193125-26-160250-index.htm
Madison Air Solutions Corp,MAIR,0002098430,0001193125-26-160250,424B4,Priced,2026-04-17,2026-04-06,2026-04-15,High,New,2232692316.0,82692308,,cover share title; authoritative final 424B4 aggregate IPO price table; explicit issuer offering statement in final 424B4,High,25-27,27.0,24.01,2026-09-18T20:00:00+00:00,"Chicago, IL",S-1 principal executive office,2026-10-12,Jill Wyant,1123711.0,26980301.11,30340197.0,,,,,,Unclassified,Unknown — filing has no defensible holder-specific lock-up mapping,False,False,Individual,,,,,1123711,,1123711,,filing-level-unmapped,2026-09-18,https://www.sec.gov/Archives/edgar/data/2098430/000119312526160250/0001193125-26-160250-index.htm
Madison Air Solutions Corp,MAIR,0002098430,0001193125-26-160250,424B4,Priced,2026-04-17,2026-04-06,2026-04-15,High,New,2232692316.0,82692308,,cover share title; authoritative final 424B4 aggregate IPO price table; explicit issuer offering statement in final 424B4,High,25-27,27.0,24.01,2026-09-18T20:00:00+00:00,"Chicago, IL",S-1 principal executive office,2026-10-12,JJ Foley,1110177.0,26655349.77,29974779.0,,,,,,Unclassified,Unknown — filing has no defensible holder-specific lock-up mapping,False,False,Individual,,,,,1110177,,1110177,,filing-level-unmapped,2026-09-18,https://www.sec.gov/Archives/edgar/data/2098430/000119312526160250/0001193125-26-160250-index.htm
Madison Air Solutions Corp,MAIR,0002098430,0001193125-26-160250,424B4,Priced,2026-04-17,2026-04-06,2026-04-15,High,New,2232692316.0,82692308,,cover share title; authoritative final 424B4 aggregate IPO price table; explicit issuer offering statement in final 424B4,High,25-27,27.0,24.01,2026-09-18T20:00:00+00:00,"Chicago, IL",S-1 principal executive office,2026-10-12,Larry W. Gies,336679321.0,8083670497.21,9090341667.0,,,,,,Unclassified,Unknown — filing has no defensible holder-specific lock-up mapping,False,False,Individual,,97.0,98.0,97.0,332975617,,336679321,,filing-level-unmapped,2026-09-18,https://www.sec.gov/Archives/edgar/data/2098430/000119312526160250/0001193125-26-160250-index.htm
"Kailera Therapeutics, Inc.",KLRA,0002096997,0001193125-26-161521,424B4,Priced,2026-04-17,2026-04-13,2026-04-16,High,New,625000000.0,39062500,,final 424B4 explicit issuer-only THE OFFERING row,High,14-16,16.0,12.83,2026-09-18T20:00:00+00:00,"WALTHAM, MA",SEC submissions metadata,2026-10-13,"BCLS Fund IV Investments, L.P.",,,,,,,,,Unknown,Unknown — share count unavailable,False,False,Fund,,24.8,,24.8,21020768,,,,filing-level-unmapped,,https://www.sec.gov/Archives/edgar/data/2096997/000119312526161521/0001193125-26-161521-index.htm
"Kailera Therapeutics, Inc.",KLRA,0002096997,0001193125-26-161521,424B4,Priced,2026-04-17,2026-04-13,2026-04-16,High,New,625000000.0,39062500,,final 424B4 explicit issuer-only THE OFFERING row,High,14-16,16.0,12.83,2026-09-18T20:00:00+00:00,"WALTHAM, MA",SEC submissions metadata,2026-10-13,"BCPE Perseus Investor, LP",,,,,,,,,Unknown,Unknown — share count unavailable,False,False,Fund,,,,,17857143,,,,filing-level-unmapped,,https://www.sec.gov/Archives/edgar/data/2096997/000119312526161521/0001193125-26-161521-index.htm
"Kailera Therapeutics, Inc.",KLRA,0002096997,0001193125-26-161521,424B4,Priced,2026-04-17,2026-04-13,2026-04-16,High,New,625000000.0,39062500,,final 424B4 explicit issuer-only THE OFFERING row,High,14-16,16.0,12.83,2026-09-18T20:00:00+00:00,"WALTHAM, MA",SEC submissions metadata,2026-10-13,"Jiangsu Hengrui Pharmaceuticals Co., Ltd.",,,,,,,,,Unknown,Unknown — share count unavailable,False,False,Entity,,,,,11511853,,,,filing-level-unmapped,,https://www.sec.gov/Archives/edgar/data/2096997/000119312526161521/0001193125-26-161521-index.htm
"Kailera Therapeutics, Inc.",KLRA,0002096997,0001193125-26-161521,424B4,Priced,2026-04-17,2026-04-13,2026-04-16,High,New,625000000.0,39062500,,final 424B4 explicit issuer-only THE OFFERING row,High,14-16,16.0,12.83,2026-09-18T20:00:00+00:00,"WALTHAM, MA",SEC submissions metadata,2026-10-13,"Entities affiliated with RTW Investments, LP",,,,,,,,,Unknown,Unknown — share count unavailable,False,False,Entity,,,,,10276820,,,,filing-level-unmapped,,https://www.sec.gov/Archives/edgar/data/2096997/000119312526161521/0001193125-26-161521-index.htm
"Kailera Therapeutics, Inc.",KLRA,0002096997,0001193125-26-161521,424B4,Priced,2026-04-17,2026-04-13,2026-04-16,High,New,625000000.0,39062500,,final 424B4 explicit issuer-only THE OFFERING row,High,14-16,16.0,12.83,2026-09-18T20:00:00+00:00,"WALTHAM, MA",SEC submissions metadata,2026-10-13,CPP Investment Board Private Holdings (4) Inc.,,,,,,,,,Unknown,Unknown — share count unavailable,False,False,Entity,,,,,5000000,,,,filing-level-unmapped,,https://www.sec.gov/Archives/edgar/data/2096997/000119312526161521/0001193125-26-161521-index.htm
"Kailera Therapeutics, Inc.",KLRA,0002096997,0001193125-26-161521,424B4,Priced,2026-04-17,2026-04-13,2026-04-16,High,New,625000000.0,39062500,,final 424B4 explicit issuer-only THE OFFERING row,High,14-16,16.0,12.83,2026-09-18T20:00:00+00:00,"WALTHAM, MA",SEC submissions metadata,2026-10-13,Entities affiliated with Atlas Venture Fund,,,,,,,,,Unknown,Unknown — share count unavailable,False,False,Entity,,,,,4671282,,,,filing-level-unmapped,,https://www.sec.gov/Archives/edgar/data/2096997/000119312526161521/0001193125-26-161521-index.htm
"Kailera Therapeutics, Inc.",KLRA,0002096997,0001193125-26-161521,424B4,Priced,2026-04-17,2026-04-13,2026-04-16,High,New,625000000.0,39062500,,final 424B4 explicit issuer-only THE OFFERING row,High,14-16,16.0,12.83,2026-09-18T20:00:00+00:00,"WALTHAM, MA",SEC submissions metadata,2026-10-13,"Ronald C. Renaud, Jr.",,,,,,,,,Unknown,Unknown — share count unavailable,False,False,Individual,,,,,1609139,,,,filing-level-unmapped,,https://www.sec.gov/Archives/edgar/data/2096997/000119312526161521/0001193125-26-161521-index.htm
"Kailera Therapeutics, Inc.",KLRA,0002096997,0001193125-26-161521,424B4,Priced,2026-04-17,2026-04-13,2026-04-16,High,New,625000000.0,39062500,,final 424B4 explicit issuer-only THE OFFERING row,High,14-16,16.0,12.83,2026-09-18T20:00:00+00:00,"WALTHAM, MA",SEC submissions metadata,2026-10-13,Paul Burgess,,,,,,,,,Unknown,Unknown — share count unavailable,False,False,Individual,,,,,186681,,,,filing-level-unmapped,,https://www.sec.gov/Archives/edgar/data/2096997/000119312526161521/0001193125-26-161521-index.htm
"Kailera Therapeutics, Inc.",KLRA,0002096997,0001193125-26-161521,424B4,Priced,2026-04-17,2026-04-13,2026-04-16,High,New,625000000.0,39062500,,final 424B4 explicit issuer-only THE OFFERING row,High,14-16,16.0,12.83,2026-09-18T20:00:00+00:00,"WALTHAM, MA",SEC submissions metadata,2026-10-13,Jamie Coleman,,,,,,,,,Unknown,Unknown — share count unavailable,False,False,Individual,,,,,119187,,,,filing-level-unmapped,,https://www.sec.gov/Archives/edgar/data/2096997/000119312526161521/0001193125-26-161521-index.htm
"Kailera Therapeutics, Inc.",KLRA,0002096997,0001193125-26-161521,424B4,Priced,2026-04-17,2026-04-13,2026-04-16,High,New,625000000.0,39062500,,final 424B4 explicit issuer-only THE OFFERING row,High,14-16,16.0,12.83,2026-09-18T20:00:00+00:00,"WALTHAM, MA",SEC submissions metadata,2026-10-13,Laurie Stelzer,,,,,,,,,Unknown,Unknown — share count unavailable,False,False,Individual,,,,,143742,,,,filing-level-unmapped,,https://www.sec.gov/Archives/edgar/data/2096997/000119312526161521/0001193125-26-161521-index.htm
"Kailera Therapeutics, Inc.",KLRA,0002096997,0001193125-26-161521,424B4,Priced,2026-04-17,2026-04-13,2026-04-16,High,New,625000000.0,39062500,,final 424B4 explicit issuer-only THE OFFERING row,High,14-16,16.0,12.83,2026-09-18T20:00:00+00:00,"WALTHAM, MA",SEC submissions metadata,2026-10-13,Michael Gladstone,,,,,,,,,Unknown,Unknown — share count unavailable,False,False,Individual,,,,,4671282,,,,filing-level-unmapped,,https://www.sec.gov/Archives/edgar/data/2096997/000119312526161521/0001193125-26-161521-index.htm
"Kailera Therapeutics, Inc.",KLRA,0002096997,0001193125-26-161521,424B4,Priced,2026-04-17,2026-04-13,2026-04-16,High,New,625000000.0,39062500,,final 424B4 explicit issuer-only THE OFFERING row,High,14-16,16.0,12.83,2026-09-18T20:00:00+00:00,"WALTHAM, MA",SEC submissions metadata,2026-10-13,"John F. Milligan, Ph.D.",,,,,,,,,Unknown,Unknown — share count unavailable,False,False,Individual,,,,,118878,,,,filing-level-unmapped,,https://www.sec.gov/Archives/edgar/data/2096997/000119312526161521/0001193125-26-161521-index.htm
"Kailera Therapeutics, Inc.",KLRA,0002096997,0001193125-26-161521,424B4,Priced,2026-04-17,2026-04-13,2026-04-16,High,New,625000000.0,39062500,,final 424B4 explicit issuer-only THE OFFERING row,High,14-16,16.0,12.83,2026-09-18T20:00:00+00:00,"WALTHAM, MA",SEC submissions metadata,2026-10-13,All current executive officers and directors (16 persons),,,,,,,,,Unknown,Unknown — share count unavailable,False,False,Unknown,,8.3,,8.3,7229192,,,,filing-level-unmapped,,https://www.sec.gov/Archives/edgar/data/2096997/000119312526161521/0001193125-26-161521-index.htm
"Alamar Biosciences, Inc.",ALMR,0002104204,0001193125-26-161647,424B4,Priced,2026-04-17,2026-04-16,2026-04-16,High,New,191250000.0,11250000,,final 424B4 explicit issuer-only THE OFFERING row,High,15-17,17.0,34.85,2026-09-18T20:00:00+00:00,"FREMONT, CA",SEC submissions metadata,2026-10-13,Entities affiliated with Qiming Venture Partners,10594547.0,369219962.95,180107299.0,,,,,,Lock-up applies — covered quantity unresolved,"Holder class is supported, but the filing does not establish that the entire disclosed position is covered",False,False,Entity,,15.8,18.9,15.8,10594547,,10594547,,holder-mapped,2026-09-18,https://www.sec.gov/Archives/edgar/data/2104204/000119312526161647/0001193125-26-161647-index.htm
"Alamar Biosciences, Inc.",ALMR,0002104204,0001193125-26-161647,424B4,Priced,2026-04-17,2026-04-16,2026-04-16,High,New,191250000.0,11250000,,final 424B4 explicit issuer-only THE OFFERING row,High,15-17,17.0,34.85,2026-09-18T20:00:00+00:00,"FREMONT, CA",SEC submissions metadata,2026-10-13,Entities affiliated with Illumina Innovation Funds,6128318.0,213571882.3,104181406.0,,,,,,Lock-up applies — covered quantity unresolved,"Holder class is supported, but the filing does not establish that the entire disclosed position is covered",False,False,Entity,,9.1,11.0,9.1,6128318,,6128318,,holder-mapped,2026-09-18,https://www.sec.gov/Archives/edgar/data/2104204/000119312526161647/0001193125-26-161647-index.htm
"Alamar Biosciences, Inc.",ALMR,0002104204,0001193125-26-161647,424B4,Priced,2026-04-17,2026-04-16,2026-04-16,High,New,191250000.0,11250000,,final 424B4 explicit issuer-only THE OFFERING row,High,15-17,17.0,34.85,2026-09-18T20:00:00+00:00,"FREMONT, CA",SEC submissions metadata,2026-10-13,Entities affiliated with Sherpa Healthcare Partners,4795663.0,167128855.55,81526271.0,,,,,,Lock-up applies — covered quantity unresolved,"Holder class is supported, but the filing does not establish that the entire disclosed position is covered",False,False,Entity,,7.1,8.6,7.1,4795663,,4795663,,holder-mapped,2026-09-18,https://www.sec.gov/Archives/edgar/data/2104204/000119312526161647/0001193125-26-161647-index.htm
"Alamar Biosciences, Inc.",ALMR,0002104204,0001193125-26-161647,424B4,Priced,2026-04-17,2026-04-16,2026-04-16,High,New,191250000.0,11250000,,final 424B4 explicit issuer-only THE OFFERING row,High,15-17,17.0,34.85,2026-09-18T20:00:00+00:00,"FREMONT, CA",SEC submissions metadata,2026-10-13,"Sands Capital Life Sciences Pulse Fund II, L.P.",3930926.0,136992771.1,66825742.0,,,,,,Lock-up applies — covered quantity unresolved,"Holder class is supported, but the filing does not establish that the entire disclosed position is covered",False,False,Fund,,5.9,7.0,5.9,3930926,,3930926,,holder-mapped,2026-09-18,https://www.sec.gov/Archives/edgar/data/2104204/000119312526161647/0001193125-26-161647-index.htm
"Alamar Biosciences, Inc.",ALMR,0002104204,0001193125-26-161647,424B4,Priced,2026-04-17,2026-04-16,2026-04-16,High,New,191250000.0,11250000,,final 424B4 explicit issuer-only THE OFFERING row,High,15-17,17.0,34.85,2026-09-18T20:00:00+00:00,"FREMONT, CA",SEC submissions metadata,2026-10-13,Lian Luo,2977665.0,103771625.25,50620305.0,,,,,,Lock-up applies — covered quantity unresolved,"Holder class is supported, but the filing does not establish that the entire disclosed position is covered",False,False,Individual,,4.4,5.3,4.4,2977665,,2977665,,holder-mapped,2026-09-18,https://www.sec.gov/Archives/edgar/data/2104204/000119312526161647/0001193125-26-161647-index.htm
"Alamar Biosciences, Inc.",ALMR,0002104204,0001193125-26-161647,424B4,Priced,2026-04-17,2026-04-16,2026-04-16,High,New,191250000.0,11250000,,final 424B4 explicit issuer-only THE OFFERING row,High,15-17,17.0,34.85,2026-09-18T20:00:00+00:00,"FREMONT, CA",SEC submissions metadata,2026-10-13,"Yuling Luo, Ph.D.",6207834.0,216343014.9,105533178.0,,,,,,Lock-up applies — covered quantity unresolved,"Holder class is supported, but the filing does not establish that the entire disclosed position is covered",False,False,Individual,,9.0,10.8,9.0,6207834,,6207834,,holder-mapped,2026-09-18,https://www.sec.gov/Archives/edgar/data/2104204/000119312526161647/0001193125-26-161647-index.htm
"Alamar Biosciences, Inc.",ALMR,0002104204,0001193125-26-161647,424B4,Priced,2026-04-17,2026-04-16,2026-04-16,High,New,191250000.0,11250000,,final 424B4 explicit issuer-only THE OFFERING row,High,15-17,17.0,34.85,2026-09-18T20:00:00+00:00,"FREMONT, CA",SEC submissions metadata,2026-10-13,"Shiping (“Steve”) Chen, Ph.D.",2058697.0,71745590.45,34997849.0,,,,,,Lock-up applies — covered quantity unresolved,"Holder class is supported, but the filing does not establish that the entire disclosed position is covered",False,False,Individual,,3.0,3.7,3.0,2058697,,2058697,,holder-mapped,2026-09-18,https://www.sec.gov/Archives/edgar/data/2104204/000119312526161647/0001193125-26-161647-index.htm
"Alamar Biosciences, Inc.",ALMR,0002104204,0001193125-26-161647,424B4,Priced,2026-04-17,2026-04-16,2026-04-16,High,New,191250000.0,11250000,,final 424B4 explicit issuer-only THE OFFERING row,High,15-17,17.0,34.85,2026-09-18T20:00:00+00:00,"FREMONT, CA",SEC submissions metadata,2026-10-13,"Nicholas Naclerio, Ph.D.",6128318.0,213571882.3,104181406.0,,,,,,Lock-up applies — covered quantity unresolved,"Holder class is supported, but the filing does not establish that the entire disclosed position is covered",False,False,Individual,,9.1,11.0,9.1,6128318,,6128318,,holder-mapped,2026-09-18,https://www.sec.gov/Archives/edgar/data/2104204/000119312526161647/0001193125-26-161647-index.htm
"Alamar Biosciences, Inc.",ALMR,0002104204,0001193125-26-161647,424B4,Priced,2026-04-17,2026-04-16,2026-04-16,High,New,191250000.0,11250000,,final 424B4 explicit issuer-only THE OFFERING row,High,15-17,17.0,34.85,2026-09-18T20:00:00+00:00,"FREMONT, CA",SEC submissions metadata,2026-10-13,"Frank R. Witney, Ph.D.",60655.0,2113826.75,1031135.0,,,,,,Lock-up applies — covered quantity unresolved,"Holder class is supported, but the filing does not establish that the entire disclosed position is covered",False,False,Individual,,,,,60655,,60655,,holder-mapped,2026-09-18,https://www.sec.gov/Archives/edgar/data/2104204/000119312526161647/0001193125-26-161647-index.htm
"Arxis, Inc.",ARXS,0002093536,0001193125-26-159369,424B4,Priced,2026-04-16,2026-04-10,2026-04-15,High,New,1134000000.0,40500000,,final 424B4 explicit issuer-only THE OFFERING row,High,25-28,28.0,52.02,2026-09-18T20:00:00+00:00,"Bloomfield, CT",424B4 principal executive office,,Arcline Investment Management,,,,,,,,,Unknown,Unknown — share count unavailable,False,False,Entity,,99.1,99.7,99.1,340676787,,,,,,https://www.sec.gov/Archives/edgar/data/2093536/000119312526159369/0001193125-26-159369-index.htm
"Arxis, Inc.",ARXS,0002093536,0001193125-26-159369,424B4,Priced,2026-04-16,2026-04-10,2026-04-15,High,New,1134000000.0,40500000,,final 424B4 explicit issuer-only THE OFFERING row,High,25-28,28.0,52.02,2026-09-18T20:00:00+00:00,"Bloomfield, CT",424B4 principal executive office,,Kevin Perhamus,,,,,,,,,Unknown,Unknown — share count unavailable,False,False,Individual,,,,,2161632,,,,,,https://www.sec.gov/Archives/edgar/data/2093536/000119312526159369/0001193125-26-159369-index.htm
"Arxis, Inc.",ARXS,0002093536,0001193125-26-159369,424B4,Priced,2026-04-16,2026-04-10,2026-04-15,High,New,1134000000.0,40500000,,final 424B4 explicit issuer-only THE OFFERING row,High,25-28,28.0,52.02,2026-09-18T20:00:00+00:00,"Bloomfield, CT",424B4 principal executive office,,Azad Badakhsh,,,,,,,,,Unknown,Unknown — share count unavailable,False,False,Individual,,,,,36784,,,,,,https://www.sec.gov/Archives/edgar/data/2093536/000119312526159369/0001193125-26-159369-index.htm
"Arxis, Inc.",ARXS,0002093536,0001193125-26-159369,424B4,Priced,2026-04-16,2026-04-10,2026-04-15,High,New,1134000000.0,40500000,,final 424B4 explicit issuer-only THE OFFERING row,High,25-28,28.0,52.02,2026-09-18T20:00:00+00:00,"Bloomfield, CT",424B4 principal executive office,,Jason Roth,,,,,,,,,Unknown,Unknown — share count unavailable,False,False,Individual,,,,,130923,,,,,,https://www.sec.gov/Archives/edgar/data/2093536/000119312526159369/0001193125-26-159369-index.htm
"Arxis, Inc.",ARXS,0002093536,0001193125-26-159369,424B4,Priced,2026-04-16,2026-04-10,2026-04-15,High,New,1134000000.0,40500000,,final 424B4 explicit issuer-only THE OFFERING row,High,25-28,28.0,52.02,2026-09-18T20:00:00+00:00,"Bloomfield, CT",424B4 principal executive office,,Ross Sealfon,,,,,,,,,Unknown,Unknown — share count unavailable,False,False,Individual,,,,,315237,,,,,,https://www.sec.gov/Archives/edgar/data/2093536/000119312526159369/0001193125-26-159369-index.htm
HMH Holding Inc,HMH,0002021880,0001193125-26-138102,424B4,Priced,2026-04-01,2026-03-23,2026-03-31,High,New,210400000.0,10520000,,final 424B4 explicit issuer-only THE OFFERING row,High,19-22,20.0,18.85,2026-09-18T20:00:00+00:00,"HOUSTON, TX",SEC submissions metadata,2026-09-27,Baker Hughes Holdings LLC,16288748.0,307042899.8,325774960.0,,,,,,Unclassified,Unknown — filing has no defensible holder-specific lock-up mapping,False,False,Entity,,37.0,50.0,37.0,100,,16288748,,filing-level-unmapped,2026-09-18,https://www.sec.gov/Archives/edgar/data/2021880/000119312526138102/0001193125-26-138102-index.htm
HMH Holding Inc,HMH,0002021880,0001193125-26-138102,424B4,Priced,2026-04-01,2026-03-23,2026-03-31,High,New,210400000.0,10520000,,final 424B4 explicit issuer-only THE OFFERING row,High,19-22,20.0,18.85,2026-09-18T20:00:00+00:00,"HOUSTON, TX",SEC submissions metadata,2026-09-27,Akastor ASA,16288748.0,307042899.8,325774960.0,,,,,,Unclassified,Unknown — filing has no defensible holder-specific lock-up mapping,False,False,Entity,,37.0,50.0,37.0,100,,16288748,,filing-level-unmapped,2026-09-18,https://www.sec.gov/Archives/edgar/data/2021880/000119312526138102/0001193125-26-138102-index.htm
HMH Holding Inc,HMH,0002021880,0001193125-26-138102,424B4,Priced,2026-04-01,2026-03-23,2026-03-31,High,New,210400000.0,10520000,,final 424B4 explicit issuer-only THE OFFERING row,High,19-22,20.0,18.85,2026-09-18T20:00:00+00:00,"HOUSTON, TX",SEC submissions metadata,2026-09-27,Eirik Bergsvik,90127.0,1698893.95,1802540.0,,,,,,Unclassified,Unknown — filing has no defensible holder-specific lock-up mapping,False,False,Individual,,,0.0,,,,90127,,filing-level-unmapped,2026-09-18,https://www.sec.gov/Archives/edgar/data/2021880/000119312526138102/0001193125-26-138102-index.htm
HMH Holding Inc,HMH,0002021880,0001193125-26-138102,424B4,Priced,2026-04-01,2026-03-23,2026-03-31,High,New,210400000.0,10520000,,final 424B4 explicit issuer-only THE OFFERING row,High,19-22,20.0,18.85,2026-09-18T20:00:00+00:00,"HOUSTON, TX",SEC submissions metadata,2026-09-27,Thomas W. McGee,83757.0,1578819.45,1675140.0,,,,,,Unclassified,Unknown — filing has no defensible holder-specific lock-up mapping,False,False,Individual,,,0.0,,,,83757,,filing-level-unmapped,2026-09-18,https://www.sec.gov/Archives/edgar/data/2021880/000119312526138102/0001193125-26-138102-index.htm
HMH Holding Inc,HMH,0002021880,0001193125-26-138102,424B4,Priced,2026-04-01,2026-03-23,2026-03-31,High,New,210400000.0,10520000,,final 424B4 explicit issuer-only THE OFFERING row,High,19-22,20.0,18.85,2026-09-18T20:00:00+00:00,"HOUSTON, TX",SEC submissions metadata,2026-09-27,Dwight W. Rettig,83757.0,1578819.45,1675140.0,,,,,,Unclassified,Unknown — filing has no defensible holder-specific lock-up mapping,False,False,Individual,,,0.0,,,,83757,,filing-level-unmapped,2026-09-18,https://www.sec.gov/Archives/edgar/data/2021880/000119312526138102/0001193125-26-138102-index.htm
HMH Holding Inc,HMH,0002021880,0001193125-26-138102,424B4,Priced,2026-04-01,2026-03-23,2026-03-31,High,New,210400000.0,10520000,,final 424B4 explicit issuer-only THE OFFERING row,High,19-22,20.0,18.85,2026-09-18T20:00:00+00:00,"HOUSTON, TX",SEC submissions metadata,2026-09-27,Judson E. Bailey,,,,,,,,,Unknown,Unknown — share count unavailable,False,False,Individual,,0.0,0.0,0.0,,,,,filing-level-unmapped,,https://www.sec.gov/Archives/edgar/data/2021880/000119312526138102/0001193125-26-138102-index.htm
HMH Holding Inc,HMH,0002021880,0001193125-26-138102,424B4,Priced,2026-04-01,2026-03-23,2026-03-31,High,New,210400000.0,10520000,,final 424B4 explicit issuer-only THE OFFERING row,High,19-22,20.0,18.85,2026-09-18T20:00:00+00:00,"HOUSTON, TX",SEC submissions metadata,2026-09-27,Karl Erik Kjelstad,,,,,,,,,Unknown,Unknown — share count unavailable,False,False,Individual,,0.0,0.0,0.0,,,,,filing-level-unmapped,,https://www.sec.gov/Archives/edgar/data/2021880/000119312526138102/0001193125-26-138102-index.htm
HMH Holding Inc,HMH,0002021880,0001193125-26-138102,424B4,Priced,2026-04-01,2026-03-23,2026-03-31,High,New,210400000.0,10520000,,final 424B4 explicit issuer-only THE OFFERING row,High,19-22,20.0,18.85,2026-09-18T20:00:00+00:00,"HOUSTON, TX",SEC submissions metadata,2026-09-27,Svein O. Stoknes,,,,,,,,,Unknown,Unknown — share count unavailable,False,False,Individual,,0.0,0.0,0.0,,,,,filing-level-unmapped,,https://www.sec.gov/Archives/edgar/data/2021880/000119312526138102/0001193125-26-138102-index.htm
HMH Holding Inc,HMH,0002021880,0001193125-26-138102,424B4,Priced,2026-04-01,2026-03-23,2026-03-31,High,New,210400000.0,10520000,,final 424B4 explicit issuer-only THE OFFERING row,High,19-22,20.0,18.85,2026-09-18T20:00:00+00:00,"HOUSTON, TX",SEC submissions metadata,2026-09-27,M. Georgia Magno,,,,,,,,,Unknown,Unknown — share count unavailable,False,False,Individual,,0.0,0.0,0.0,,,,,filing-level-unmapped,,https://www.sec.gov/Archives/edgar/data/2021880/000119312526138102/0001193125-26-138102-index.htm
HMH Holding Inc,HMH,0002021880,0001193125-26-138102,424B4,Priced,2026-04-01,2026-03-23,2026-03-31,High,New,210400000.0,10520000,,final 424B4 explicit issuer-only THE OFFERING row,High,19-22,20.0,18.85,2026-09-18T20:00:00+00:00,"HOUSTON, TX",SEC submissions metadata,2026-09-27,Lance T. Loeffler,,,,,,,,,Unknown,Unknown — share count unavailable,False,False,Individual,,0.0,0.0,0.0,,,,,filing-level-unmapped,,https://www.sec.gov/Archives/edgar/data/2021880/000119312526138102/0001193125-26-138102-index.htm
HMH Holding Inc,HMH,0002021880,0001193125-26-138102,424B4,Priced,2026-04-01,2026-03-23,2026-03-31,High,New,210400000.0,10520000,,final 424B4 explicit issuer-only THE OFFERING row,High,19-22,20.0,18.85,2026-09-18T20:00:00+00:00,"HOUSTON, TX",SEC submissions metadata,2026-09-27,Kathleen S. McAllister,,,,,,,,,Unknown,Unknown — share count unavailable,False,False,Individual,,0.0,0.0,0.0,,,,,filing-level-unmapped,,https://www.sec.gov/Archives/edgar/data/2021880/000119312526138102/0001193125-26-138102-index.htm
HMH Holding Inc,HMH,0002021880,0001193125-26-138102,424B4,Priced,2026-04-01,2026-03-23,2026-03-31,High,New,210400000.0,10520000,,final 424B4 explicit issuer-only THE OFFERING row,High,19-22,20.0,18.85,2026-09-18T20:00:00+00:00,"HOUSTON, TX",SEC submissions metadata,2026-09-27,Daniel W. Rabun,,,,,,,,,Unknown,Unknown — share count unavailable,False,False,Individual,,0.0,0.0,0.0,,,,,filing-level-unmapped,,https://www.sec.gov/Archives/edgar/data/2021880/000119312526138102/0001193125-26-138102-index.htm
"MiniMed Group, Inc.",MMED,0002062583,0001628280-26-015648,424B4,Priced,2026-03-06,2026-02-27,2026-03-05,High,New,560000000.0,28000000,,cover title preceding IPO statement; explicit issuer-only cover statement matches total; authoritative final 424B4 aggregate IPO price table; explicit issuer offering statement in final 424B4,High,25-28,20.0,21.79,2026-09-18T20:00:00+00:00,"Devonshire St. Northridge, CA",S-1 principal executive office,2026-09-01,Medtronic plc,252813348.0,5508802852.92,5056266960.0,,,,,,Unclassified,Unknown — filing has no defensible holder-specific lock-up mapping,False,True,Entity,,90.03,100.0,90.03,252813348,,252813348,,filing-level-unmapped,2026-09-18,https://www.sec.gov/Archives/edgar/data/2062583/000162828026015648/0001628280-26-015648-index.htm
"Generate Biomedicines, Inc.",GENB,0002100782,0001193125-26-083190,424B4,Priced,2026-02-27,2026-02-23,2026-02-26,High,New,400000000.0,25000000,,final 424B4 explicit issuer-only THE OFFERING row,High,15-17,16.0,17.14,2026-09-18T20:00:00+00:00,"Somerville, MA",424B4 principal executive office,2026-08-25,Entities affiliated with Flagship Funds,57985617.0,993873475.38,927769872.0,,,,,,Lock-up applies — covered quantity unresolved,"Holder class is supported, but the filing does not establish that the entire disclosed position is covered",False,True,Entity,,48.76,56.6,48.76,57985617,,57985617,,holder-mapped,2026-09-18,https://www.sec.gov/Archives/edgar/data/2100782/000119312526083190/0001193125-26-083190-index.htm
"Generate Biomedicines, Inc.",GENB,0002100782,0001193125-26-083190,424B4,Priced,2026-02-27,2026-02-23,2026-02-26,High,New,400000000.0,25000000,,final 424B4 explicit issuer-only THE OFFERING row,High,15-17,16.0,17.14,2026-09-18T20:00:00+00:00,"Somerville, MA",424B4 principal executive office,2026-08-25,"Michael Nally, M.B.A., Chief Executive Officer and Director",6813361.0,116781007.54,109013776.0,,,,,,Lock-up applies — covered quantity unresolved,"Holder class is supported, but the filing does not establish that the entire disclosed position is covered",False,True,Individual,,5.55,6.4,5.55,6813361,,6813361,,holder-mapped,2026-09-18,https://www.sec.gov/Archives/edgar/data/2100782/000119312526083190/0001193125-26-083190-index.htm
"Generate Biomedicines, Inc.",GENB,0002100782,0001193125-26-083190,424B4,Priced,2026-02-27,2026-02-23,2026-02-26,High,New,400000000.0,25000000,,final 424B4 explicit issuer-only THE OFFERING row,High,15-17,16.0,17.14,2026-09-18T20:00:00+00:00,"Somerville, MA",424B4 principal executive office,2026-08-25,"Jason Silvers, M.D., J.D., President and Chief Financial Officer",950132.0,16285262.48,15202112.0,,,,,,Lock-up applies — covered quantity unresolved,"Holder class is supported, but the filing does not establish that the entire disclosed position is covered",False,True,Individual,,,,,950132,,950132,,holder-mapped,2026-09-18,https://www.sec.gov/Archives/edgar/data/2100782/000119312526083190/0001193125-26-083190-index.htm
"Generate Biomedicines, Inc.",GENB,0002100782,0001193125-26-083190,424B4,Priced,2026-02-27,2026-02-23,2026-02-26,High,New,400000000.0,25000000,,final 424B4 explicit issuer-only THE OFFERING row,High,15-17,16.0,17.14,2026-09-18T20:00:00+00:00,"Somerville, MA",424B4 principal executive office,2026-08-25,"Gevorg Grigoryan, Ph.D., Chief Technology Officer",989137.0,16953808.18,15826192.0,,,,,,Lock-up applies — covered quantity unresolved,"Holder class is supported, but the filing does not establish that the entire disclosed position is covered",False,True,Individual,,,,,989137,,989137,,holder-mapped,2026-09-18,https://www.sec.gov/Archives/edgar/data/2100782/000119312526083190/0001193125-26-083190-index.htm
"Generate Biomedicines, Inc.",GENB,0002100782,0001193125-26-083190,424B4,Priced,2026-02-27,2026-02-23,2026-02-26,High,New,400000000.0,25000000,,final 424B4 explicit issuer-only THE OFFERING row,High,15-17,16.0,17.14,2026-09-18T20:00:00+00:00,"Somerville, MA",424B4 principal executive office,2026-08-25,"Noubar B. Afeyan, Ph.D.",58010304.0,994296610.56,928164864.0,,,,,,Lock-up applies — covered quantity unresolved,"Holder class is supported, but the filing does not establish that the entire disclosed position is covered",False,True,Individual,,48.78,56.61,48.78,58010304,,58010304,,holder-mapped,2026-09-18,https://www.sec.gov/Archives/edgar/data/2100782/000119312526083190/0001193125-26-083190-index.htm
"Generate Biomedicines, Inc.",GENB,0002100782,0001193125-26-083190,424B4,Priced,2026-02-27,2026-02-23,2026-02-26,High,New,400000000.0,25000000,,final 424B4 explicit issuer-only THE OFFERING row,High,15-17,16.0,17.14,2026-09-18T20:00:00+00:00,"Somerville, MA",424B4 principal executive office,2026-08-25,"Frances H. Arnold, Ph.D.",514319.0,8815427.66,8229104.0,,,,,,Lock-up applies — covered quantity unresolved,"Holder class is supported, but the filing does not establish that the entire disclosed position is covered",False,True,Individual,,,,,514319,,514319,,holder-mapped,2026-09-18,https://www.sec.gov/Archives/edgar/data/2100782/000119312526083190/0001193125-26-083190-index.htm
"Generate Biomedicines, Inc.",GENB,0002100782,0001193125-26-083190,424B4,Priced,2026-02-27,2026-02-23,2026-02-26,High,New,400000000.0,25000000,,final 424B4 explicit issuer-only THE OFFERING row,High,15-17,16.0,17.14,2026-09-18T20:00:00+00:00,"Somerville, MA",424B4 principal executive office,2026-08-25,"Stéphane Bancel, M.B.A.",1234364.0,21156998.96,19749824.0,,,,,,Lock-up applies — covered quantity unresolved,"Holder class is supported, but the filing does not establish that the entire disclosed position is covered",False,True,Individual,,,1.2,,1234364,,1234364,,holder-mapped,2026-09-18,https://www.sec.gov/Archives/edgar/data/2100782/000119312526083190/0001193125-26-083190-index.htm
"Generate Biomedicines, Inc.",GENB,0002100782,0001193125-26-083190,424B4,Priced,2026-02-27,2026-02-23,2026-02-26,High,New,400000000.0,25000000,,final 424B4 explicit issuer-only THE OFFERING row,High,15-17,16.0,17.14,2026-09-18T20:00:00+00:00,"Somerville, MA",424B4 principal executive office,2026-08-25,"Marsha H. Fanucci, M.B.A.",32916.0,564180.24,526656.0,,,,,,Lock-up applies — covered quantity unresolved,"Holder class is supported, but the filing does not establish that the entire disclosed position is covered",False,True,Individual,,,,,32916,,32916,,holder-mapped,2026-09-18,https://www.sec.gov/Archives/edgar/data/2100782/000119312526083190/0001193125-26-083190-index.htm
"Generate Biomedicines, Inc.",GENB,0002100782,0001193125-26-083190,424B4,Priced,2026-02-27,2026-02-23,2026-02-26,High,New,400000000.0,25000000,,final 424B4 explicit issuer-only THE OFFERING row,High,15-17,16.0,17.14,2026-09-18T20:00:00+00:00,"Somerville, MA",424B4 principal executive office,2026-08-25,"Jane L. Mendillo, M.B.A.",115207.0,1974647.98,1843312.0,,,,,,Lock-up applies — covered quantity unresolved,"Holder class is supported, but the filing does not establish that the entire disclosed position is covered",False,True,Individual,,,,,115207,,115207,,holder-mapped,2026-09-18,https://www.sec.gov/Archives/edgar/data/2100782/000119312526083190/0001193125-26-083190-index.htm
"Generate Biomedicines, Inc.",GENB,0002100782,0001193125-26-083190,424B4,Priced,2026-02-27,2026-02-23,2026-02-26,High,New,400000000.0,25000000,,final 424B4 explicit issuer-only THE OFFERING row,High,15-17,16.0,17.14,2026-09-18T20:00:00+00:00,"Somerville, MA",424B4 principal executive office,2026-08-25,"Paul Parker, M.B.A.",24687.0,423135.18,394992.0,,,,,,Lock-up applies — covered quantity unresolved,"Holder class is supported, but the filing does not establish that the entire disclosed position is covered",False,True,Individual,,,,,24687,,24687,,holder-mapped,2026-09-18,https://www.sec.gov/Archives/edgar/data/2100782/000119312526083190/0001193125-26-083190-index.htm
"Generate Biomedicines, Inc.",GENB,0002100782,0001193125-26-083190,424B4,Priced,2026-02-27,2026-02-23,2026-02-26,High,New,400000000.0,25000000,,final 424B4 explicit issuer-only THE OFFERING row,High,15-17,16.0,17.14,2026-09-18T20:00:00+00:00,"Somerville, MA",424B4 principal executive office,2026-08-25,"Nancy A. Simonian, M.D.",57604.0,987332.56,921664.0,,,,,,Lock-up applies — covered quantity unresolved,"Holder class is supported, but the filing does not establish that the entire disclosed position is covered",False,True,Individual,,,,,57604,,57604,,holder-mapped,2026-09-18,https://www.sec.gov/Archives/edgar/data/2100782/000119312526083190/0001193125-26-083190-index.htm
"Generate Biomedicines, Inc.",GENB,0002100782,0001193125-26-083190,424B4,Priced,2026-02-27,2026-02-23,2026-02-26,High,New,400000000.0,25000000,,final 424B4 explicit issuer-only THE OFFERING row,High,15-17,16.0,17.14,2026-09-18T20:00:00+00:00,"Somerville, MA",424B4 principal executive office,2026-08-25,"Rupert Vessey, B.M. B.Ch., D.Phil., FRCP",57604.0,987332.56,921664.0,,,,,,Lock-up applies — covered quantity unresolved,"Holder class is supported, but the filing does not establish that the entire disclosed position is covered",False,True,Individual,,,,,57604,,57604,,holder-mapped,2026-09-18,https://www.sec.gov/Archives/edgar/data/2100782/000119312526083190/0001193125-26-083190-index.htm
ARKO Petroleum Corp.,,0002080921,0001193125-26-049767,424B4,Priced,2026-02-13,2026-02-06,2026-02-11,Medium,New,199999998.0,11111111,,final 424B4 explicit issuer-only THE OFFERING row,High,18-20,18.0,,,"RICHMOND, VA",SEC submissions metadata,2026-08-10,,,,,,,,,,,,False,False,,,,,,,,,,,,https://www.sec.gov/Archives/edgar/data/2080921/000119312526049767/0001193125-26-049767-index.htm
"SOLV Energy, Inc.",MWH,0002065636,0001193125-26-046879,424B4,Priced,2026-02-11,2026-01-30,2026-02-10,High,New,512500000.0,20500000,,final 424B4 explicit issuer-only THE OFFERING row,High,22-25,25.0,26.46,2026-09-18T20:00:00+00:00,"San Diego, CA",424B4 principal executive office,,American Securities,149612001.0,3958733546.46,3740300025.0,,,,,,Unclassified,Unknown — filing has no defensible holder-specific lock-up mapping,False,True,Entity,,,,,149612001,,149612001,,,2026-09-18,https://www.sec.gov/Archives/edgar/data/2065636/000119312526046879/0001193125-26-046879-index.htm
"SOLV Energy, Inc.",MWH,0002065636,0001193125-26-046879,424B4,Priced,2026-02-11,2026-01-30,2026-02-10,High,New,512500000.0,20500000,,final 424B4 explicit issuer-only THE OFFERING row,High,22-25,25.0,26.46,2026-09-18T20:00:00+00:00,"San Diego, CA",424B4 principal executive office,,Management Holdings,25164146.0,665843303.16,629103650.0,,,,,,Unclassified,Unknown — filing has no defensible holder-specific lock-up mapping,False,True,Entity,,,,,25164146,,25164146,,,2026-09-18,https://www.sec.gov/Archives/edgar/data/2065636/000119312526046879/0001193125-26-046879-index.htm
"SOLV Energy, Inc.",MWH,0002065636,0001193125-26-046879,424B4,Priced,2026-02-11,2026-01-30,2026-02-10,High,New,512500000.0,20500000,,final 424B4 explicit issuer-only THE OFFERING row,High,22-25,25.0,26.46,2026-09-18T20:00:00+00:00,"San Diego, CA",424B4 principal executive office,,George Hershman,4391720.0,116204911.2,109793000.0,,,,,,Unclassified,Unknown — filing has no defensible holder-specific lock-up mapping,False,True,Individual,,,,,4391720,,4391720,,,2026-09-18,https://www.sec.gov/Archives/edgar/data/2065636/000119312526046879/0001193125-26-046879-index.htm
"SOLV Energy, Inc.",MWH,0002065636,0001193125-26-046879,424B4,Priced,2026-02-11,2026-01-30,2026-02-10,High,New,512500000.0,20500000,,final 424B4 explicit issuer-only THE OFFERING row,High,22-25,25.0,26.46,2026-09-18T20:00:00+00:00,"San Diego, CA",424B4 principal executive office,,Chad Plotkin,1054094.0,27891327.24,26352350.0,,,,,,Unclassified,Unknown — filing has no defensible holder-specific lock-up mapping,False,True,Individual,,,,,1054094,,1054094,,,2026-09-18,https://www.sec.gov/Archives/edgar/data/2065636/000119312526046879/0001193125-26-046879-index.htm
"SOLV Energy, Inc.",MWH,0002065636,0001193125-26-046879,424B4,Priced,2026-02-11,2026-01-30,2026-02-10,High,New,512500000.0,20500000,,final 424B4 explicit issuer-only THE OFFERING row,High,22-25,25.0,26.46,2026-09-18T20:00:00+00:00,"San Diego, CA",424B4 principal executive office,,Benjamin Catalano,1229448.0,32531194.08,30736200.0,,,,,,Unclassified,Unknown — filing has no defensible holder-specific lock-up mapping,False,True,Individual,,,,,1229448,,1229448,,,2026-09-18,https://www.sec.gov/Archives/edgar/data/2065636/000119312526046879/0001193125-26-046879-index.htm
"SOLV Energy, Inc.",MWH,0002065636,0001193125-26-046879,424B4,Priced,2026-02-11,2026-01-30,2026-02-10,High,New,512500000.0,20500000,,final 424B4 explicit issuer-only THE OFFERING row,High,22-25,25.0,26.46,2026-09-18T20:00:00+00:00,"San Diego, CA",424B4 principal executive office,,Kevin Deters,1322451.0,34992053.46,33061275.0,,,,,,Unclassified,Unknown — filing has no defensible holder-specific lock-up mapping,False,True,Individual,,,,,1322451,,1322451,,,2026-09-18,https://www.sec.gov/Archives/edgar/data/2065636/000119312526046879/0001193125-26-046879-index.htm
"SOLV Energy, Inc.",MWH,0002065636,0001193125-26-046879,424B4,Priced,2026-02-11,2026-01-30,2026-02-10,High,New,512500000.0,20500000,,final 424B4 explicit issuer-only THE OFFERING row,High,22-25,25.0,26.46,2026-09-18T20:00:00+00:00,"San Diego, CA",424B4 principal executive office,,"David Grubb, Jr.",2812746.0,74425259.16,70318650.0,,,,,,Unclassified,Unknown — filing has no defensible holder-specific lock-up mapping,False,True,Individual,,,,,2812746,,2812746,,,2026-09-18,https://www.sec.gov/Archives/edgar/data/2065636/000119312526046879/0001193125-26-046879-index.htm
"SOLV Energy, Inc.",MWH,0002065636,0001193125-26-046879,424B4,Priced,2026-02-11,2026-01-30,2026-02-10,High,New,512500000.0,20500000,,final 424B4 explicit issuer-only THE OFFERING row,High,22-25,25.0,26.46,2026-09-18T20:00:00+00:00,"San Diego, CA",424B4 principal executive office,,Erik Johnson,1152596.0,30497690.16,28814900.0,,,,,,Unclassified,Unknown — filing has no defensible holder-specific lock-up mapping,False,True,Individual,,,,,1152596,,1152596,,,2026-09-18,https://www.sec.gov/Archives/edgar/data/2065636/000119312526046879/0001193125-26-046879-index.htm
"SOLV Energy, Inc.",MWH,0002065636,0001193125-26-046879,424B4,Priced,2026-02-11,2026-01-30,2026-02-10,High,New,512500000.0,20500000,,final 424B4 explicit issuer-only THE OFFERING row,High,22-25,25.0,26.46,2026-09-18T20:00:00+00:00,"San Diego, CA",424B4 principal executive office,,J. Adam Abram,394012.0,10425557.52,9850300.0,,,,,,Unclassified,Unknown — filing has no defensible holder-specific lock-up mapping,False,True,Individual,,,,,394012,,394012,,,2026-09-18,https://www.sec.gov/Archives/edgar/data/2065636/000119312526046879/0001193125-26-046879-index.htm
"SOLV Energy, Inc.",MWH,0002065636,0001193125-26-046879,424B4,Priced,2026-02-11,2026-01-30,2026-02-10,High,New,512500000.0,20500000,,final 424B4 explicit issuer-only THE OFFERING row,High,22-25,25.0,26.46,2026-09-18T20:00:00+00:00,"San Diego, CA",424B4 principal executive office,,Steven Lerner,190769.0,5047747.74,4769225.0,,,,,,Unclassified,Unknown — filing has no defensible holder-specific lock-up mapping,False,True,Individual,,,,,190769,,190769,,,2026-09-18,https://www.sec.gov/Archives/edgar/data/2065636/000119312526046879/0001193125-26-046879-index.htm
"SOLV Energy, Inc.",MWH,0002065636,0001193125-26-046879,424B4,Priced,2026-02-11,2026-01-30,2026-02-10,High,New,512500000.0,20500000,,final 424B4 explicit issuer-only THE OFFERING row,High,22-25,25.0,26.46,2026-09-18T20:00:00+00:00,"San Diego, CA",424B4 principal executive office,,Laura Stern,73559.0,1946371.14,1838975.0,,,,,,Unclassified,Unknown — filing has no defensible holder-specific lock-up mapping,False,True,Individual,,,,,73559,,73559,,,2026-09-18,https://www.sec.gov/Archives/edgar/data/2065636/000119312526046879/0001193125-26-046879-index.htm
"SOLV Energy, Inc.",MWH,0002065636,0001193125-26-046879,424B4,Priced,2026-02-11,2026-01-30,2026-02-10,High,New,512500000.0,20500000,,final 424B4 explicit issuer-only THE OFFERING row,High,22-25,25.0,26.46,2026-09-18T20:00:00+00:00,"San Diego, CA",424B4 principal executive office,,William Jackson,183039.0,4843211.94,4575975.0,,,,,,Unclassified,Unknown — filing has no defensible holder-specific lock-up mapping,False,True,Individual,,,,,183039,,183039,,,2026-09-18,https://www.sec.gov/Archives/edgar/data/2065636/000119312526046879/0001193125-26-046879-index.htm
"SOLV Energy, Inc.",MWH,0002065636,0001193125-26-046879,424B4,Priced,2026-02-11,2026-01-30,2026-02-10,High,New,512500000.0,20500000,,final 424B4 explicit issuer-only THE OFFERING row,High,22-25,25.0,26.46,2026-09-18T20:00:00+00:00,"San Diego, CA",424B4 principal executive office,,Daniel McQuade,36874.0,975686.04,921850.0,,,,,,Unclassified,Unknown — filing has no defensible holder-specific lock-up mapping,False,True,Individual,,,,,36874,,36874,,,2026-09-18,https://www.sec.gov/Archives/edgar/data/2065636/000119312526046879/0001193125-26-046879-index.htm
"SOLV Energy, Inc.",MWH,0002065636,0001193125-26-046879,424B4,Priced,2026-02-11,2026-01-30,2026-02-10,High,New,512500000.0,20500000,,final 424B4 explicit issuer-only THE OFFERING row,High,22-25,25.0,26.46,2026-09-18T20:00:00+00:00,"San Diego, CA",424B4 principal executive office,,Nancy Stefanowicz,37994.0,1005321.24,949850.0,,,,,,Unclassified,Unknown — filing has no defensible holder-specific lock-up mapping,False,True,Individual,,,,,37994,,37994,,,2026-09-18,https://www.sec.gov/Archives/edgar/data/2065636/000119312526046879/0001193125-26-046879-index.htm
"Once Upon a Farm, PBC",OFRM,0001696556,0001193125-26-041885,424B4,Priced,2026-02-09,2026-01-28,2026-02-05,Medium,New,197949762.0,7631537,3365672,final 424B4 THE OFFERING primary + secondary rows,High,17-19,18.0,16.56,2026-09-18T20:00:00+00:00,"Berkeley, CA",424B4 principal executive office,2026-08-04,John Foraker,2693589.0,44605833.84,48484602.0,2693589.0,44605833.84,0,0.0,,Lock-up expired,High — prospectus expressly maps the full covered position; disclosed exceptions or underwriter waivers may apply,False,True,Individual,,6.6,9.1,6.6,2693589,,2693589,,holder-mapped,2026-09-18,https://www.sec.gov/Archives/edgar/data/1696556/000119312526041885/0001193125-26-041885-index.htm
"Once Upon a Farm, PBC",OFRM,0001696556,0001193125-26-041885,424B4,Priced,2026-02-09,2026-01-28,2026-02-05,Medium,New,197949762.0,7631537,3365672,final 424B4 THE OFFERING primary + secondary rows,High,17-19,18.0,16.56,2026-09-18T20:00:00+00:00,"Berkeley, CA",424B4 principal executive office,2026-08-04,Lawrence Waldman,481653.0,7976173.68,8669754.0,481653.0,7976173.68,0,0.0,,Lock-up expired,High — prospectus expressly maps the full covered position; disclosed exceptions or underwriter waivers may apply,False,True,Individual,,1.2,1.6,1.2,481653,,481653,,holder-mapped,2026-09-18,https://www.sec.gov/Archives/edgar/data/1696556/000119312526041885/0001193125-26-041885-index.htm
"Once Upon a Farm, PBC",OFRM,0001696556,0001193125-26-041885,424B4,Priced,2026-02-09,2026-01-28,2026-02-05,Medium,New,197949762.0,7631537,3365672,final 424B4 THE OFFERING primary + secondary rows,High,17-19,18.0,16.56,2026-09-18T20:00:00+00:00,"Berkeley, CA",424B4 principal executive office,2026-08-04,Megan Bent,46039.0,762405.84,828702.0,46039.0,762405.84,0,0.0,,Lock-up expired,High — prospectus expressly maps the full covered position; disclosed exceptions or underwriter waivers may apply,False,True,Individual,,,,,46039,,46039,,holder-mapped,2026-09-18,https://www.sec.gov/Archives/edgar/data/1696556/000119312526041885/0001193125-26-041885-index.htm
"Once Upon a Farm, PBC",OFRM,0001696556,0001193125-26-041885,424B4,Priced,2026-02-09,2026-01-28,2026-02-05,Medium,New,197949762.0,7631537,3365672,final 424B4 THE OFFERING primary + secondary rows,High,17-19,18.0,16.56,2026-09-18T20:00:00+00:00,"Berkeley, CA",424B4 principal executive office,2026-08-04,Cassandra Curtis,550844.0,9121976.64,9915192.0,550844.0,9121976.64,0,0.0,,Lock-up expired,High — prospectus expressly maps the full covered position; disclosed exceptions or underwriter waivers may apply,False,True,Individual,,1.4,1.9,1.4,550844,,550844,,holder-mapped,2026-09-18,https://www.sec.gov/Archives/edgar/data/1696556/000119312526041885/0001193125-26-041885-index.htm
"Once Upon a Farm, PBC",OFRM,0001696556,0001193125-26-041885,424B4,Priced,2026-02-09,2026-01-28,2026-02-05,Medium,New,197949762.0,7631537,3365672,final 424B4 THE OFFERING primary + secondary rows,High,17-19,18.0,16.56,2026-09-18T20:00:00+00:00,"Berkeley, CA",424B4 principal executive office,2026-08-04,Jennifer Garner,3057280.0,50628556.8,55031040.0,3057280.0,50628556.8,0,0.0,,Lock-up expired,High — prospectus expressly maps the full covered position; disclosed exceptions or underwriter waivers may apply,False,True,Individual,,7.4,9.0,7.4,2702672,,3057280,,holder-mapped,2026-09-18,https://www.sec.gov/Archives/edgar/data/1696556/000119312526041885/0001193125-26-041885-index.htm
"Once Upon a Farm, PBC",OFRM,0001696556,0001193125-26-041885,424B4,Priced,2026-02-09,2026-01-28,2026-02-05,Medium,New,197949762.0,7631537,3365672,final 424B4 THE OFFERING primary + secondary rows,High,17-19,18.0,16.56,2026-09-18T20:00:00+00:00,"Berkeley, CA",424B4 principal executive office,2026-08-04,Lawrence Peiros,151844.0,2514536.64,2733192.0,151844.0,2514536.64,0,0.0,,Lock-up expired,High — prospectus expressly maps the full covered position; disclosed exceptions or underwriter waivers may apply,False,True,Individual,,,,,151844,,151844,,holder-mapped,2026-09-18,https://www.sec.gov/Archives/edgar/data/1696556/000119312526041885/0001193125-26-041885-index.htm
"Once Upon a Farm, PBC",OFRM,0001696556,0001193125-26-041885,424B4,Priced,2026-02-09,2026-01-28,2026-02-05,Medium,New,197949762.0,7631537,3365672,final 424B4 THE OFFERING primary + secondary rows,High,17-19,18.0,16.56,2026-09-18T20:00:00+00:00,"Berkeley, CA",424B4 principal executive office,2026-08-04,Walter Robb,134303.0,2224057.68,2417454.0,134303.0,2224057.68,0,0.0,,Lock-up expired,High — prospectus expressly maps the full covered position; disclosed exceptions or underwriter waivers may apply,False,True,Individual,,,,,134303,,134303,,holder-mapped,2026-09-18,https://www.sec.gov/Archives/edgar/data/1696556/000119312526041885/0001193125-26-041885-index.htm
"Once Upon a Farm, PBC",OFRM,0001696556,0001193125-26-041885,424B4,Priced,2026-02-09,2026-01-28,2026-02-05,Medium,New,197949762.0,7631537,3365672,final 424B4 THE OFFERING primary + secondary rows,High,17-19,18.0,16.56,2026-09-18T20:00:00+00:00,"Berkeley, CA",424B4 principal executive office,2026-08-04,Cambridge,3760066.0,62266692.96,67681188.0,3760066.0,62266692.96,0,0.0,,Lock-up expired,High — prospectus expressly maps the full covered position; disclosed exceptions or underwriter waivers may apply,False,True,Unknown,,9.3,12.9,9.3,3760066,,3760066,,holder-mapped,2026-09-18,https://www.sec.gov/Archives/edgar/data/1696556/000119312526041885/0001193125-26-041885-index.htm
"Once Upon a Farm, PBC",OFRM,0001696556,0001193125-26-041885,424B4,Priced,2026-02-09,2026-01-28,2026-02-05,Medium,New,197949762.0,7631537,3365672,final 424B4 THE OFFERING primary + secondary rows,High,17-19,18.0,16.56,2026-09-18T20:00:00+00:00,"Berkeley, CA",424B4 principal executive office,2026-08-04,CAVU,11063595.0,183213133.2,199144710.0,11063595.0,183213133.2,0,0.0,,Lock-up expired,High — prospectus expressly maps the full covered position; disclosed exceptions or underwriter waivers may apply,False,True,Unknown,,27.5,37.8,27.5,11063595,,11063595,,holder-mapped,2026-09-18,https://www.sec.gov/Archives/edgar/data/1696556/000119312526041885/0001193125-26-041885-index.htm
"Once Upon a Farm, PBC",OFRM,0001696556,0001193125-26-041885,424B4,Priced,2026-02-09,2026-01-28,2026-02-05,Medium,New,197949762.0,7631537,3365672,final 424B4 THE OFFERING primary + secondary rows,High,17-19,18.0,16.56,2026-09-18T20:00:00+00:00,"Berkeley, CA",424B4 principal executive office,2026-08-04,S2G,5642446.0,93438905.76,101564028.0,5642446.0,93438905.76,0,0.0,,Lock-up expired,High — prospectus expressly maps the full covered position; disclosed exceptions or underwriter waivers may apply,False,True,Unknown,,14.0,19.3,14.0,5642446,,5642446,,holder-mapped,2026-09-18,https://www.sec.gov/Archives/edgar/data/1696556/000119312526041885/0001193125-26-041885-index.htm
"Once Upon a Farm, PBC",OFRM,0001696556,0001193125-26-041885,424B4,Priced,2026-02-09,2026-01-28,2026-02-05,Medium,New,197949762.0,7631537,3365672,final 424B4 THE OFFERING primary + secondary rows,High,17-19,18.0,16.56,2026-09-18T20:00:00+00:00,"Berkeley, CA",424B4 principal executive office,2026-08-04,Entities affiliated with Beechwood Capital,391205.0,6478354.8,7041690.0,391205.0,6478354.8,0,0.0,,Lock-up expired,High — prospectus expressly maps the full covered position; disclosed exceptions or underwriter waivers may apply,False,True,Entity,,1.0,4.3,1.0,1242653,851448,391205,,holder-mapped,2026-09-18,https://www.sec.gov/Archives/edgar/data/1696556/000119312526041885/0001193125-26-041885-index.htm
"Once Upon a Farm, PBC",OFRM,0001696556,0001193125-26-041885,424B4,Priced,2026-02-09,2026-01-28,2026-02-05,Medium,New,197949762.0,7631537,3365672,final 424B4 THE OFFERING primary + secondary rows,High,17-19,18.0,16.56,2026-09-18T20:00:00+00:00,"Berkeley, CA",424B4 principal executive office,2026-08-04,Ari Raz,566874.0,9387433.44,10203732.0,566874.0,9387433.44,0,0.0,,Lock-up expired,High — prospectus expressly maps the full covered position; disclosed exceptions or underwriter waivers may apply,False,True,Individual,,1.4,2.8,1.4,809805,242931,566874,,holder-mapped,2026-09-18,https://www.sec.gov/Archives/edgar/data/1696556/000119312526041885/0001193125-26-041885-index.htm
"Once Upon a Farm, PBC",OFRM,0001696556,0001193125-26-041885,424B4,Priced,2026-02-09,2026-01-28,2026-02-05,Medium,New,197949762.0,7631537,3365672,final 424B4 THE OFFERING primary + secondary rows,High,17-19,18.0,16.56,2026-09-18T20:00:00+00:00,"Berkeley, CA",424B4 principal executive office,2026-08-04,Austin Community Foundation,0.0,0.0,0.0,0.0,0.0,0,0.0,,Lock-up expired,High — prospectus expressly maps the full covered position; disclosed exceptions or underwriter waivers may apply,False,True,Entity,,,1.5,,438983,438983,0,,holder-mapped,2026-09-18,https://www.sec.gov/Archives/edgar/data/1696556/000119312526041885/0001193125-26-041885-index.htm
"Once Upon a Farm, PBC",OFRM,0001696556,0001193125-26-041885,424B4,Priced,2026-02-09,2026-01-28,2026-02-05,Medium,New,197949762.0,7631537,3365672,final 424B4 THE OFFERING primary + secondary rows,High,17-19,18.0,16.56,2026-09-18T20:00:00+00:00,"Berkeley, CA",424B4 principal executive office,2026-08-04,Samas Hold Ltd,0.0,0.0,0.0,0.0,0.0,0,0.0,,Lock-up expired,High — prospectus expressly maps the full covered position; disclosed exceptions or underwriter waivers may apply,False,True,Entity,,,,,209982,209982,0,,holder-mapped,2026-09-18,https://www.sec.gov/Archives/edgar/data/1696556/000119312526041885/0001193125-26-041885-index.htm
"Once Upon a Farm, PBC",OFRM,0001696556,0001193125-26-041885,424B4,Priced,2026-02-09,2026-01-28,2026-02-05,Medium,New,197949762.0,7631537,3365672,final 424B4 THE OFFERING primary + secondary rows,High,17-19,18.0,16.56,2026-09-18T20:00:00+00:00,"Berkeley, CA",424B4 principal executive office,2026-08-04,"Harbinger Ventures, LLC",161327.0,2671575.12,2903886.0,161327.0,2671575.12,0,0.0,,Lock-up expired,High — prospectus expressly maps the full covered position; disclosed exceptions or underwriter waivers may apply,False,True,Fund,,,,,209329,48002,161327,,holder-mapped,2026-09-18,https://www.sec.gov/Archives/edgar/data/1696556/000119312526041885/0001193125-26-041885-index.htm
"Once Upon a Farm, PBC",OFRM,0001696556,0001193125-26-041885,424B4,Priced,2026-02-09,2026-01-28,2026-02-05,Medium,New,197949762.0,7631537,3365672,final 424B4 THE OFFERING primary + secondary rows,High,17-19,18.0,16.56,2026-09-18T20:00:00+00:00,"Berkeley, CA",424B4 principal executive office,2026-08-04,CCBB Investments Group LLC,0.0,0.0,0.0,0.0,0.0,0,0.0,,Lock-up expired,High — prospectus expressly maps the full covered position; disclosed exceptions or underwriter waivers may apply,False,True,Entity,,,,,167870,167870,0,,holder-mapped,2026-09-18,https://www.sec.gov/Archives/edgar/data/1696556/000119312526041885/0001193125-26-041885-index.htm
"Once Upon a Farm, PBC",OFRM,0001696556,0001193125-26-041885,424B4,Priced,2026-02-09,2026-01-28,2026-02-05,Medium,New,197949762.0,7631537,3365672,final 424B4 THE OFFERING primary + secondary rows,High,17-19,18.0,16.56,2026-09-18T20:00:00+00:00,"Berkeley, CA",424B4 principal executive office,2026-08-04,Avi Raz,124579.0,2063028.24,2242422.0,124579.0,2063028.24,0,0.0,,Lock-up expired,High — prospectus expressly maps the full covered position; disclosed exceptions or underwriter waivers may apply,False,True,Individual,,,,,146570,21991,124579,,holder-mapped,2026-09-18,https://www.sec.gov/Archives/edgar/data/1696556/000119312526041885/0001193125-26-041885-index.htm
"Once Upon a Farm, PBC",OFRM,0001696556,0001193125-26-041885,424B4,Priced,2026-02-09,2026-01-28,2026-02-05,Medium,New,197949762.0,7631537,3365672,final 424B4 THE OFFERING primary + secondary rows,High,17-19,18.0,16.56,2026-09-18T20:00:00+00:00,"Berkeley, CA",424B4 principal executive office,2026-08-04,Western Alliance Bancorporation,0.0,0.0,0.0,0.0,0.0,0,0.0,,Lock-up expired,High — prospectus expressly maps the full covered position; disclosed exceptions or underwriter waivers may apply,False,True,Individual,,,,,103896,103896,0,,holder-mapped,2026-09-18,https://www.sec.gov/Archives/edgar/data/1696556/000119312526041885/0001193125-26-041885-index.htm
"SpyGlass Pharma, Inc.",SGP,0001778922,0001628280-26-006068,424B4,Priced,2026-02-06,2026-01-29,2026-02-05,Medium,New,150000000.0,9375000,,final 424B4 explicit issuer-only THE OFFERING row,High,15-17,16.0,29.08,2026-09-18T20:00:00+00:00,"IRVINE, CA",SEC submissions metadata,2026-08-04,Coöperatieve Gilde Healthcare VG VI U.A.,1875013.0,54525378.04,30000208.0,,,,,,Lock-up applies — covered quantity unresolved,"Holder class is supported, but the filing does not establish that the entire disclosed position is covered",False,True,Entity,,5.9,8.3,5.9,,,1875013,,holder-mapped,2026-09-18,https://www.sec.gov/Archives/edgar/data/1778922/000162828026006068/0001628280-26-006068-index.htm
"SpyGlass Pharma, Inc.",SGP,0001778922,0001628280-26-006068,424B4,Priced,2026-02-06,2026-01-29,2026-02-05,Medium,New,150000000.0,9375000,,final 424B4 explicit issuer-only THE OFFERING row,High,15-17,16.0,29.08,2026-09-18T20:00:00+00:00,"IRVINE, CA",SEC submissions metadata,2026-08-04,"Samsara BioCapital, L.P.",1484953.0,43182433.24,23759248.0,,,,,,Lock-up applies — covered quantity unresolved,"Holder class is supported, but the filing does not establish that the entire disclosed position is covered",False,True,Fund,,4.7,6.6,4.7,,,1484953,,holder-mapped,2026-09-18,https://www.sec.gov/Archives/edgar/data/1778922/000162828026006068/0001628280-26-006068-index.htm
"SpyGlass Pharma, Inc.",SGP,0001778922,0001628280-26-006068,424B4,Priced,2026-02-06,2026-01-29,2026-02-05,Medium,New,150000000.0,9375000,,final 424B4 explicit issuer-only THE OFFERING row,High,15-17,16.0,29.08,2026-09-18T20:00:00+00:00,"IRVINE, CA",SEC submissions metadata,2026-08-04,"Vensana Capital I, L.P.",3145619.0,91474600.52,50329904.0,,,,,,Lock-up applies — covered quantity unresolved,"Holder class is supported, but the filing does not establish that the entire disclosed position is covered",False,True,Fund,,9.9,14.0,9.9,,,3145619,,holder-mapped,2026-09-18,https://www.sec.gov/Archives/edgar/data/1778922/000162828026006068/0001628280-26-006068-index.htm
"SpyGlass Pharma, Inc.",SGP,0001778922,0001628280-26-006068,424B4,Priced,2026-02-06,2026-01-29,2026-02-05,Medium,New,150000000.0,9375000,,final 424B4 explicit issuer-only THE OFFERING row,High,15-17,16.0,29.08,2026-09-18T20:00:00+00:00,"IRVINE, CA",SEC submissions metadata,2026-08-04,Entities affiliated with New Enterprise Associates,6454801.0,187705613.08,103276816.0,,,,,,Lock-up applies — covered quantity unresolved,"Holder class is supported, but the filing does not establish that the entire disclosed position is covered",False,True,Entity,,20.2,28.6,20.2,,,6454801,,holder-mapped,2026-09-18,https://www.sec.gov/Archives/edgar/data/1778922/000162828026006068/0001628280-26-006068-index.htm
"SpyGlass Pharma, Inc.",SGP,0001778922,0001628280-26-006068,424B4,Priced,2026-02-06,2026-01-29,2026-02-05,Medium,New,150000000.0,9375000,,final 424B4 explicit issuer-only THE OFFERING row,High,15-17,16.0,29.08,2026-09-18T20:00:00+00:00,"IRVINE, CA",SEC submissions metadata,2026-08-04,Entities affiliated with RA Capital Management,4331117.0,125948882.36,69297872.0,,,,,,Lock-up applies — covered quantity unresolved,"Holder class is supported, but the filing does not establish that the entire disclosed position is covered",False,True,Entity,,13.6,19.2,13.6,,,4331117,,holder-mapped,2026-09-18,https://www.sec.gov/Archives/edgar/data/1778922/000162828026006068/0001628280-26-006068-index.htm
"SpyGlass Pharma, Inc.",SGP,0001778922,0001628280-26-006068,424B4,Priced,2026-02-06,2026-01-29,2026-02-05,Medium,New,150000000.0,9375000,,final 424B4 explicit issuer-only THE OFFERING row,High,15-17,16.0,29.08,2026-09-18T20:00:00+00:00,"IRVINE, CA",SEC submissions metadata,2026-08-04,Entities affiliated with Sands Capital Alternatives,1875012.0,54525348.96,30000192.0,,,,,,Lock-up applies — covered quantity unresolved,"Holder class is supported, but the filing does not establish that the entire disclosed position is covered",False,True,Entity,,5.9,8.3,5.9,,,1875012,,holder-mapped,2026-09-18,https://www.sec.gov/Archives/edgar/data/1778922/000162828026006068/0001628280-26-006068-index.htm
"SpyGlass Pharma, Inc.",SGP,0001778922,0001628280-26-006068,424B4,Priced,2026-02-06,2026-01-29,2026-02-05,Medium,New,150000000.0,9375000,,final 424B4 explicit issuer-only THE OFFERING row,High,15-17,16.0,29.08,2026-09-18T20:00:00+00:00,"IRVINE, CA",SEC submissions metadata,2026-08-04,Patrick Mooney,462372.0,13445777.76,7397952.0,,,,,,Lock-up applies — covered quantity unresolved,"Holder class is supported, but the filing does not establish that the entire disclosed position is covered",False,True,Individual,,1.4,2.0,1.4,,,462372,,holder-mapped,2026-09-18,https://www.sec.gov/Archives/edgar/data/1778922/000162828026006068/0001628280-26-006068-index.htm
"SpyGlass Pharma, Inc.",SGP,0001778922,0001628280-26-006068,424B4,Priced,2026-02-06,2026-01-29,2026-02-05,Medium,New,150000000.0,9375000,,final 424B4 explicit issuer-only THE OFFERING row,High,15-17,16.0,29.08,2026-09-18T20:00:00+00:00,"IRVINE, CA",SEC submissions metadata,2026-08-04,"Malik Y. Kahook, M.D.",916204.0,26643212.32,14659264.0,,,,,,Lock-up applies — covered quantity unresolved,"Holder class is supported, but the filing does not establish that the entire disclosed position is covered",False,True,Individual,,2.9,4.1,2.9,,,916204,,holder-mapped,2026-09-18,https://www.sec.gov/Archives/edgar/data/1778922/000162828026006068/0001628280-26-006068-index.htm
"SpyGlass Pharma, Inc.",SGP,0001778922,0001628280-26-006068,424B4,Priced,2026-02-06,2026-01-29,2026-02-05,Medium,New,150000000.0,9375000,,final 424B4 explicit issuer-only THE OFFERING row,High,15-17,16.0,29.08,2026-09-18T20:00:00+00:00,"IRVINE, CA",SEC submissions metadata,2026-08-04,Chetan Pujara,38304.0,1113880.32,612864.0,,,,,,Lock-up applies — covered quantity unresolved,"Holder class is supported, but the filing does not establish that the entire disclosed position is covered",False,True,Individual,,,,,,,38304,,holder-mapped,2026-09-18,https://www.sec.gov/Archives/edgar/data/1778922/000162828026006068/0001628280-26-006068-index.htm
"SpyGlass Pharma, Inc.",SGP,0001778922,0001628280-26-006068,424B4,Priced,2026-02-06,2026-01-29,2026-02-05,Medium,New,150000000.0,9375000,,final 424B4 explicit issuer-only THE OFFERING row,High,15-17,16.0,29.08,2026-09-18T20:00:00+00:00,"IRVINE, CA",SEC submissions metadata,2026-08-04,"Ali Behbahani, M.D.",6454801.0,187705613.08,103276816.0,,,,,,Lock-up applies — covered quantity unresolved,"Holder class is supported, but the filing does not establish that the entire disclosed position is covered",False,True,Individual,,20.2,28.6,20.2,,,6454801,,holder-mapped,2026-09-18,https://www.sec.gov/Archives/edgar/data/1778922/000162828026006068/0001628280-26-006068-index.htm
"SpyGlass Pharma, Inc.",SGP,0001778922,0001628280-26-006068,424B4,Priced,2026-02-06,2026-01-29,2026-02-05,Medium,New,150000000.0,9375000,,final 424B4 explicit issuer-only THE OFFERING row,High,15-17,16.0,29.08,2026-09-18T20:00:00+00:00,"IRVINE, CA",SEC submissions metadata,2026-08-04,Bilal Khan,146964.0,4273713.12,2351424.0,,,,,,Lock-up applies — covered quantity unresolved,"Holder class is supported, but the filing does not establish that the entire disclosed position is covered",False,True,Individual,,,,,,,146964,,holder-mapped,2026-09-18,https://www.sec.gov/Archives/edgar/data/1778922/000162828026006068/0001628280-26-006068-index.htm
"SpyGlass Pharma, Inc.",SGP,0001778922,0001628280-26-006068,424B4,Priced,2026-02-06,2026-01-29,2026-02-05,Medium,New,150000000.0,9375000,,final 424B4 explicit issuer-only THE OFFERING row,High,15-17,16.0,29.08,2026-09-18T20:00:00+00:00,"IRVINE, CA",SEC submissions metadata,2026-08-04,Kirk Nielsen,3145619.0,91474600.52,50329904.0,,,,,,Lock-up applies — covered quantity unresolved,"Holder class is supported, but the filing does not establish that the entire disclosed position is covered",False,True,Individual,,9.9,14.0,9.9,,,3145619,,holder-mapped,2026-09-18,https://www.sec.gov/Archives/edgar/data/1778922/000162828026006068/0001628280-26-006068-index.htm
"SpyGlass Pharma, Inc.",SGP,0001778922,0001628280-26-006068,424B4,Priced,2026-02-06,2026-01-29,2026-02-05,Medium,New,150000000.0,9375000,,final 424B4 explicit issuer-only THE OFFERING row,High,15-17,16.0,29.08,2026-09-18T20:00:00+00:00,"IRVINE, CA",SEC submissions metadata,2026-08-04,Geoff Pardo,1875013.0,54525378.04,30000208.0,,,,,,Lock-up applies — covered quantity unresolved,"Holder class is supported, but the filing does not establish that the entire disclosed position is covered",False,True,Individual,,5.9,8.3,5.9,,,1875013,,holder-mapped,2026-09-18,https://www.sec.gov/Archives/edgar/data/1778922/000162828026006068/0001628280-26-006068-index.htm
"Forgent Power Solutions, Inc.",FPS,0002080126,0001193125-26-040029,424B4,Priced,2026-02-06,2026-01-26,2026-02-04,High,New,1512000000.0,16586427,39413573,final 424B4 THE OFFERING primary + secondary rows,High,25-29,27.0,39.44,2026-09-18T20:00:00+00:00,"Dayton, MN",S-1 principal executive office,2026-08-03,"Investment vehicles controlled by Neos, including the Selling Stockholders",,,,,,,,,Unknown,Unknown — share count unavailable,False,True,Unknown,,,,,304428889,,,,filing-level-unmapped,,https://www.sec.gov/Archives/edgar/data/2080126/000119312526040029/0001193125-26-040029-index.htm
"Eikon Therapeutics, Inc.",EIKN,0001861123,0001193125-26-039375,424B4,Priced,2026-02-05,2026-01-28,2026-02-04,Medium,New,381196800.0,21177600,,final 424B4 explicit issuer-only THE OFFERING row,High,16-18,18.0,8.95,2026-09-18T20:00:00+00:00,"MILLBRAE, CA",SEC submissions metadata,2026-08-03,Entities affiliated with Lux,,,,,,,,,Lock-up applies — share quantity unavailable,"Filing supports holder lock-up coverage, but the share count is unavailable; locked and liquid quantities are not shown",False,True,Entity,,10.5,17.3,10.5,5695010,,,,holder-mapped,,https://www.sec.gov/Archives/edgar/data/1861123/000119312526039375/0001193125-26-039375-index.htm
"Eikon Therapeutics, Inc.",EIKN,0001861123,0001193125-26-039375,424B4,Priced,2026-02-05,2026-01-28,2026-02-04,Medium,New,381196800.0,21177600,,final 424B4 explicit issuer-only THE OFFERING row,High,16-18,18.0,8.95,2026-09-18T20:00:00+00:00,"MILLBRAE, CA",SEC submissions metadata,2026-08-03,Entities affiliated with Foresite Capital,,,,,,,,,Lock-up applies — share quantity unavailable,"Filing supports holder lock-up coverage, but the share count is unavailable; locked and liquid quantities are not shown",False,True,Entity,,7.6,12.4,7.6,4092964,,,,holder-mapped,,https://www.sec.gov/Archives/edgar/data/1861123/000119312526039375/0001193125-26-039375-index.htm
"Eikon Therapeutics, Inc.",EIKN,0001861123,0001193125-26-039375,424B4,Priced,2026-02-05,2026-01-28,2026-02-04,Medium,New,381196800.0,21177600,,final 424B4 explicit issuer-only THE OFFERING row,High,16-18,18.0,8.95,2026-09-18T20:00:00+00:00,"MILLBRAE, CA",SEC submissions metadata,2026-08-03,Entities affiliated with The Column Group,,,,,,,,,Lock-up applies — share quantity unavailable,"Filing supports holder lock-up coverage, but the share count is unavailable; locked and liquid quantities are not shown",False,True,Entity,,7.7,12.6,7.7,4235952,,,,holder-mapped,,https://www.sec.gov/Archives/edgar/data/1861123/000119312526039375/0001193125-26-039375-index.htm
"Eikon Therapeutics, Inc.",EIKN,0001861123,0001193125-26-039375,424B4,Priced,2026-02-05,2026-01-28,2026-02-04,Medium,New,381196800.0,21177600,,final 424B4 explicit issuer-only THE OFFERING row,High,16-18,18.0,8.95,2026-09-18T20:00:00+00:00,"MILLBRAE, CA",SEC submissions metadata,2026-08-03,Entities affiliated with Innovation Endeavors,,,,,,,,,Lock-up applies — share quantity unavailable,"Filing supports holder lock-up coverage, but the share count is unavailable; locked and liquid quantities are not shown",False,True,Entity,,5.7,9.4,5.7,3091742,,,,holder-mapped,,https://www.sec.gov/Archives/edgar/data/1861123/000119312526039375/0001193125-26-039375-index.htm
"Eikon Therapeutics, Inc.",EIKN,0001861123,0001193125-26-039375,424B4,Priced,2026-02-05,2026-01-28,2026-02-04,Medium,New,381196800.0,21177600,,final 424B4 explicit issuer-only THE OFFERING row,High,16-18,18.0,8.95,2026-09-18T20:00:00+00:00,"MILLBRAE, CA",SEC submissions metadata,2026-08-03,Mahler International Limited,,,,,,,,,Lock-up applies — share quantity unavailable,"Filing supports holder lock-up coverage, but the share count is unavailable; locked and liquid quantities are not shown",False,True,Entity,,3.3,5.4,3.3,1777572,,,,holder-mapped,,https://www.sec.gov/Archives/edgar/data/1861123/000119312526039375/0001193125-26-039375-index.htm
"Eikon Therapeutics, Inc.",EIKN,0001861123,0001193125-26-039375,424B4,Priced,2026-02-05,2026-01-28,2026-02-04,Medium,New,381196800.0,21177600,,final 424B4 explicit issuer-only THE OFFERING row,High,16-18,18.0,8.95,2026-09-18T20:00:00+00:00,"MILLBRAE, CA",SEC submissions metadata,2026-08-03,"Catalyst4, Inc.",,,,,,,,,Lock-up applies — share quantity unavailable,"Filing supports holder lock-up coverage, but the share count is unavailable; locked and liquid quantities are not shown",False,True,Entity,,3.2,5.2,3.2,1720707,,,,holder-mapped,,https://www.sec.gov/Archives/edgar/data/1861123/000119312526039375/0001193125-26-039375-index.htm
"Eikon Therapeutics, Inc.",EIKN,0001861123,0001193125-26-039375,424B4,Priced,2026-02-05,2026-01-28,2026-02-04,Medium,New,381196800.0,21177600,,final 424B4 explicit issuer-only THE OFFERING row,High,16-18,18.0,8.95,2026-09-18T20:00:00+00:00,"MILLBRAE, CA",SEC submissions metadata,2026-08-03,"Roger M. Perlmutter M.D., Ph.D",,,,,,,,,Lock-up applies — share quantity unavailable,"Filing supports holder lock-up coverage, but the share count is unavailable; locked and liquid quantities are not shown",False,True,Individual,,5.1,8.2,5.1,2814977,,,,holder-mapped,,https://www.sec.gov/Archives/edgar/data/1861123/000119312526039375/0001193125-26-039375-index.htm
"Eikon Therapeutics, Inc.",EIKN,0001861123,0001193125-26-039375,424B4,Priced,2026-02-05,2026-01-28,2026-02-04,Medium,New,381196800.0,21177600,,final 424B4 explicit issuer-only THE OFFERING row,High,16-18,18.0,8.95,2026-09-18T20:00:00+00:00,"MILLBRAE, CA",SEC submissions metadata,2026-08-03,"Roy Baynes, M.D., Ph.D",,,,,,,,,Lock-up applies — share quantity unavailable,"Filing supports holder lock-up coverage, but the share count is unavailable; locked and liquid quantities are not shown",False,True,Individual,,,,,180571,,,,holder-mapped,,https://www.sec.gov/Archives/edgar/data/1861123/000119312526039375/0001193125-26-039375-index.htm
"Eikon Therapeutics, Inc.",EIKN,0001861123,0001193125-26-039375,424B4,Priced,2026-02-05,2026-01-28,2026-02-04,Medium,New,381196800.0,21177600,,final 424B4 explicit issuer-only THE OFFERING row,High,16-18,18.0,8.95,2026-09-18T20:00:00+00:00,"MILLBRAE, CA",SEC submissions metadata,2026-08-03,Michael Klobuchar,,,,,,,,,Lock-up applies — share quantity unavailable,"Filing supports holder lock-up coverage, but the share count is unavailable; locked and liquid quantities are not shown",False,True,Individual,,,,,59222,,,,holder-mapped,,https://www.sec.gov/Archives/edgar/data/1861123/000119312526039375/0001193125-26-039375-index.htm
"Eikon Therapeutics, Inc.",EIKN,0001861123,0001193125-26-039375,424B4,Priced,2026-02-05,2026-01-28,2026-02-04,Medium,New,381196800.0,21177600,,final 424B4 explicit issuer-only THE OFFERING row,High,16-18,18.0,8.95,2026-09-18T20:00:00+00:00,"MILLBRAE, CA",SEC submissions metadata,2026-08-03,Kenneth C. Frazier,,,,,,,,,Lock-up applies — share quantity unavailable,"Filing supports holder lock-up coverage, but the share count is unavailable; locked and liquid quantities are not shown",False,True,Individual,,,,,75773,,,,holder-mapped,,https://www.sec.gov/Archives/edgar/data/1861123/000119312526039375/0001193125-26-039375-index.htm
"Eikon Therapeutics, Inc.",EIKN,0001861123,0001193125-26-039375,424B4,Priced,2026-02-05,2026-01-28,2026-02-04,Medium,New,381196800.0,21177600,,final 424B4 explicit issuer-only THE OFFERING row,High,16-18,18.0,8.95,2026-09-18T20:00:00+00:00,"MILLBRAE, CA",SEC submissions metadata,2026-08-03,Robert Huffines,,,,,,,,,Lock-up applies — share quantity unavailable,"Filing supports holder lock-up coverage, but the share count is unavailable; locked and liquid quantities are not shown",False,True,Individual,,,,,37712,,,,holder-mapped,,https://www.sec.gov/Archives/edgar/data/1861123/000119312526039375/0001193125-26-039375-index.htm
"Eikon Therapeutics, Inc.",EIKN,0001861123,0001193125-26-039375,424B4,Priced,2026-02-05,2026-01-28,2026-02-04,Medium,New,381196800.0,21177600,,final 424B4 explicit issuer-only THE OFFERING row,High,16-18,18.0,8.95,2026-09-18T20:00:00+00:00,"MILLBRAE, CA",SEC submissions metadata,2026-08-03,David Meline,,,,,,,,,Lock-up applies — share quantity unavailable,"Filing supports holder lock-up coverage, but the share count is unavailable; locked and liquid quantities are not shown",False,True,Individual,,,,,4190,,,,holder-mapped,,https://www.sec.gov/Archives/edgar/data/1861123/000119312526039375/0001193125-26-039375-index.htm
"Eikon Therapeutics, Inc.",EIKN,0001861123,0001193125-26-039375,424B4,Priced,2026-02-05,2026-01-28,2026-02-04,Medium,New,381196800.0,21177600,,final 424B4 explicit issuer-only THE OFFERING row,High,16-18,18.0,8.95,2026-09-18T20:00:00+00:00,"MILLBRAE, CA",SEC submissions metadata,2026-08-03,Joshua Wolfe,,,,,,,,,Lock-up applies — share quantity unavailable,"Filing supports holder lock-up coverage, but the share count is unavailable; locked and liquid quantities are not shown",False,True,Individual,,10.5,17.3,10.5,5695010,,,,holder-mapped,,https://www.sec.gov/Archives/edgar/data/1861123/000119312526039375/0001193125-26-039375-index.htm
"Bob's Discount Furniture, Inc.",BOBS,0002085187,0001628280-26-005868,424B4,Priced,2026-02-05,2026-01-26,2026-02-04,High,New,330650000.0,19450000,,final 424B4 explicit issuer-only THE OFFERING row,High,17-19,17.0,14.86,2026-09-18T20:00:00+00:00,"Manchester, CT",424B4 principal executive office,2026-08-03,Entities affiliated with Bain Capital,98288251.0,1460563409.86,1670900267.0,,,,,,Lock-up applies — covered quantity unresolved,"Holder class is supported, but the filing does not establish that the entire disclosed position is covered",False,True,Entity,,75.4,88.6,75.4,98288251,,98288251,,holder-mapped,2026-09-18,https://www.sec.gov/Archives/edgar/data/2085187/000162828026005868/0001628280-26-005868-index.htm
"Bob's Discount Furniture, Inc.",BOBS,0002085187,0001628280-26-005868,424B4,Priced,2026-02-05,2026-01-26,2026-02-04,High,New,330650000.0,19450000,,final 424B4 explicit issuer-only THE OFFERING row,High,17-19,17.0,14.86,2026-09-18T20:00:00+00:00,"Manchester, CT",424B4 principal executive office,2026-08-03,William G. (“Bill”) Barton,2098735.0,31187202.1,35678495.0,,,,,,Lock-up applies — covered quantity unresolved,"Holder class is supported, but the filing does not establish that the entire disclosed position is covered",False,True,Individual,,1.6,1.9,1.6,2098735,,2098735,,holder-mapped,2026-09-18,https://www.sec.gov/Archives/edgar/data/2085187/000162828026005868/0001628280-26-005868-index.htm
"Bob's Discount Furniture, Inc.",BOBS,0002085187,0001628280-26-005868,424B4,Priced,2026-02-05,2026-01-26,2026-02-04,High,New,330650000.0,19450000,,final 424B4 explicit issuer-only THE OFFERING row,High,17-19,17.0,14.86,2026-09-18T20:00:00+00:00,"Manchester, CT",424B4 principal executive office,2026-08-03,Carl Lukach,88778.0,1319241.08,1509226.0,,,,,,Lock-up applies — covered quantity unresolved,"Holder class is supported, but the filing does not establish that the entire disclosed position is covered",False,True,Individual,,,,,88778,,88778,,holder-mapped,2026-09-18,https://www.sec.gov/Archives/edgar/data/2085187/000162828026005868/0001628280-26-005868-index.htm
"Bob's Discount Furniture, Inc.",BOBS,0002085187,0001628280-26-005868,424B4,Priced,2026-02-05,2026-01-26,2026-02-04,High,New,330650000.0,19450000,,final 424B4 explicit issuer-only THE OFFERING row,High,17-19,17.0,14.86,2026-09-18T20:00:00+00:00,"Manchester, CT",424B4 principal executive office,2026-08-03,Carol Glaser,481075.0,7148774.5,8178275.0,,,,,,Lock-up applies — covered quantity unresolved,"Holder class is supported, but the filing does not establish that the entire disclosed position is covered",False,True,Individual,,,,,481075,,481075,,holder-mapped,2026-09-18,https://www.sec.gov/Archives/edgar/data/2085187/000162828026005868/0001628280-26-005868-index.htm
"Bob's Discount Furniture, Inc.",BOBS,0002085187,0001628280-26-005868,424B4,Priced,2026-02-05,2026-01-26,2026-02-04,High,New,330650000.0,19450000,,final 424B4 explicit issuer-only THE OFFERING row,High,17-19,17.0,14.86,2026-09-18T20:00:00+00:00,"Manchester, CT",424B4 principal executive office,2026-08-03,Ramesh Murthy,214225.0,3183383.5,3641825.0,,,,,,Lock-up applies — covered quantity unresolved,"Holder class is supported, but the filing does not establish that the entire disclosed position is covered",False,True,Individual,,,,,214225,,214225,,holder-mapped,2026-09-18,https://www.sec.gov/Archives/edgar/data/2085187/000162828026005868/0001628280-26-005868-index.htm
"Bob's Discount Furniture, Inc.",BOBS,0002085187,0001628280-26-005868,424B4,Priced,2026-02-05,2026-01-26,2026-02-04,High,New,330650000.0,19450000,,final 424B4 explicit issuer-only THE OFFERING row,High,17-19,17.0,14.86,2026-09-18T20:00:00+00:00,"Manchester, CT",424B4 principal executive office,2026-08-03,Stephen Moeller,38894.0,577964.84,661198.0,,,,,,Lock-up applies — covered quantity unresolved,"Holder class is supported, but the filing does not establish that the entire disclosed position is covered",False,True,Individual,,,,,38894,,38894,,holder-mapped,2026-09-18,https://www.sec.gov/Archives/edgar/data/2085187/000162828026005868/0001628280-26-005868-index.htm
"Bob's Discount Furniture, Inc.",BOBS,0002085187,0001628280-26-005868,424B4,Priced,2026-02-05,2026-01-26,2026-02-04,High,New,330650000.0,19450000,,final 424B4 explicit issuer-only THE OFFERING row,High,17-19,17.0,14.86,2026-09-18T20:00:00+00:00,"Manchester, CT",424B4 principal executive office,2026-08-03,Edmond J. English,3920000.0,58251200.0,66640000.0,,,,,,Lock-up applies — covered quantity unresolved,"Holder class is supported, but the filing does not establish that the entire disclosed position is covered",False,True,Individual,,3.0,3.5,3.0,3920000,,3920000,,holder-mapped,2026-09-18,https://www.sec.gov/Archives/edgar/data/2085187/000162828026005868/0001628280-26-005868-index.htm
"Bob's Discount Furniture, Inc.",BOBS,0002085187,0001628280-26-005868,424B4,Priced,2026-02-05,2026-01-26,2026-02-04,High,New,330650000.0,19450000,,final 424B4 explicit issuer-only THE OFFERING row,High,17-19,17.0,14.86,2026-09-18T20:00:00+00:00,"Manchester, CT",424B4 principal executive office,2026-08-03,Mir Aamir,28742.0,427106.12,488614.0,,,,,,Lock-up applies — covered quantity unresolved,"Holder class is supported, but the filing does not establish that the entire disclosed position is covered",False,True,Individual,,,,,28742,,28742,,holder-mapped,2026-09-18,https://www.sec.gov/Archives/edgar/data/2085187/000162828026005868/0001628280-26-005868-index.htm
"Bob's Discount Furniture, Inc.",BOBS,0002085187,0001628280-26-005868,424B4,Priced,2026-02-05,2026-01-26,2026-02-04,High,New,330650000.0,19450000,,final 424B4 explicit issuer-only THE OFFERING row,High,17-19,17.0,14.86,2026-09-18T20:00:00+00:00,"Manchester, CT",424B4 principal executive office,2026-08-03,Barbara Carbone,15375.0,228472.5,261375.0,,,,,,Lock-up applies — covered quantity unresolved,"Holder class is supported, but the filing does not establish that the entire disclosed position is covered",False,True,Individual,,,,,15375,,15375,,holder-mapped,2026-09-18,https://www.sec.gov/Archives/edgar/data/2085187/000162828026005868/0001628280-26-005868-index.htm
"Veradermics, Inc",MANE,0001827635,0001628280-26-005505,424B4,Priced,2026-02-04,2026-01-28,2026-02-03,High,New,256319999.0,15077647,,final 424B4 explicit issuer-only THE OFFERING row,High,14-16,17.0,106.75,2026-09-18T20:00:00+00:00,"James St. New Haven, CT",S-1 principal executive office,2026-08-02,Entities affiliated with Longitude Capital,3578873.0,382044692.75,60840841.0,,,,,,Lock-up applies — covered quantity unresolved,"Holder class is supported, but the filing does not establish that the entire disclosed position is covered",False,True,Entity,,10.2,17.9,10.2,,,3578873,,holder-mapped,2026-09-18,https://www.sec.gov/Archives/edgar/data/1827635/000162828026005505/0001628280-26-005505-index.htm
"Veradermics, Inc",MANE,0001827635,0001628280-26-005505,424B4,Priced,2026-02-04,2026-01-28,2026-02-03,High,New,256319999.0,15077647,,final 424B4 explicit issuer-only THE OFFERING row,High,14-16,17.0,106.75,2026-09-18T20:00:00+00:00,"James St. New Haven, CT",S-1 principal executive office,2026-08-02,Entities affiliated with SR One,1951868.0,208361909.0,33181756.0,,,,,,Lock-up applies — covered quantity unresolved,"Holder class is supported, but the filing does not establish that the entire disclosed position is covered",False,True,Entity,,5.6,9.8,5.6,,,1951868,,holder-mapped,2026-09-18,https://www.sec.gov/Archives/edgar/data/1827635/000162828026005505/0001628280-26-005505-index.htm
"Veradermics, Inc",MANE,0001827635,0001628280-26-005505,424B4,Priced,2026-02-04,2026-01-28,2026-02-03,High,New,256319999.0,15077647,,final 424B4 explicit issuer-only THE OFFERING row,High,14-16,17.0,106.75,2026-09-18T20:00:00+00:00,"James St. New Haven, CT",S-1 principal executive office,2026-08-02,Entities affiliated with J.W. Childs Associates,1907889.0,203667150.75,32434113.0,,,,,,Lock-up applies — covered quantity unresolved,"Holder class is supported, but the filing does not establish that the entire disclosed position is covered",False,True,Entity,,5.4,9.5,5.4,,,1907889,,holder-mapped,2026-09-18,https://www.sec.gov/Archives/edgar/data/1827635/000162828026005505/0001628280-26-005505-index.htm
"Veradermics, Inc",MANE,0001827635,0001628280-26-005505,424B4,Priced,2026-02-04,2026-01-28,2026-02-03,High,New,256319999.0,15077647,,final 424B4 explicit issuer-only THE OFFERING row,High,14-16,17.0,106.75,2026-09-18T20:00:00+00:00,"James St. New Haven, CT",S-1 principal executive office,2026-08-02,Entities affiliated with Suvretta Capital,1761317.0,188020589.75,29942389.0,,,,,,Lock-up applies — covered quantity unresolved,"Holder class is supported, but the filing does not establish that the entire disclosed position is covered",False,True,Entity,,5.0,8.8,5.0,,,1761317,,holder-mapped,2026-09-18,https://www.sec.gov/Archives/edgar/data/1827635/000162828026005505/0001628280-26-005505-index.htm
"Veradermics, Inc",MANE,0001827635,0001628280-26-005505,424B4,Priced,2026-02-04,2026-01-28,2026-02-03,High,New,256319999.0,15077647,,final 424B4 explicit issuer-only THE OFFERING row,High,14-16,17.0,106.75,2026-09-18T20:00:00+00:00,"James St. New Haven, CT",S-1 principal executive office,2026-08-02,Entities affiliated with Viking Global,1561494.0,166689484.5,26545398.0,,,,,,Lock-up applies — covered quantity unresolved,"Holder class is supported, but the filing does not establish that the entire disclosed position is covered",False,True,Entity,,4.5,7.8,4.5,,,1561494,,holder-mapped,2026-09-18,https://www.sec.gov/Archives/edgar/data/1827635/000162828026005505/0001628280-26-005505-index.htm
"Veradermics, Inc",MANE,0001827635,0001628280-26-005505,424B4,Priced,2026-02-04,2026-01-28,2026-02-03,High,New,256319999.0,15077647,,final 424B4 explicit issuer-only THE OFFERING row,High,14-16,17.0,106.75,2026-09-18T20:00:00+00:00,"James St. New Haven, CT",S-1 principal executive office,2026-08-02,Citadel Multi-Strategy Equities (Surveyor),1399062.0,149349868.5,23784054.0,,,,,,Lock-up applies — covered quantity unresolved,"Holder class is supported, but the filing does not establish that the entire disclosed position is covered",False,True,Individual,,4.0,7.0,4.0,,,1399062,,holder-mapped,2026-09-18,https://www.sec.gov/Archives/edgar/data/1827635/000162828026005505/0001628280-26-005505-index.htm
"Veradermics, Inc",MANE,0001827635,0001628280-26-005505,424B4,Priced,2026-02-04,2026-01-28,2026-02-03,High,New,256319999.0,15077647,,final 424B4 explicit issuer-only THE OFFERING row,High,14-16,17.0,106.75,2026-09-18T20:00:00+00:00,"James St. New Haven, CT",S-1 principal executive office,2026-08-02,"Reid Waldman, M.D.",499121.0,53281166.75,8485057.0,,,,,,Lock-up applies — covered quantity unresolved,"Holder class is supported, but the filing does not establish that the entire disclosed position is covered",False,True,Individual,,1.4,2.5,1.4,,,499121,,holder-mapped,2026-09-18,https://www.sec.gov/Archives/edgar/data/1827635/000162828026005505/0001628280-26-005505-index.htm
"Veradermics, Inc",MANE,0001827635,0001628280-26-005505,424B4,Priced,2026-02-04,2026-01-28,2026-02-03,High,New,256319999.0,15077647,,final 424B4 explicit issuer-only THE OFFERING row,High,14-16,17.0,106.75,2026-09-18T20:00:00+00:00,"James St. New Haven, CT",S-1 principal executive office,2026-08-02,"Timothy Durso, M.D.",400175.0,42718681.25,6802975.0,,,,,,Lock-up applies — covered quantity unresolved,"Holder class is supported, but the filing does not establish that the entire disclosed position is covered",False,True,Individual,,1.1,2.0,1.1,,,400175,,holder-mapped,2026-09-18,https://www.sec.gov/Archives/edgar/data/1827635/000162828026005505/0001628280-26-005505-index.htm
"Veradermics, Inc",MANE,0001827635,0001628280-26-005505,424B4,Priced,2026-02-04,2026-01-28,2026-02-03,High,New,256319999.0,15077647,,final 424B4 explicit issuer-only THE OFFERING row,High,14-16,17.0,106.75,2026-09-18T20:00:00+00:00,"James St. New Haven, CT",S-1 principal executive office,2026-08-02,"Dominic Carrano, CPA",44249.0,4723580.75,752233.0,,,,,,Lock-up applies — covered quantity unresolved,"Holder class is supported, but the filing does not establish that the entire disclosed position is covered",False,True,Individual,,,,,,,44249,,holder-mapped,2026-09-18,https://www.sec.gov/Archives/edgar/data/1827635/000162828026005505/0001628280-26-005505-index.htm
"Veradermics, Inc",MANE,0001827635,0001628280-26-005505,424B4,Priced,2026-02-04,2026-01-28,2026-02-03,High,New,256319999.0,15077647,,final 424B4 explicit issuer-only THE OFFERING row,High,14-16,17.0,106.75,2026-09-18T20:00:00+00:00,"James St. New Haven, CT",S-1 principal executive office,2026-08-02,John W. Childs,1907889.0,203667150.75,32434113.0,,,,,,Lock-up applies — covered quantity unresolved,"Holder class is supported, but the filing does not establish that the entire disclosed position is covered",False,True,Individual,,5.4,9.5,5.4,,,1907889,,holder-mapped,2026-09-18,https://www.sec.gov/Archives/edgar/data/1827635/000162828026005505/0001628280-26-005505-index.htm
"Veradermics, Inc",MANE,0001827635,0001628280-26-005505,424B4,Priced,2026-02-04,2026-01-28,2026-02-03,High,New,256319999.0,15077647,,final 424B4 explicit issuer-only THE OFFERING row,High,14-16,17.0,106.75,2026-09-18T20:00:00+00:00,"James St. New Haven, CT",S-1 principal executive office,2026-08-02,"Vlad Coric, M.D.",652554.0,69660139.5,11093418.0,,,,,,Lock-up applies — covered quantity unresolved,"Holder class is supported, but the filing does not establish that the entire disclosed position is covered",False,True,Individual,,1.9,3.3,1.9,,,652554,,holder-mapped,2026-09-18,https://www.sec.gov/Archives/edgar/data/1827635/000162828026005505/0001628280-26-005505-index.htm
"Veradermics, Inc",MANE,0001827635,0001628280-26-005505,424B4,Priced,2026-02-04,2026-01-28,2026-02-03,High,New,256319999.0,15077647,,final 424B4 explicit issuer-only THE OFFERING row,High,14-16,17.0,106.75,2026-09-18T20:00:00+00:00,"James St. New Haven, CT",S-1 principal executive office,2026-08-02,Patrick Enright,3578872.0,382044586.0,60840824.0,,,,,,Lock-up applies — covered quantity unresolved,"Holder class is supported, but the filing does not establish that the entire disclosed position is covered",False,True,Individual,,10.2,17.9,10.2,,,3578872,,holder-mapped,2026-09-18,https://www.sec.gov/Archives/edgar/data/1827635/000162828026005505/0001628280-26-005505-index.htm
"Veradermics, Inc",MANE,0001827635,0001628280-26-005505,424B4,Priced,2026-02-04,2026-01-28,2026-02-03,High,New,256319999.0,15077647,,final 424B4 explicit issuer-only THE OFFERING row,High,14-16,17.0,106.75,2026-09-18T20:00:00+00:00,"James St. New Haven, CT",S-1 principal executive office,2026-08-02,"Jane Grant-Kels, M.D.",22431.0,2394509.25,381327.0,,,,,,Lock-up applies — covered quantity unresolved,"Holder class is supported, but the filing does not establish that the entire disclosed position is covered",False,True,Individual,,,,,,,22431,,holder-mapped,2026-09-18,https://www.sec.gov/Archives/edgar/data/1827635/000162828026005505/0001628280-26-005505-index.htm
"Yellowstone Midco Holdings II, LLC",YSS,0002086587,0001193125-26-030469,424B4,Priced,2026-01-30,2026-01-26,2026-01-28,High,New,629000000.0,18500000,,final 424B4 explicit issuer-only THE OFFERING row,High,30-34,34.0,8.55,2026-09-18T20:00:00+00:00,"Greenwood Village, CO",424B4 principal executive office,2026-07-27,Dirk Wallinger,11168593.0,95491470.15,379732162.0,,,,,,Lock-up applies — covered quantity unresolved,"Holder class is supported, but the filing does not establish that the entire disclosed position is covered",False,True,Individual,,8.8,,8.8,,,11168593,,holder-mapped,2026-09-18,https://www.sec.gov/Archives/edgar/data/2086587/000119312526030469/0001193125-26-030469-index.htm
"Yellowstone Midco Holdings II, LLC",YSS,0002086587,0001193125-26-030469,424B4,Priced,2026-01-30,2026-01-26,2026-01-28,High,New,629000000.0,18500000,,final 424B4 explicit issuer-only THE OFFERING row,High,30-34,34.0,8.55,2026-09-18T20:00:00+00:00,"Greenwood Village, CO",424B4 principal executive office,2026-07-27,Kevin Messerle,917437.0,7844086.35,31192858.0,,,,,,Lock-up applies — covered quantity unresolved,"Holder class is supported, but the filing does not establish that the entire disclosed position is covered",False,True,Individual,,,,,,,917437,,holder-mapped,2026-09-18,https://www.sec.gov/Archives/edgar/data/2086587/000119312526030469/0001193125-26-030469-index.htm
"Yellowstone Midco Holdings II, LLC",YSS,0002086587,0001193125-26-030469,424B4,Priced,2026-01-30,2026-01-26,2026-01-28,High,New,629000000.0,18500000,,final 424B4 explicit issuer-only THE OFFERING row,High,30-34,34.0,8.55,2026-09-18T20:00:00+00:00,"Greenwood Village, CO",424B4 principal executive office,2026-07-27,Devjyoti Rudra,334828.0,2862779.4,11384152.0,,,,,,Lock-up applies — covered quantity unresolved,"Holder class is supported, but the filing does not establish that the entire disclosed position is covered",False,True,Individual,,,,,,,334828,,holder-mapped,2026-09-18,https://www.sec.gov/Archives/edgar/data/2086587/000119312526030469/0001193125-26-030469-index.htm
"Yellowstone Midco Holdings II, LLC",YSS,0002086587,0001193125-26-030469,424B4,Priced,2026-01-30,2026-01-26,2026-01-28,High,New,629000000.0,18500000,,final 424B4 explicit issuer-only THE OFFERING row,High,30-34,34.0,8.55,2026-09-18T20:00:00+00:00,"Greenwood Village, CO",424B4 principal executive office,2026-07-27,Tamra Erwin,71749.0,613453.95,2439466.0,,,,,,Lock-up applies — covered quantity unresolved,"Holder class is supported, but the filing does not establish that the entire disclosed position is covered",False,True,Individual,,,,,,,71749,,holder-mapped,2026-09-18,https://www.sec.gov/Archives/edgar/data/2086587/000119312526030469/0001193125-26-030469-index.htm
"Yellowstone Midco Holdings II, LLC",YSS,0002086587,0001193125-26-030469,424B4,Priced,2026-01-30,2026-01-26,2026-01-28,High,New,629000000.0,18500000,,final 424B4 explicit issuer-only THE OFFERING row,High,30-34,34.0,8.55,2026-09-18T20:00:00+00:00,"Greenwood Village, CO",424B4 principal executive office,2026-07-27,Entities Affiliated with AE Industrial Partners,30196088.0,258176552.4,1026666992.0,,,,,,Lock-up applies — covered quantity unresolved,"Holder class is supported, but the filing does not establish that the entire disclosed position is covered",False,True,Entity,,23.8,100.0,23.8,99558713,,30196088,,holder-mapped,2026-09-18,https://www.sec.gov/Archives/edgar/data/2086587/000119312526030469/0001193125-26-030469-index.htm
"Yellowstone Midco Holdings II, LLC",YSS,0002086587,0001193125-26-030469,424B4,Priced,2026-01-30,2026-01-26,2026-01-28,High,New,629000000.0,18500000,,final 424B4 explicit issuer-only THE OFFERING row,High,30-34,34.0,8.55,2026-09-18T20:00:00+00:00,"Greenwood Village, CO",424B4 principal executive office,2026-07-27,Entities Affiliated with BlackRock,17094434.0,146157410.7,581210756.0,,,,,,Lock-up applies — covered quantity unresolved,"Holder class is supported, but the filing does not establish that the entire disclosed position is covered",False,True,Entity,,13.5,,13.5,,,17094434,,holder-mapped,2026-09-18,https://www.sec.gov/Archives/edgar/data/2086587/000119312526030469/0001193125-26-030469-index.htm
Ethos Technologies Inc.,LIFE,0001788451,0001193125-26-029993,424B4,Priced,2026-01-30,2026-01-20,2026-01-28,High,New,199999985.0,5127696,5398619,final 424B4 THE OFFERING primary + secondary rows,High,18-20,19.0,36.0,2026-09-18T20:00:00+00:00,"San Francisco, CA",424B4 principal executive office,2026-07-27,Entities affiliated with Sequoia Capital,12000124.0,432004464.0,228002356.0,,,,,,Unclassified,Unknown — filing has no defensible holder-specific lock-up mapping,False,True,Entity,,,,,12000124,,12000124,,filing-level-unmapped,2026-09-18,https://www.sec.gov/Archives/edgar/data/1788451/000119312526029993/0001193125-26-029993-index.htm
Ethos Technologies Inc.,LIFE,0001788451,0001193125-26-029993,424B4,Priced,2026-01-30,2026-01-20,2026-01-28,High,New,199999985.0,5127696,5398619,final 424B4 THE OFFERING primary + secondary rows,High,18-20,19.0,36.0,2026-09-18T20:00:00+00:00,"San Francisco, CA",424B4 principal executive office,2026-07-27,Entities affiliated with Accel,7143886.0,257179896.0,135733834.0,,,,,,Unclassified,Unknown — filing has no defensible holder-specific lock-up mapping,False,True,Entity,,,,,7143886,,7143886,,filing-level-unmapped,2026-09-18,https://www.sec.gov/Archives/edgar/data/1788451/000119312526029993/0001193125-26-029993-index.htm
Ethos Technologies Inc.,LIFE,0001788451,0001193125-26-029993,424B4,Priced,2026-01-30,2026-01-20,2026-01-28,High,New,199999985.0,5127696,5398619,final 424B4 THE OFFERING primary + secondary rows,High,18-20,19.0,36.0,2026-09-18T20:00:00+00:00,"San Francisco, CA",424B4 principal executive office,2026-07-27,Peter Colis,6498396.0,233942256.0,123469524.0,,,,,,Unclassified,Unknown — filing has no defensible holder-specific lock-up mapping,False,True,Individual,,,,,6498396,,6498396,,filing-level-unmapped,2026-09-18,https://www.sec.gov/Archives/edgar/data/1788451/000119312526029993/0001193125-26-029993-index.htm
Ethos Technologies Inc.,LIFE,0001788451,0001193125-26-029993,424B4,Priced,2026-01-30,2026-01-20,2026-01-28,High,New,199999985.0,5127696,5398619,final 424B4 THE OFFERING primary + secondary rows,High,18-20,19.0,36.0,2026-09-18T20:00:00+00:00,"San Francisco, CA",424B4 principal executive office,2026-07-27,Lingke Wang,6436859.0,231726924.0,122300321.0,,,,,,Unclassified,Unknown — filing has no defensible holder-specific lock-up mapping,False,True,Individual,,,,,6436859,,6436859,,filing-level-unmapped,2026-09-18,https://www.sec.gov/Archives/edgar/data/1788451/000119312526029993/0001193125-26-029993-index.htm
Ethos Technologies Inc.,LIFE,0001788451,0001193125-26-029993,424B4,Priced,2026-01-30,2026-01-20,2026-01-28,High,New,199999985.0,5127696,5398619,final 424B4 THE OFFERING primary + secondary rows,High,18-20,19.0,36.0,2026-09-18T20:00:00+00:00,"San Francisco, CA",424B4 principal executive office,2026-07-27,Entities affiliated with GV,3770156.0,135725616.0,71632964.0,,,,,,Unclassified,Unknown — filing has no defensible holder-specific lock-up mapping,False,True,Entity,,,,,5615464,,3770156,,filing-level-unmapped,2026-09-18,https://www.sec.gov/Archives/edgar/data/1788451/000119312526029993/0001193125-26-029993-index.htm
Ethos Technologies Inc.,LIFE,0001788451,0001193125-26-029993,424B4,Priced,2026-01-30,2026-01-20,2026-01-28,High,New,199999985.0,5127696,5398619,final 424B4 THE OFFERING primary + secondary rows,High,18-20,19.0,36.0,2026-09-18T20:00:00+00:00,"San Francisco, CA",424B4 principal executive office,2026-07-27,Entities affiliated with Softbank,3128902.0,112640472.0,59449138.0,,,,,,Unclassified,Unknown — filing has no defensible holder-specific lock-up mapping,False,True,Entity,,,,,3128902,,3128902,,filing-level-unmapped,2026-09-18,https://www.sec.gov/Archives/edgar/data/1788451/000119312526029993/0001193125-26-029993-index.htm
Ethos Technologies Inc.,LIFE,0001788451,0001193125-26-029993,424B4,Priced,2026-01-30,2026-01-20,2026-01-28,High,New,199999985.0,5127696,5398619,final 424B4 THE OFFERING primary + secondary rows,High,18-20,19.0,36.0,2026-09-18T20:00:00+00:00,"San Francisco, CA",424B4 principal executive office,2026-07-27,Vipul Sharma,396071.0,14258556.0,7525349.0,,,,,,Unclassified,Unknown — filing has no defensible holder-specific lock-up mapping,False,True,Individual,,,,,596071,,396071,,filing-level-unmapped,2026-09-18,https://www.sec.gov/Archives/edgar/data/1788451/000119312526029993/0001193125-26-029993-index.htm
Ethos Technologies Inc.,LIFE,0001788451,0001193125-26-029993,424B4,Priced,2026-01-30,2026-01-20,2026-01-28,High,New,199999985.0,5127696,5398619,final 424B4 THE OFFERING primary + secondary rows,High,18-20,19.0,36.0,2026-09-18T20:00:00+00:00,"San Francisco, CA",424B4 principal executive office,2026-07-27,Kunal Mehta,131463.0,4732668.0,2497797.0,,,,,,Unclassified,Unknown — filing has no defensible holder-specific lock-up mapping,False,True,Individual,,,,,174320,,131463,,filing-level-unmapped,2026-09-18,https://www.sec.gov/Archives/edgar/data/1788451/000119312526029993/0001193125-26-029993-index.htm
Ethos Technologies Inc.,LIFE,0001788451,0001193125-26-029993,424B4,Priced,2026-01-30,2026-01-20,2026-01-28,High,New,199999985.0,5127696,5398619,final 424B4 THE OFFERING primary + secondary rows,High,18-20,19.0,36.0,2026-09-18T20:00:00+00:00,"San Francisco, CA",424B4 principal executive office,2026-07-27,Roelof Botha,12260649.0,441383364.0,232952331.0,,,,,,Unclassified,Unknown — filing has no defensible holder-specific lock-up mapping,False,True,Individual,,,,,12000124,,12260649,,filing-level-unmapped,2026-09-18,https://www.sec.gov/Archives/edgar/data/1788451/000119312526029993/0001193125-26-029993-index.htm
Ethos Technologies Inc.,LIFE,0001788451,0001193125-26-029993,424B4,Priced,2026-01-30,2026-01-20,2026-01-28,High,New,199999985.0,5127696,5398619,final 424B4 THE OFFERING primary + secondary rows,High,18-20,19.0,36.0,2026-09-18T20:00:00+00:00,"San Francisco, CA",424B4 principal executive office,2026-07-27,Priscilla Hung,52925.0,1905300.0,1005575.0,,,,,,Unclassified,Unknown — filing has no defensible holder-specific lock-up mapping,False,True,Individual,,,,,52925,,52925,,filing-level-unmapped,2026-09-18,https://www.sec.gov/Archives/edgar/data/1788451/000119312526029993/0001193125-26-029993-index.htm
Ethos Technologies Inc.,LIFE,0001788451,0001193125-26-029993,424B4,Priced,2026-01-30,2026-01-20,2026-01-28,High,New,199999985.0,5127696,5398619,final 424B4 THE OFFERING primary + secondary rows,High,18-20,19.0,36.0,2026-09-18T20:00:00+00:00,"San Francisco, CA",424B4 principal executive office,2026-07-27,John Kunze,70176.0,2526336.0,1333344.0,,,,,,Unclassified,Unknown — filing has no defensible holder-specific lock-up mapping,False,True,Individual,,,,,70176,,70176,,filing-level-unmapped,2026-09-18,https://www.sec.gov/Archives/edgar/data/1788451/000119312526029993/0001193125-26-029993-index.htm
Ethos Technologies Inc.,LIFE,0001788451,0001193125-26-029993,424B4,Priced,2026-01-30,2026-01-20,2026-01-28,High,New,199999985.0,5127696,5398619,final 424B4 THE OFFERING primary + secondary rows,High,18-20,19.0,36.0,2026-09-18T20:00:00+00:00,"San Francisco, CA",424B4 principal executive office,2026-07-27,Mark Mullin,5263.0,189468.0,99997.0,,,,,,Unclassified,Unknown — filing has no defensible holder-specific lock-up mapping,False,True,Individual,,,,,,,5263,,filing-level-unmapped,2026-09-18,https://www.sec.gov/Archives/edgar/data/1788451/000119312526029993/0001193125-26-029993-index.htm
Ethos Technologies Inc.,LIFE,0001788451,0001193125-26-029993,424B4,Priced,2026-01-30,2026-01-20,2026-01-28,High,New,199999985.0,5127696,5398619,final 424B4 THE OFFERING primary + secondary rows,High,18-20,19.0,36.0,2026-09-18T20:00:00+00:00,"San Francisco, CA",424B4 principal executive office,2026-07-27,Nate J. Niparko,7143886.0,257179896.0,135733834.0,,,,,,Unclassified,Unknown — filing has no defensible holder-specific lock-up mapping,False,True,Individual,,,,,7143886,,7143886,,filing-level-unmapped,2026-09-18,https://www.sec.gov/Archives/edgar/data/1788451/000119312526029993/0001193125-26-029993-index.htm
Ethos Technologies Inc.,LIFE,0001788451,0001193125-26-029993,424B4,Priced,2026-01-30,2026-01-20,2026-01-28,High,New,199999985.0,5127696,5398619,final 424B4 THE OFFERING primary + secondary rows,High,18-20,19.0,36.0,2026-09-18T20:00:00+00:00,"San Francisco, CA",424B4 principal executive office,2026-07-27,Khozema Shipchandler,25280.0,910080.0,480320.0,,,,,,Unclassified,Unknown — filing has no defensible holder-specific lock-up mapping,False,True,Individual,,,,,25280,,25280,,filing-level-unmapped,2026-09-18,https://www.sec.gov/Archives/edgar/data/1788451/000119312526029993/0001193125-26-029993-index.htm
Ethos Technologies Inc.,LIFE,0001788451,0001193125-26-029993,424B4,Priced,2026-01-30,2026-01-20,2026-01-28,High,New,199999985.0,5127696,5398619,final 424B4 THE OFFERING primary + secondary rows,High,18-20,19.0,36.0,2026-09-18T20:00:00+00:00,"San Francisco, CA",424B4 principal executive office,2026-07-27,William J. Wheeler,260525.0,9378900.0,4949975.0,,,,,,Unclassified,Unknown — filing has no defensible holder-specific lock-up mapping,False,True,Individual,,,,,,,260525,,filing-level-unmapped,2026-09-18,https://www.sec.gov/Archives/edgar/data/1788451/000119312526029993/0001193125-26-029993-index.htm
Ethos Technologies Inc.,LIFE,0001788451,0001193125-26-029993,424B4,Priced,2026-01-30,2026-01-20,2026-01-28,High,New,199999985.0,5127696,5398619,final 424B4 THE OFFERING primary + secondary rows,High,18-20,19.0,36.0,2026-09-18T20:00:00+00:00,"San Francisco, CA",424B4 principal executive office,2026-07-27,"General Catalyst Group X – Endurance, L.P.",74179.0,2670444.0,1409401.0,,,,,,Unclassified,Unknown — filing has no defensible holder-specific lock-up mapping,False,True,Fund,,,,,2144652,,74179,,filing-level-unmapped,2026-09-18,https://www.sec.gov/Archives/edgar/data/1788451/000119312526029993/0001193125-26-029993-index.htm
Ethos Technologies Inc.,LIFE,0001788451,0001193125-26-029993,424B4,Priced,2026-01-30,2026-01-20,2026-01-28,High,New,199999985.0,5127696,5398619,final 424B4 THE OFFERING primary + secondary rows,High,18-20,19.0,36.0,2026-09-18T20:00:00+00:00,"San Francisco, CA",424B4 principal executive office,2026-07-27,Entities affiliated with Heroic Ventures,353808.0,12737088.0,6722352.0,,,,,,Unclassified,Unknown — filing has no defensible holder-specific lock-up mapping,False,True,Entity,,,,,543972,,353808,,filing-level-unmapped,2026-09-18,https://www.sec.gov/Archives/edgar/data/1788451/000119312526029993/0001193125-26-029993-index.htm
Ethos Technologies Inc.,LIFE,0001788451,0001193125-26-029993,424B4,Priced,2026-01-30,2026-01-20,2026-01-28,High,New,199999985.0,5127696,5398619,final 424B4 THE OFFERING primary + secondary rows,High,18-20,19.0,36.0,2026-09-18T20:00:00+00:00,"San Francisco, CA",424B4 principal executive office,2026-07-27,Erin Lantz,304114.0,10948104.0,5778166.0,,,,,,Unclassified,Unknown — filing has no defensible holder-specific lock-up mapping,False,True,Individual,,,,,466791,,304114,,filing-level-unmapped,2026-09-18,https://www.sec.gov/Archives/edgar/data/1788451/000119312526029993/0001193125-26-029993-index.htm
EquipmentShare.com Inc,EQPT,0001693736,0001628280-26-003334,424B4,Priced,2026-01-26,2026-01-13,2026-01-22,High,New,747250000.0,30500000,,final 424B4 explicit issuer-only THE OFFERING row,High,23.5-25.5,24.5,18.03,2026-09-18T20:00:00+00:00,"COLUMBIA, MO",SEC submissions metadata,2026-07-21,Jabbok Schlacks,34778852.0,627062701.56,852081874.0,,,,,,Unclassified,Unknown — filing has no defensible holder-specific lock-up mapping,False,True,Individual,,6.7,7.8,6.7,34778852,,34778852,,filing-level-unmapped,2026-09-18,https://www.sec.gov/Archives/edgar/data/1693736/000162828026003334/0001628280-26-003334-index.htm
EquipmentShare.com Inc,EQPT,0001693736,0001628280-26-003334,424B4,Priced,2026-01-26,2026-01-13,2026-01-22,High,New,747250000.0,30500000,,final 424B4 explicit issuer-only THE OFFERING row,High,23.5-25.5,24.5,18.03,2026-09-18T20:00:00+00:00,"COLUMBIA, MO",SEC submissions metadata,2026-07-21,William J. Schlacks IV,34778852.0,627062701.56,852081874.0,,,,,,Unclassified,Unknown — filing has no defensible holder-specific lock-up mapping,False,True,Individual,,6.7,7.8,6.7,34778852,,34778852,,filing-level-unmapped,2026-09-18,https://www.sec.gov/Archives/edgar/data/1693736/000162828026003334/0001628280-26-003334-index.htm
EquipmentShare.com Inc,EQPT,0001693736,0001628280-26-003334,424B4,Priced,2026-01-26,2026-01-13,2026-01-22,High,New,747250000.0,30500000,,final 424B4 explicit issuer-only THE OFFERING row,High,23.5-25.5,24.5,18.03,2026-09-18T20:00:00+00:00,"COLUMBIA, MO",SEC submissions metadata,2026-07-21,David Marquardt,124285.0,2240858.55,3044982.5,,,,,,Unclassified,Unknown — filing has no defensible holder-specific lock-up mapping,False,True,Individual,,,,,120000,,124285,,filing-level-unmapped,2026-09-18,https://www.sec.gov/Archives/edgar/data/1693736/000162828026003334/0001628280-26-003334-index.htm
EquipmentShare.com Inc,EQPT,0001693736,0001628280-26-003334,424B4,Priced,2026-01-26,2026-01-13,2026-01-22,High,New,747250000.0,30500000,,final 424B4 explicit issuer-only THE OFFERING row,High,23.5-25.5,24.5,18.03,2026-09-18T20:00:00+00:00,"COLUMBIA, MO",SEC submissions metadata,2026-07-21,Mark Wopata,300208.0,5412750.24,7355096.0,,,,,,Unclassified,Unknown — filing has no defensible holder-specific lock-up mapping,False,True,Individual,,,,,300208,,300208,,filing-level-unmapped,2026-09-18,https://www.sec.gov/Archives/edgar/data/1693736/000162828026003334/0001628280-26-003334-index.htm
EquipmentShare.com Inc,EQPT,0001693736,0001628280-26-003334,424B4,Priced,2026-01-26,2026-01-13,2026-01-22,High,New,747250000.0,30500000,,final 424B4 explicit issuer-only THE OFFERING row,High,23.5-25.5,24.5,18.03,2026-09-18T20:00:00+00:00,"COLUMBIA, MO",SEC submissions metadata,2026-07-21,Naveen Bhatia,302000.0,5445060.0,7399000.0,,,,,,Unclassified,Unknown — filing has no defensible holder-specific lock-up mapping,False,True,Individual,,,,,302000,,302000,,filing-level-unmapped,2026-09-18,https://www.sec.gov/Archives/edgar/data/1693736/000162828026003334/0001628280-26-003334-index.htm
EquipmentShare.com Inc,EQPT,0001693736,0001628280-26-003334,424B4,Priced,2026-01-26,2026-01-13,2026-01-22,High,New,747250000.0,30500000,,final 424B4 explicit issuer-only THE OFFERING row,High,23.5-25.5,24.5,18.03,2026-09-18T20:00:00+00:00,"COLUMBIA, MO",SEC submissions metadata,2026-07-21,Jennifer Giacomazza,160000.0,2884800.0,3920000.0,,,,,,Unclassified,Unknown — filing has no defensible holder-specific lock-up mapping,False,True,Individual,,,,,160000,,160000,,filing-level-unmapped,2026-09-18,https://www.sec.gov/Archives/edgar/data/1693736/000162828026003334/0001628280-26-003334-index.htm
EquipmentShare.com Inc,EQPT,0001693736,0001628280-26-003334,424B4,Priced,2026-01-26,2026-01-13,2026-01-22,High,New,747250000.0,30500000,,final 424B4 explicit issuer-only THE OFFERING row,High,23.5-25.5,24.5,18.03,2026-09-18T20:00:00+00:00,"COLUMBIA, MO",SEC submissions metadata,2026-07-21,"Anchorage Capital Group, L.L.C.",17770560.0,320403196.8,435378720.0,,,,,,Unclassified,Unknown — filing has no defensible holder-specific lock-up mapping,False,True,Fund,,8.3,9.7,8.3,17770560,,17770560,,filing-level-unmapped,2026-09-18,https://www.sec.gov/Archives/edgar/data/1693736/000162828026003334/0001628280-26-003334-index.htm
EquipmentShare.com Inc,EQPT,0001693736,0001628280-26-003334,424B4,Priced,2026-01-26,2026-01-13,2026-01-22,High,New,747250000.0,30500000,,final 424B4 explicit issuer-only THE OFFERING row,High,23.5-25.5,24.5,18.03,2026-09-18T20:00:00+00:00,"COLUMBIA, MO",SEC submissions metadata,2026-07-21,"Insight Venture Partners IX, L.P.",,,,,,,,,Unknown,Unknown — share count unavailable,False,True,Fund,,7.0,8.1,7.0,14908379,,,,filing-level-unmapped,,https://www.sec.gov/Archives/edgar/data/1693736/000162828026003334/0001628280-26-003334-index.htm
EquipmentShare.com Inc,EQPT,0001693736,0001628280-26-003334,424B4,Priced,2026-01-26,2026-01-13,2026-01-22,High,New,747250000.0,30500000,,final 424B4 explicit issuer-only THE OFFERING row,High,23.5-25.5,24.5,18.03,2026-09-18T20:00:00+00:00,"COLUMBIA, MO",SEC submissions metadata,2026-07-21,"BDT Everest Holdings, LLC",10548937.0,190197334.11,258448956.5,,,,,,Unclassified,Unknown — filing has no defensible holder-specific lock-up mapping,False,True,Entity,,4.9,5.8,4.9,10548937,,10548937,,filing-level-unmapped,2026-09-18,https://www.sec.gov/Archives/edgar/data/1693736/000162828026003334/0001628280-26-003334-index.htm
EquipmentShare.com Inc,EQPT,0001693736,0001628280-26-003334,424B4,Priced,2026-01-26,2026-01-13,2026-01-22,High,New,747250000.0,30500000,,final 424B4 explicit issuer-only THE OFFERING row,High,23.5-25.5,24.5,18.03,2026-09-18T20:00:00+00:00,"COLUMBIA, MO",SEC submissions metadata,2026-07-21,Romulus Capital III L.P.,55489664.0,1000478641.92,1359496768.0,,,,,,Unclassified,Unknown — filing has no defensible holder-specific lock-up mapping,False,True,Fund,,26.0,30.3,26.0,55489664,,55489664,,filing-level-unmapped,2026-09-18,https://www.sec.gov/Archives/edgar/data/1693736/000162828026003334/0001628280-26-003334-index.htm
EquipmentShare.com Inc,EQPT,0001693736,0001628280-26-003334,424B4,Priced,2026-01-26,2026-01-13,2026-01-22,High,New,747250000.0,30500000,,final 424B4 explicit issuer-only THE OFFERING row,High,23.5-25.5,24.5,18.03,2026-09-18T20:00:00+00:00,"COLUMBIA, MO",SEC submissions metadata,2026-07-21,RB ES LP,,,,,,,,,Unknown,Unknown — share count unavailable,False,True,Fund,,2.6,3.0,2.6,5484606,,,,filing-level-unmapped,,https://www.sec.gov/Archives/edgar/data/1693736/000162828026003334/0001628280-26-003334-index.htm
EquipmentShare.com Inc,EQPT,0001693736,0001628280-26-003334,424B4,Priced,2026-01-26,2026-01-13,2026-01-22,High,New,747250000.0,30500000,,final 424B4 explicit issuer-only THE OFFERING row,High,23.5-25.5,24.5,18.03,2026-09-18T20:00:00+00:00,"COLUMBIA, MO",SEC submissions metadata,2026-07-21,Brad Siegler,,,,,,,,,Unknown,Unknown — share count unavailable,False,True,Individual,,1.9,2.2,1.9,4002608,,,,filing-level-unmapped,,https://www.sec.gov/Archives/edgar/data/1693736/000162828026003334/0001628280-26-003334-index.htm
EquipmentShare.com Inc,EQPT,0001693736,0001628280-26-003334,424B4,Priced,2026-01-26,2026-01-13,2026-01-22,High,New,747250000.0,30500000,,final 424B4 explicit issuer-only THE OFFERING row,High,23.5-25.5,24.5,18.03,2026-09-18T20:00:00+00:00,"COLUMBIA, MO",SEC submissions metadata,2026-07-21,Matthew Arlan Mcdonald,,,,,,,,,Unknown,Unknown — share count unavailable,False,True,Individual,,1.0,1.2,1.0,2181902,,,,filing-level-unmapped,,https://www.sec.gov/Archives/edgar/data/1693736/000162828026003334/0001628280-26-003334-index.htm
EquipmentShare.com Inc,EQPT,0001693736,0001628280-26-003334,424B4,Priced,2026-01-26,2026-01-13,2026-01-22,High,New,747250000.0,30500000,,final 424B4 explicit issuer-only THE OFFERING row,High,23.5-25.5,24.5,18.03,2026-09-18T20:00:00+00:00,"COLUMBIA, MO",SEC submissions metadata,2026-07-21,10x GmbH,,,,,,,,,Unknown,Unknown — share count unavailable,False,True,Entity,,,,,1697752,,,,filing-level-unmapped,,https://www.sec.gov/Archives/edgar/data/1693736/000162828026003334/0001628280-26-003334-index.htm
EquipmentShare.com Inc,EQPT,0001693736,0001628280-26-003334,424B4,Priced,2026-01-26,2026-01-13,2026-01-22,High,New,747250000.0,30500000,,final 424B4 explicit issuer-only THE OFFERING row,High,23.5-25.5,24.5,18.03,2026-09-18T20:00:00+00:00,"COLUMBIA, MO",SEC submissions metadata,2026-07-21,Cynthia Grace Alvarado,,,,,,,,,Unknown,Unknown — share count unavailable,False,True,Individual,,,,,1592810,,,,filing-level-unmapped,,https://www.sec.gov/Archives/edgar/data/1693736/000162828026003334/0001628280-26-003334-index.htm
EquipmentShare.com Inc,EQPT,0001693736,0001628280-26-003334,424B4,Priced,2026-01-26,2026-01-13,2026-01-22,High,New,747250000.0,30500000,,final 424B4 explicit issuer-only THE OFFERING row,High,23.5-25.5,24.5,18.03,2026-09-18T20:00:00+00:00,"COLUMBIA, MO",SEC submissions metadata,2026-07-21,Trifecta Capital L.P.,,,,,,,,,Unknown,Unknown — share count unavailable,False,True,Fund,,,,,1455216,,,,filing-level-unmapped,,https://www.sec.gov/Archives/edgar/data/1693736/000162828026003334/0001628280-26-003334-index.htm
EquipmentShare.com Inc,EQPT,0001693736,0001628280-26-003334,424B4,Priced,2026-01-26,2026-01-13,2026-01-22,High,New,747250000.0,30500000,,final 424B4 explicit issuer-only THE OFFERING row,High,23.5-25.5,24.5,18.03,2026-09-18T20:00:00+00:00,"COLUMBIA, MO",SEC submissions metadata,2026-07-21,Accelerate FC Fund VIII LLC,,,,,,,,,Unknown,Unknown — share count unavailable,False,True,Fund,,,,,1164176,,,,filing-level-unmapped,,https://www.sec.gov/Archives/edgar/data/1693736/000162828026003334/0001628280-26-003334-index.htm
EquipmentShare.com Inc,EQPT,0001693736,0001628280-26-003334,424B4,Priced,2026-01-26,2026-01-13,2026-01-22,High,New,747250000.0,30500000,,final 424B4 explicit issuer-only THE OFFERING row,High,23.5-25.5,24.5,18.03,2026-09-18T20:00:00+00:00,"COLUMBIA, MO",SEC submissions metadata,2026-07-21,The Private Shares Fund,,,,,,,,,Unknown,Unknown — share count unavailable,False,True,Fund,,,,,1017864,,,,filing-level-unmapped,,https://www.sec.gov/Archives/edgar/data/1693736/000162828026003334/0001628280-26-003334-index.htm
EquipmentShare.com Inc,EQPT,0001693736,0001628280-26-003334,424B4,Priced,2026-01-26,2026-01-13,2026-01-22,High,New,747250000.0,30500000,,final 424B4 explicit issuer-only THE OFFERING row,High,23.5-25.5,24.5,18.03,2026-09-18T20:00:00+00:00,"COLUMBIA, MO",SEC submissions metadata,2026-07-21,"Tru Arrow Technology Partners I, LP",,,,,,,,,Unknown,Unknown — share count unavailable,False,True,Fund,,,,,1003441,,,,filing-level-unmapped,,https://www.sec.gov/Archives/edgar/data/1693736/000162828026003334/0001628280-26-003334-index.htm
"Bitgo Holdings, Inc.",BTGO,0001740604,0001628280-26-003180,424B4,Priced,2026-01-23,2026-01-12,2026-01-21,Medium,New,212788710.0,11026365,795230,final 424B4 THE OFFERING primary + secondary rows,High,15-17,18.0,7.56,2026-09-18T20:00:00+00:00,"Sioux Falls, SD",S-1 principal executive office,2026-07-20,Michael Belshe,11418241.0,86321901.96,205528338.0,,,,,,Unclassified,Unknown — filing has no defensible holder-specific lock-up mapping,False,True,Individual,,,,,11418241,,11418241,,filing-level-unmapped,2026-09-18,https://www.sec.gov/Archives/edgar/data/1740604/000162828026003180/0001628280-26-003180-index.htm
"Bitgo Holdings, Inc.",BTGO,0001740604,0001628280-26-003180,424B4,Priced,2026-01-23,2026-01-12,2026-01-21,Medium,New,212788710.0,11026365,795230,final 424B4 THE OFFERING primary + secondary rows,High,15-17,18.0,7.56,2026-09-18T20:00:00+00:00,"Sioux Falls, SD",S-1 principal executive office,2026-07-20,Edward Reginelli,429666.0,3248274.96,7733988.0,,,,,,Unclassified,Unknown — filing has no defensible holder-specific lock-up mapping,False,True,Individual,,,,,474666,45000,429666,,filing-level-unmapped,2026-09-18,https://www.sec.gov/Archives/edgar/data/1740604/000162828026003180/0001628280-26-003180-index.htm
"Bitgo Holdings, Inc.",BTGO,0001740604,0001628280-26-003180,424B4,Priced,2026-01-23,2026-01-12,2026-01-21,Medium,New,212788710.0,11026365,795230,final 424B4 THE OFFERING primary + secondary rows,High,15-17,18.0,7.56,2026-09-18T20:00:00+00:00,"Sioux Falls, SD",S-1 principal executive office,2026-07-20,Chen Fang,1754047.0,13260595.32,31572846.0,,,,,,Unclassified,Unknown — filing has no defensible holder-specific lock-up mapping,False,True,Individual,,,,,2004047,250000,1754047,,filing-level-unmapped,2026-09-18,https://www.sec.gov/Archives/edgar/data/1740604/000162828026003180/0001628280-26-003180-index.htm
"Bitgo Holdings, Inc.",BTGO,0001740604,0001628280-26-003180,424B4,Priced,2026-01-23,2026-01-12,2026-01-21,Medium,New,212788710.0,11026365,795230,final 424B4 THE OFFERING primary + secondary rows,High,15-17,18.0,7.56,2026-09-18T20:00:00+00:00,"Sioux Falls, SD",S-1 principal executive office,2026-07-20,Jody Mettler,166666.0,1259994.96,2999988.0,,,,,,Unclassified,Unknown — filing has no defensible holder-specific lock-up mapping,False,True,Individual,,,,,191666,25000,166666,,filing-level-unmapped,2026-09-18,https://www.sec.gov/Archives/edgar/data/1740604/000162828026003180/0001628280-26-003180-index.htm
"Bitgo Holdings, Inc.",BTGO,0001740604,0001628280-26-003180,424B4,Priced,2026-01-23,2026-01-12,2026-01-21,Medium,New,212788710.0,11026365,795230,final 424B4 THE OFFERING primary + secondary rows,High,15-17,18.0,7.56,2026-09-18T20:00:00+00:00,"Sioux Falls, SD",S-1 principal executive office,2026-07-20,Jeff Horowitz,398405.0,3011941.8,7171290.0,,,,,,Unclassified,Unknown — filing has no defensible holder-specific lock-up mapping,False,True,Individual,,,,,514412,116007,398405,,filing-level-unmapped,2026-09-18,https://www.sec.gov/Archives/edgar/data/1740604/000162828026003180/0001628280-26-003180-index.htm
"Bitgo Holdings, Inc.",BTGO,0001740604,0001628280-26-003180,424B4,Priced,2026-01-23,2026-01-12,2026-01-21,Medium,New,212788710.0,11026365,795230,final 424B4 THE OFFERING primary + secondary rows,High,15-17,18.0,7.56,2026-09-18T20:00:00+00:00,"Sioux Falls, SD",S-1 principal executive office,2026-07-20,Brian Murray,3109.0,23504.04,55962.0,,,,,,Unclassified,Unknown — filing has no defensible holder-specific lock-up mapping,False,True,Individual,,,,,3109,,3109,,filing-level-unmapped,2026-09-18,https://www.sec.gov/Archives/edgar/data/1740604/000162828026003180/0001628280-26-003180-index.htm
"Bitgo Holdings, Inc.",BTGO,0001740604,0001628280-26-003180,424B4,Priced,2026-01-23,2026-01-12,2026-01-21,Medium,New,212788710.0,11026365,795230,final 424B4 THE OFFERING primary + secondary rows,High,15-17,18.0,7.56,2026-09-18T20:00:00+00:00,"Sioux Falls, SD",S-1 principal executive office,2026-07-20,Justin Evans,6000.0,45360.0,108000.0,,,,,,Unclassified,Unknown — filing has no defensible holder-specific lock-up mapping,False,True,Individual,,,,,6000,,6000,,filing-level-unmapped,2026-09-18,https://www.sec.gov/Archives/edgar/data/1740604/000162828026003180/0001628280-26-003180-index.htm
"Bitgo Holdings, Inc.",BTGO,0001740604,0001628280-26-003180,424B4,Priced,2026-01-23,2026-01-12,2026-01-21,Medium,New,212788710.0,11026365,795230,final 424B4 THE OFFERING primary + secondary rows,High,15-17,18.0,7.56,2026-09-18T20:00:00+00:00,"Sioux Falls, SD",S-1 principal executive office,2026-07-20,Sunita Parasuraman,6000.0,45360.0,108000.0,,,,,,Unclassified,Unknown — filing has no defensible holder-specific lock-up mapping,False,True,Individual,,,,,6000,,6000,,filing-level-unmapped,2026-09-18,https://www.sec.gov/Archives/edgar/data/1740604/000162828026003180/0001628280-26-003180-index.htm
"Bitgo Holdings, Inc.",BTGO,0001740604,0001628280-26-003180,424B4,Priced,2026-01-23,2026-01-12,2026-01-21,Medium,New,212788710.0,11026365,795230,final 424B4 THE OFFERING primary + secondary rows,High,15-17,18.0,7.56,2026-09-18T20:00:00+00:00,"Sioux Falls, SD",S-1 principal executive office,2026-07-20,Brian Brooks,68500.0,517860.0,1233000.0,,,,,,Unclassified,Unknown — filing has no defensible holder-specific lock-up mapping,False,True,Individual,,,,,68500,,68500,,filing-level-unmapped,2026-09-18,https://www.sec.gov/Archives/edgar/data/1740604/000162828026003180/0001628280-26-003180-index.htm
"Bitgo Holdings, Inc.",BTGO,0001740604,0001628280-26-003180,424B4,Priced,2026-01-23,2026-01-12,2026-01-21,Medium,New,212788710.0,11026365,795230,final 424B4 THE OFFERING primary + secondary rows,High,15-17,18.0,7.56,2026-09-18T20:00:00+00:00,"Sioux Falls, SD",S-1 principal executive office,2026-07-20,Entities affiliated with Redpoint,10752948.0,81292286.88,193553064.0,,,,,,Unclassified,Unknown — filing has no defensible holder-specific lock-up mapping,False,True,Entity,,,,,10752948,,10752948,,filing-level-unmapped,2026-09-18,https://www.sec.gov/Archives/edgar/data/1740604/000162828026003180/0001628280-26-003180-index.htm
"Bitgo Holdings, Inc.",BTGO,0001740604,0001628280-26-003180,424B4,Priced,2026-01-23,2026-01-12,2026-01-21,Medium,New,212788710.0,11026365,795230,final 424B4 THE OFFERING primary + secondary rows,High,15-17,18.0,7.56,2026-09-18T20:00:00+00:00,"Sioux Falls, SD",S-1 principal executive office,2026-07-20,Entities affiliated with Valor,12538608.0,94791876.48,225694944.0,,,,,,Unclassified,Unknown — filing has no defensible holder-specific lock-up mapping,False,True,Entity,,,,,12538608,,12538608,,filing-level-unmapped,2026-09-18,https://www.sec.gov/Archives/edgar/data/1740604/000162828026003180/0001628280-26-003180-index.htm
"Bitgo Holdings, Inc.",BTGO,0001740604,0001628280-26-003180,424B4,Priced,2026-01-23,2026-01-12,2026-01-21,Medium,New,212788710.0,11026365,795230,final 424B4 THE OFFERING primary + secondary rows,High,15-17,18.0,7.56,2026-09-18T20:00:00+00:00,"Sioux Falls, SD",S-1 principal executive office,2026-07-20,Entities affiliated with Craft Ventures,7421851.0,56109193.56,133593318.0,,,,,,Unclassified,Unknown — filing has no defensible holder-specific lock-up mapping,False,True,Entity,,,,,7421851,,7421851,,filing-level-unmapped,2026-09-18,https://www.sec.gov/Archives/edgar/data/1740604/000162828026003180/0001628280-26-003180-index.htm
"Bitgo Holdings, Inc.",BTGO,0001740604,0001628280-26-003180,424B4,Priced,2026-01-23,2026-01-12,2026-01-21,Medium,New,212788710.0,11026365,795230,final 424B4 THE OFFERING primary + secondary rows,High,15-17,18.0,7.56,2026-09-18T20:00:00+00:00,"Sioux Falls, SD",S-1 principal executive office,2026-07-20,Entities affiliated with Bridgescale,6143152.0,46442229.12,110576736.0,,,,,,Unclassified,Unknown — filing has no defensible holder-specific lock-up mapping,False,True,Entity,,,,,6143152,,6143152,,filing-level-unmapped,2026-09-18,https://www.sec.gov/Archives/edgar/data/1740604/000162828026003180/0001628280-26-003180-index.htm
"Bitgo Holdings, Inc.",BTGO,0001740604,0001628280-26-003180,424B4,Priced,2026-01-23,2026-01-12,2026-01-21,Medium,New,212788710.0,11026365,795230,final 424B4 THE OFFERING primary + secondary rows,High,15-17,18.0,7.56,2026-09-18T20:00:00+00:00,"Sioux Falls, SD",S-1 principal executive office,2026-07-20,Peter Pong,1428987.0,10803141.72,25721766.0,,,,,,Unclassified,Unknown — filing has no defensible holder-specific lock-up mapping,False,True,Individual,,,,,1578987,150000,1428987,,filing-level-unmapped,2026-09-18,https://www.sec.gov/Archives/edgar/data/1740604/000162828026003180/0001628280-26-003180-index.htm
"Bitgo Holdings, Inc.",BTGO,0001740604,0001628280-26-003180,424B4,Priced,2026-01-23,2026-01-12,2026-01-21,Medium,New,212788710.0,11026365,795230,final 424B4 THE OFFERING primary + secondary rows,High,15-17,18.0,7.56,2026-09-18T20:00:00+00:00,"Sioux Falls, SD",S-1 principal executive office,2026-07-20,Youngro Lee,250141.0,1891065.96,4502538.0,,,,,,Unclassified,Unknown — filing has no defensible holder-specific lock-up mapping,False,True,Individual,,,,,290141,40000,250141,,filing-level-unmapped,2026-09-18,https://www.sec.gov/Archives/edgar/data/1740604/000162828026003180/0001628280-26-003180-index.htm
"Bitgo Holdings, Inc.",BTGO,0001740604,0001628280-26-003180,424B4,Priced,2026-01-23,2026-01-12,2026-01-21,Medium,New,212788710.0,11026365,795230,final 424B4 THE OFFERING primary + secondary rows,High,15-17,18.0,7.56,2026-09-18T20:00:00+00:00,"Sioux Falls, SD",S-1 principal executive office,2026-07-20,Michelle Neufeld,140344.0,1061000.64,2526192.0,,,,,,Unclassified,Unknown — filing has no defensible holder-specific lock-up mapping,False,True,Individual,,,,,165000,24656,140344,,filing-level-unmapped,2026-09-18,https://www.sec.gov/Archives/edgar/data/1740604/000162828026003180/0001628280-26-003180-index.htm
"Aktis Oncology, Inc.",AKTS,0002035832,0001193125-26-009078,424B4,Priced,2026-01-09,2026-01-07,2026-01-08,Medium,New,317700000.0,17650000,,final 424B4 explicit issuer-only THE OFFERING row,High,16-18,18.0,21.88,2026-09-18T20:00:00+00:00,"BOSTON, MA",SEC submissions metadata,2026-07-07,Entities affiliated with MPM BioImpact LLC,9147287.0,200142639.56,164651166.0,,,,,,Lock-up applies — covered quantity unresolved,"Holder class is supported, but the filing does not establish that the entire disclosed position is covered",False,True,Entity,,17.4,26.2,17.4,,,9147287,,holder-mapped,2026-09-18,https://www.sec.gov/Archives/edgar/data/2035832/000119312526009078/0001193125-26-009078-index.htm
"Aktis Oncology, Inc.",AKTS,0002035832,0001193125-26-009078,424B4,Priced,2026-01-09,2026-01-07,2026-01-08,Medium,New,317700000.0,17650000,,final 424B4 explicit issuer-only THE OFFERING row,High,16-18,18.0,21.88,2026-09-18T20:00:00+00:00,"BOSTON, MA",SEC submissions metadata,2026-07-07,"Entities affiliated with VV Manager II, LLC",4994212.0,109273358.56,89895816.0,,,,,,Lock-up applies — covered quantity unresolved,"Holder class is supported, but the filing does not establish that the entire disclosed position is covered",False,True,Entity,,9.5,14.3,9.5,,,4994212,,holder-mapped,2026-09-18,https://www.sec.gov/Archives/edgar/data/2035832/000119312526009078/0001193125-26-009078-index.htm
"Aktis Oncology, Inc.",AKTS,0002035832,0001193125-26-009078,424B4,Priced,2026-01-09,2026-01-07,2026-01-08,Medium,New,317700000.0,17650000,,final 424B4 explicit issuer-only THE OFFERING row,High,16-18,18.0,21.88,2026-09-18T20:00:00+00:00,"BOSTON, MA",SEC submissions metadata,2026-07-07,"Entities affiliated with EcoR1 Capital, LLC",2602247.0,56937164.36,46840446.0,,,,,,Lock-up applies — covered quantity unresolved,"Holder class is supported, but the filing does not establish that the entire disclosed position is covered",False,True,Entity,,5.0,7.5,5.0,,,2602247,,holder-mapped,2026-09-18,https://www.sec.gov/Archives/edgar/data/2035832/000119312526009078/0001193125-26-009078-index.htm
"Aktis Oncology, Inc.",AKTS,0002035832,0001193125-26-009078,424B4,Priced,2026-01-09,2026-01-07,2026-01-08,Medium,New,317700000.0,17650000,,final 424B4 explicit issuer-only THE OFFERING row,High,16-18,18.0,21.88,2026-09-18T20:00:00+00:00,"BOSTON, MA",SEC submissions metadata,2026-07-07,Entities affiliated with Blue Owl Capital Holdings LP,2431393.0,53198878.84,43765074.0,,,,,,Lock-up applies — covered quantity unresolved,"Holder class is supported, but the filing does not establish that the entire disclosed position is covered",False,True,Entity,,4.6,7.0,4.6,,,2431393,,holder-mapped,2026-09-18,https://www.sec.gov/Archives/edgar/data/2035832/000119312526009078/0001193125-26-009078-index.htm
"Aktis Oncology, Inc.",AKTS,0002035832,0001193125-26-009078,424B4,Priced,2026-01-09,2026-01-07,2026-01-08,Medium,New,317700000.0,17650000,,final 424B4 explicit issuer-only THE OFFERING row,High,16-18,18.0,21.88,2026-09-18T20:00:00+00:00,"BOSTON, MA",SEC submissions metadata,2026-07-07,"Matthew Roden, PhD",1280943.0,28027032.84,23056974.0,,,,,,Lock-up applies — covered quantity unresolved,"Holder class is supported, but the filing does not establish that the entire disclosed position is covered",False,True,Individual,,2.4,3.6,2.4,,,1280943,,holder-mapped,2026-09-18,https://www.sec.gov/Archives/edgar/data/2035832/000119312526009078/0001193125-26-009078-index.htm
"Aktis Oncology, Inc.",AKTS,0002035832,0001193125-26-009078,424B4,Priced,2026-01-09,2026-01-07,2026-01-08,Medium,New,317700000.0,17650000,,final 424B4 explicit issuer-only THE OFFERING row,High,16-18,18.0,21.88,2026-09-18T20:00:00+00:00,"BOSTON, MA",SEC submissions metadata,2026-07-07,"Akos Czibere, MD, PhD",124805.0,2730733.4,2246490.0,,,,,,Lock-up applies — covered quantity unresolved,"Holder class is supported, but the filing does not establish that the entire disclosed position is covered",False,True,Individual,,,,,,,124805,,holder-mapped,2026-09-18,https://www.sec.gov/Archives/edgar/data/2035832/000119312526009078/0001193125-26-009078-index.htm
"Aktis Oncology, Inc.",AKTS,0002035832,0001193125-26-009078,424B4,Priced,2026-01-09,2026-01-07,2026-01-08,Medium,New,317700000.0,17650000,,final 424B4 explicit issuer-only THE OFFERING row,High,16-18,18.0,21.88,2026-09-18T20:00:00+00:00,"BOSTON, MA",SEC submissions metadata,2026-07-07,"Paul L. Feldman, PhD",328650.0,7190862.0,5915700.0,,,,,,Lock-up applies — covered quantity unresolved,"Holder class is supported, but the filing does not establish that the entire disclosed position is covered",False,True,Individual,,,,,,,328650,,holder-mapped,2026-09-18,https://www.sec.gov/Archives/edgar/data/2035832/000119312526009078/0001193125-26-009078-index.htm
"Aktis Oncology, Inc.",AKTS,0002035832,0001193125-26-009078,424B4,Priced,2026-01-09,2026-01-07,2026-01-08,Medium,New,317700000.0,17650000,,final 424B4 explicit issuer-only THE OFFERING row,High,16-18,18.0,21.88,2026-09-18T20:00:00+00:00,"BOSTON, MA",SEC submissions metadata,2026-07-07,"Todd Foley, MBA",4002533.0,87575422.04,72045594.0,,,,,,Lock-up applies — covered quantity unresolved,"Holder class is supported, but the filing does not establish that the entire disclosed position is covered",False,True,Individual,,7.6,11.5,7.6,,,4002533,,holder-mapped,2026-09-18,https://www.sec.gov/Archives/edgar/data/2035832/000119312526009078/0001193125-26-009078-index.htm
"Aktis Oncology, Inc.",AKTS,0002035832,0001193125-26-009078,424B4,Priced,2026-01-09,2026-01-07,2026-01-08,Medium,New,317700000.0,17650000,,final 424B4 explicit issuer-only THE OFFERING row,High,16-18,18.0,21.88,2026-09-18T20:00:00+00:00,"BOSTON, MA",SEC submissions metadata,2026-07-07,"Ken Herrmann, MD",75103.0,1643253.64,1351854.0,,,,,,Lock-up applies — covered quantity unresolved,"Holder class is supported, but the filing does not establish that the entire disclosed position is covered",False,True,Individual,,,,,,,75103,,holder-mapped,2026-09-18,https://www.sec.gov/Archives/edgar/data/2035832/000119312526009078/0001193125-26-009078-index.htm
"Aktis Oncology, Inc.",AKTS,0002035832,0001193125-26-009078,424B4,Priced,2026-01-09,2026-01-07,2026-01-08,Medium,New,317700000.0,17650000,,final 424B4 explicit issuer-only THE OFFERING row,High,16-18,18.0,21.88,2026-09-18T20:00:00+00:00,"BOSTON, MA",SEC submissions metadata,2026-07-07,"Helen S. Kim, MBA",4994212.0,109273358.56,89895816.0,,,,,,Lock-up applies — covered quantity unresolved,"Holder class is supported, but the filing does not establish that the entire disclosed position is covered",False,True,Individual,,9.5,14.3,9.5,,,4994212,,holder-mapped,2026-09-18,https://www.sec.gov/Archives/edgar/data/2035832/000119312526009078/0001193125-26-009078-index.htm
"Aktis Oncology, Inc.",AKTS,0002035832,0001193125-26-009078,424B4,Priced,2026-01-09,2026-01-07,2026-01-08,Medium,New,317700000.0,17650000,,final 424B4 explicit issuer-only THE OFFERING row,High,16-18,18.0,21.88,2026-09-18T20:00:00+00:00,"BOSTON, MA",SEC submissions metadata,2026-07-07,Oleg Nodelman,2602247.0,56937164.36,46840446.0,,,,,,Lock-up applies — covered quantity unresolved,"Holder class is supported, but the filing does not establish that the entire disclosed position is covered",False,True,Individual,,5.0,7.5,5.0,,,2602247,,holder-mapped,2026-09-18,https://www.sec.gov/Archives/edgar/data/2035832/000119312526009078/0001193125-26-009078-index.htm
"Aktis Oncology, Inc.",AKTS,0002035832,0001193125-26-009078,424B4,Priced,2026-01-09,2026-01-07,2026-01-08,Medium,New,317700000.0,17650000,,final 424B4 explicit issuer-only THE OFFERING row,High,16-18,18.0,21.88,2026-09-18T20:00:00+00:00,"BOSTON, MA",SEC submissions metadata,2026-07-07,"Lloyd M. Segal, MBA",83014.0,1816346.32,1494252.0,,,,,,Lock-up applies — covered quantity unresolved,"Holder class is supported, but the filing does not establish that the entire disclosed position is covered",False,True,Individual,,,,,,,83014,,holder-mapped,2026-09-18,https://www.sec.gov/Archives/edgar/data/2035832/000119312526009078/0001193125-26-009078-index.htm
Andersen Group Inc.,ANDG,0002065708,0001193125-25-322948,424B4,Priced,2025-12-17,2025-12-08,2025-12-16,High,New,176000000.0,11000000,,final 424B4 explicit issuer-only THE OFFERING row,High,14-16,16.0,54.99,2026-09-18T20:00:00+00:00,"SAN FRANCISCO, CA",SEC submissions metadata,2026-06-14,MANAGEMENT,140.0,7698.6,2240.0,,,,,,Unclassified,Unknown — filing has no defensible holder-specific lock-up mapping,False,True,Entity,,,,,,,140,,filing-level-unmapped,2026-09-18,https://www.sec.gov/Archives/edgar/data/2065708/000119312525322948/0001193125-25-322948-index.htm
Andersen Group Inc.,ANDG,0002065708,0001193125-25-322948,424B4,Priced,2025-12-17,2025-12-08,2025-12-16,High,New,176000000.0,11000000,,final 424B4 explicit issuer-only THE OFFERING row,High,14-16,16.0,54.99,2026-09-18T20:00:00+00:00,"SAN FRANCISCO, CA",SEC submissions metadata,2026-06-14,Mark Vorsatz,7000000.0,384930000.0,112000000.0,,,,,,Unclassified,Unknown — filing has no defensible holder-specific lock-up mapping,False,True,Individual,,,,,7000000,,7000000,,filing-level-unmapped,2026-09-18,https://www.sec.gov/Archives/edgar/data/2065708/000119312525322948/0001193125-25-322948-index.htm
Andersen Group Inc.,ANDG,0002065708,0001193125-25-322948,424B4,Priced,2025-12-17,2025-12-08,2025-12-16,High,New,176000000.0,11000000,,final 424B4 explicit issuer-only THE OFFERING row,High,14-16,16.0,54.99,2026-09-18T20:00:00+00:00,"SAN FRANCISCO, CA",SEC submissions metadata,2026-06-14,Daniel DePaoli,1700000.0,93483000.0,27200000.0,,,,,,Unclassified,Unknown — filing has no defensible holder-specific lock-up mapping,False,True,Individual,,,,,1700000,,1700000,,filing-level-unmapped,2026-09-18,https://www.sec.gov/Archives/edgar/data/2065708/000119312525322948/0001193125-25-322948-index.htm
Andersen Group Inc.,ANDG,0002065708,0001193125-25-322948,424B4,Priced,2025-12-17,2025-12-08,2025-12-16,High,New,176000000.0,11000000,,final 424B4 explicit issuer-only THE OFFERING row,High,14-16,16.0,54.99,2026-09-18T20:00:00+00:00,"SAN FRANCISCO, CA",SEC submissions metadata,2026-06-14,"Robert V. Gunderson, Jr.",250000.0,13747500.0,4000000.0,,,,,,Unclassified,Unknown — filing has no defensible holder-specific lock-up mapping,False,True,Individual,,,,,250000,,250000,,filing-level-unmapped,2026-09-18,https://www.sec.gov/Archives/edgar/data/2065708/000119312525322948/0001193125-25-322948-index.htm
Andersen Group Inc.,ANDG,0002065708,0001193125-25-322948,424B4,Priced,2025-12-17,2025-12-08,2025-12-16,High,New,176000000.0,11000000,,final 424B4 explicit issuer-only THE OFFERING row,High,14-16,16.0,54.99,2026-09-18T20:00:00+00:00,"SAN FRANCISCO, CA",SEC submissions metadata,2026-06-14,John R. Joyce,250000.0,13747500.0,4000000.0,,,,,,Unclassified,Unknown — filing has no defensible holder-specific lock-up mapping,False,True,Individual,,,,,250000,,250000,,filing-level-unmapped,2026-09-18,https://www.sec.gov/Archives/edgar/data/2065708/000119312525322948/0001193125-25-322948-index.htm
Andersen Group Inc.,ANDG,0002065708,0001193125-25-322948,424B4,Priced,2025-12-17,2025-12-08,2025-12-16,High,New,176000000.0,11000000,,final 424B4 explicit issuer-only THE OFFERING row,High,14-16,16.0,54.99,2026-09-18T20:00:00+00:00,"SAN FRANCISCO, CA",SEC submissions metadata,2026-06-14,Joseph Karczewski,2000000.0,109980000.0,32000000.0,,,,,,Unclassified,Unknown — filing has no defensible holder-specific lock-up mapping,False,True,Individual,,,,,2000000,,2000000,,filing-level-unmapped,2026-09-18,https://www.sec.gov/Archives/edgar/data/2065708/000119312525322948/0001193125-25-322948-index.htm
Andersen Group Inc.,ANDG,0002065708,0001193125-25-322948,424B4,Priced,2025-12-17,2025-12-08,2025-12-16,High,New,176000000.0,11000000,,final 424B4 explicit issuer-only THE OFFERING row,High,14-16,16.0,54.99,2026-09-18T20:00:00+00:00,"SAN FRANCISCO, CA",SEC submissions metadata,2026-06-14,John F. Nicolai,250000.0,13747500.0,4000000.0,,,,,,Unclassified,Unknown — filing has no defensible holder-specific lock-up mapping,False,True,Individual,,,,,250000,,250000,,filing-level-unmapped,2026-09-18,https://www.sec.gov/Archives/edgar/data/2065708/000119312525322948/0001193125-25-322948-index.htm
Andersen Group Inc.,ANDG,0002065708,0001193125-25-322948,424B4,Priced,2025-12-17,2025-12-08,2025-12-16,High,New,176000000.0,11000000,,final 424B4 explicit issuer-only THE OFFERING row,High,14-16,16.0,54.99,2026-09-18T20:00:00+00:00,"SAN FRANCISCO, CA",SEC submissions metadata,2026-06-14,Ronald L. Olson,250000.0,13747500.0,4000000.0,,,,,,Unclassified,Unknown — filing has no defensible holder-specific lock-up mapping,False,True,Individual,,,,,250000,,250000,,filing-level-unmapped,2026-09-18,https://www.sec.gov/Archives/edgar/data/2065708/000119312525322948/0001193125-25-322948-index.htm
Andersen Group Inc.,ANDG,0002065708,0001193125-25-322948,424B4,Priced,2025-12-17,2025-12-08,2025-12-16,High,New,176000000.0,11000000,,final 424B4 explicit issuer-only THE OFFERING row,High,14-16,16.0,54.99,2026-09-18T20:00:00+00:00,"SAN FRANCISCO, CA",SEC submissions metadata,2026-06-14,Dorice Pepin,850000.0,46741500.0,13600000.0,,,,,,Unclassified,Unknown — filing has no defensible holder-specific lock-up mapping,False,True,Individual,,,,,850000,,850000,,filing-level-unmapped,2026-09-18,https://www.sec.gov/Archives/edgar/data/2065708/000119312525322948/0001193125-25-322948-index.htm
Andersen Group Inc.,ANDG,0002065708,0001193125-25-322948,424B4,Priced,2025-12-17,2025-12-08,2025-12-16,High,New,176000000.0,11000000,,final 424B4 explicit issuer-only THE OFFERING row,High,14-16,16.0,54.99,2026-09-18T20:00:00+00:00,"SAN FRANCISCO, CA",SEC submissions metadata,2026-06-14,Andersen Aggregator LLC,98302500.0,5405654475.0,1572840000.0,,,,,,Unclassified,Unknown — filing has no defensible holder-specific lock-up mapping,False,True,Entity,,,,,98302500,,98302500,,filing-level-unmapped,2026-09-18,https://www.sec.gov/Archives/edgar/data/2065708/000119312525322948/0001193125-25-322948-index.htm
"Lumexa Imaging Holdings, Inc.",LMRI,0002071288,0001193125-25-316455,424B4,Priced,2025-12-12,2025-12-02,2025-12-10,High,New,462500000.0,25000000,,final 424B4 explicit issuer-only THE OFFERING row,High,17-20,18.5,11.08,2026-09-18T20:00:00+00:00,"RALEIGH, NC",SEC submissions metadata,2026-06-08,Caitlin Zulla,181614.0,2012283.12,3359859.0,,,,,,Lock-up applies — covered quantity unresolved,"Holder class is supported, but the filing does not establish that the entire disclosed position is covered",False,True,Individual,,0.2,0.3,0.2,181614,,181614,,holder-mapped,2026-09-18,https://www.sec.gov/Archives/edgar/data/2071288/000119312525316455/0001193125-25-316455-index.htm
"Lumexa Imaging Holdings, Inc.",LMRI,0002071288,0001193125-25-316455,424B4,Priced,2025-12-12,2025-12-02,2025-12-10,High,New,462500000.0,25000000,,final 424B4 explicit issuer-only THE OFFERING row,High,17-20,18.5,11.08,2026-09-18T20:00:00+00:00,"RALEIGH, NC",SEC submissions metadata,2026-06-08,Tony Martin,77777.0,861769.16,1438874.5,,,,,,Lock-up applies — covered quantity unresolved,"Holder class is supported, but the filing does not establish that the entire disclosed position is covered",False,True,Individual,,0.1,0.1,0.1,77777,,77777,,holder-mapped,2026-09-18,https://www.sec.gov/Archives/edgar/data/2071288/000119312525316455/0001193125-25-316455-index.htm
"Lumexa Imaging Holdings, Inc.",LMRI,0002071288,0001193125-25-316455,424B4,Priced,2025-12-12,2025-12-02,2025-12-10,High,New,462500000.0,25000000,,final 424B4 explicit issuer-only THE OFFERING row,High,17-20,18.5,11.08,2026-09-18T20:00:00+00:00,"RALEIGH, NC",SEC submissions metadata,2026-06-08,Julie Szeker,170307.0,1887001.56,3150679.5,,,,,,Lock-up applies — covered quantity unresolved,"Holder class is supported, but the filing does not establish that the entire disclosed position is covered",False,True,Individual,,0.2,0.2,0.2,170307,,170307,,holder-mapped,2026-09-18,https://www.sec.gov/Archives/edgar/data/2071288/000119312525316455/0001193125-25-316455-index.htm
"Lumexa Imaging Holdings, Inc.",LMRI,0002071288,0001193125-25-316455,424B4,Priced,2025-12-12,2025-12-02,2025-12-10,High,New,462500000.0,25000000,,final 424B4 explicit issuer-only THE OFFERING row,High,17-20,18.5,11.08,2026-09-18T20:00:00+00:00,"RALEIGH, NC",SEC submissions metadata,2026-06-08,Lee Cooper,222222.0,2462219.76,4111107.0,,,,,,Lock-up applies — covered quantity unresolved,"Holder class is supported, but the filing does not establish that the entire disclosed position is covered",False,True,Individual,,0.2,0.3,0.2,222222,,222222,,holder-mapped,2026-09-18,https://www.sec.gov/Archives/edgar/data/2071288/000119312525316455/0001193125-25-316455-index.htm
"Lumexa Imaging Holdings, Inc.",LMRI,0002071288,0001193125-25-316455,424B4,Priced,2025-12-12,2025-12-02,2025-12-10,High,New,462500000.0,25000000,,final 424B4 explicit issuer-only THE OFFERING row,High,17-20,18.5,11.08,2026-09-18T20:00:00+00:00,"RALEIGH, NC",SEC submissions metadata,2026-06-08,John Perkins,1149160.0,12732692.8,21259460.0,,,,,,Lock-up applies — covered quantity unresolved,"Holder class is supported, but the filing does not establish that the entire disclosed position is covered",False,True,Individual,,1.2,1.6,1.2,1149160,,1149160,,holder-mapped,2026-09-18,https://www.sec.gov/Archives/edgar/data/2071288/000119312525316455/0001193125-25-316455-index.htm
"Lumexa Imaging Holdings, Inc.",LMRI,0002071288,0001193125-25-316455,424B4,Priced,2025-12-12,2025-12-02,2025-12-10,High,New,462500000.0,25000000,,final 424B4 explicit issuer-only THE OFFERING row,High,17-20,18.5,11.08,2026-09-18T20:00:00+00:00,"RALEIGH, NC",SEC submissions metadata,2026-06-08,Molly Joseph,31290.0,346693.2,578865.0,,,,,,Lock-up applies — covered quantity unresolved,"Holder class is supported, but the filing does not establish that the entire disclosed position is covered",False,True,Individual,,0.0,0.0,0.0,17777,,31290,,holder-mapped,2026-09-18,https://www.sec.gov/Archives/edgar/data/2071288/000119312525316455/0001193125-25-316455-index.htm
"Lumexa Imaging Holdings, Inc.",LMRI,0002071288,0001193125-25-316455,424B4,Priced,2025-12-12,2025-12-02,2025-12-10,High,New,462500000.0,25000000,,final 424B4 explicit issuer-only THE OFFERING row,High,17-20,18.5,11.08,2026-09-18T20:00:00+00:00,"RALEIGH, NC",SEC submissions metadata,2026-06-08,Brett Brodnax,8888.0,98479.04,164428.0,,,,,,Lock-up applies — covered quantity unresolved,"Holder class is supported, but the filing does not establish that the entire disclosed position is covered",False,True,Individual,,0.0,0.0,0.0,8888,,8888,,holder-mapped,2026-09-18,https://www.sec.gov/Archives/edgar/data/2071288/000119312525316455/0001193125-25-316455-index.htm
"Lumexa Imaging Holdings, Inc.",LMRI,0002071288,0001193125-25-316455,424B4,Priced,2025-12-12,2025-12-02,2025-12-10,High,New,462500000.0,25000000,,final 424B4 explicit issuer-only THE OFFERING row,High,17-20,18.5,11.08,2026-09-18T20:00:00+00:00,"RALEIGH, NC",SEC submissions metadata,2026-06-08,Dr. Robert Mittl,155635.0,1724435.8,2879247.5,,,,,,Lock-up applies — covered quantity unresolved,"Holder class is supported, but the filing does not establish that the entire disclosed position is covered",False,True,Individual,,0.2,0.2,0.2,155635,,155635,,holder-mapped,2026-09-18,https://www.sec.gov/Archives/edgar/data/2071288/000119312525316455/0001193125-25-316455-index.htm
"Lumexa Imaging Holdings, Inc.",LMRI,0002071288,0001193125-25-316455,424B4,Priced,2025-12-12,2025-12-02,2025-12-10,High,New,462500000.0,25000000,,final 424B4 explicit issuer-only THE OFFERING row,High,17-20,18.5,11.08,2026-09-18T20:00:00+00:00,"RALEIGH, NC",SEC submissions metadata,2026-06-08,WCAS,28041577.0,310700673.16,518769174.5,,,,,,Lock-up applies — covered quantity unresolved,"Holder class is supported, but the filing does not establish that the entire disclosed position is covered",False,True,Unknown,,29.2,39.4,29.2,28041577,,28041577,,holder-mapped,2026-09-18,https://www.sec.gov/Archives/edgar/data/2071288/000119312525316455/0001193125-25-316455-index.htm
"Lumexa Imaging Holdings, Inc.",LMRI,0002071288,0001193125-25-316455,424B4,Priced,2025-12-12,2025-12-02,2025-12-10,High,New,462500000.0,25000000,,final 424B4 explicit issuer-only THE OFFERING row,High,17-20,18.5,11.08,2026-09-18T20:00:00+00:00,"RALEIGH, NC",SEC submissions metadata,2026-06-08,"Charlotte Radiology Investors, LLC",5846337.0,64777413.96,108157234.5,,,,,,Lock-up applies — covered quantity unresolved,"Holder class is supported, but the filing does not establish that the entire disclosed position is covered",False,True,Entity,,6.1,8.2,6.1,5846337,,5846337,,holder-mapped,2026-09-18,https://www.sec.gov/Archives/edgar/data/2071288/000119312525316455/0001193125-25-316455-index.htm
Cardinal Infrastructure Group Inc.,CDNL,0002079999,0001213900-25-120076,424B4,Priced,2025-12-10,2025-12-01,2025-12-09,High,New,241500000.0,11500000,,final 424B4 explicit issuer-only THE OFFERING row,High,20-22,21.0,30.87,2026-09-18T20:00:00+00:00,"RALEIGH, NC",SEC submissions metadata,2026-06-07,Ross Berner,804405.0,24831982.35,16892505.0,,,,,,Unclassified,Unknown — filing has no defensible holder-specific lock-up mapping,False,True,Individual,,,,,,,804405,,filing-level-unmapped,2026-09-18,https://www.sec.gov/Archives/edgar/data/2079999/000121390025120076/0001213900-25-120076-index.htm
Cardinal Infrastructure Group Inc.,CDNL,0002079999,0001213900-25-120076,424B4,Priced,2025-12-10,2025-12-01,2025-12-09,High,New,241500000.0,11500000,,final 424B4 explicit issuer-only THE OFFERING row,High,20-22,21.0,30.87,2026-09-18T20:00:00+00:00,"RALEIGH, NC",SEC submissions metadata,2026-06-07,Mark McKinney,760438.0,23474721.06,15969198.0,,,,,,Unclassified,Unknown — filing has no defensible holder-specific lock-up mapping,False,True,Individual,,,,,,,760438,,filing-level-unmapped,2026-09-18,https://www.sec.gov/Archives/edgar/data/2079999/000121390025120076/0001213900-25-120076-index.htm
Cardinal Infrastructure Group Inc.,CDNL,0002079999,0001213900-25-120076,424B4,Priced,2025-12-10,2025-12-01,2025-12-09,High,New,241500000.0,11500000,,final 424B4 explicit issuer-only THE OFFERING row,High,20-22,21.0,30.87,2026-09-18T20:00:00+00:00,"RALEIGH, NC",SEC submissions metadata,2026-06-07,Jeremy Spivey,12229848.0,377535407.76,256826808.0,,,,,,Unclassified,Unknown — filing has no defensible holder-specific lock-up mapping,False,True,Individual,,,52.4,,,,12229848,,filing-level-unmapped,2026-09-18,https://www.sec.gov/Archives/edgar/data/2079999/000121390025120076/0001213900-25-120076-index.htm
Cardinal Infrastructure Group Inc.,CDNL,0002079999,0001213900-25-120076,424B4,Priced,2025-12-10,2025-12-01,2025-12-09,High,New,241500000.0,11500000,,final 424B4 explicit issuer-only THE OFFERING row,High,20-22,21.0,30.87,2026-09-18T20:00:00+00:00,"RALEIGH, NC",SEC submissions metadata,2026-06-07,Erik West,6114009.0,188739457.83,128394189.0,,,,,,Unclassified,Unknown — filing has no defensible holder-specific lock-up mapping,False,True,Individual,,,26.2,,,,6114009,,filing-level-unmapped,2026-09-18,https://www.sec.gov/Archives/edgar/data/2079999/000121390025120076/0001213900-25-120076-index.htm
Cardinal Infrastructure Group Inc.,CDNL,0002079999,0001213900-25-120076,424B4,Priced,2025-12-10,2025-12-01,2025-12-09,High,New,241500000.0,11500000,,final 424B4 explicit issuer-only THE OFFERING row,High,20-22,21.0,30.87,2026-09-18T20:00:00+00:00,"RALEIGH, NC",SEC submissions metadata,2026-06-07,Mike Rowe,2038003.0,62913152.61,42798063.0,,,,,,Unclassified,Unknown — filing has no defensible holder-specific lock-up mapping,False,True,Individual,,,8.7,,,,2038003,,filing-level-unmapped,2026-09-18,https://www.sec.gov/Archives/edgar/data/2079999/000121390025120076/0001213900-25-120076-index.htm
Cardinal Infrastructure Group Inc.,CDNL,0002079999,0001213900-25-120076,424B4,Priced,2025-12-10,2025-12-01,2025-12-09,High,New,241500000.0,11500000,,final 424B4 explicit issuer-only THE OFFERING row,High,20-22,21.0,30.87,2026-09-18T20:00:00+00:00,"RALEIGH, NC",SEC submissions metadata,2026-06-07,"Richard M. Lee, Jr.",892.0,27536.04,18732.0,,,,,,Unclassified,Unknown — filing has no defensible holder-specific lock-up mapping,False,True,Individual,,,,,,,892,,filing-level-unmapped,2026-09-18,https://www.sec.gov/Archives/edgar/data/2079999/000121390025120076/0001213900-25-120076-index.htm
Cardinal Infrastructure Group Inc.,CDNL,0002079999,0001213900-25-120076,424B4,Priced,2025-12-10,2025-12-01,2025-12-09,High,New,241500000.0,11500000,,final 424B4 explicit issuer-only THE OFFERING row,High,20-22,21.0,30.87,2026-09-18T20:00:00+00:00,"RALEIGH, NC",SEC submissions metadata,2026-06-07,Austin J. Shanfelter,892.0,27536.04,18732.0,,,,,,Unclassified,Unknown — filing has no defensible holder-specific lock-up mapping,False,True,Individual,,,,,,,892,,filing-level-unmapped,2026-09-18,https://www.sec.gov/Archives/edgar/data/2079999/000121390025120076/0001213900-25-120076-index.htm
Cardinal Infrastructure Group Inc.,CDNL,0002079999,0001213900-25-120076,424B4,Priced,2025-12-10,2025-12-01,2025-12-09,High,New,241500000.0,11500000,,final 424B4 explicit issuer-only THE OFFERING row,High,20-22,21.0,30.87,2026-09-18T20:00:00+00:00,"RALEIGH, NC",SEC submissions metadata,2026-06-07,Richard B. Wimmer,892.0,27536.04,18732.0,,,,,,Unclassified,Unknown — filing has no defensible holder-specific lock-up mapping,False,True,Individual,,,,,,,892,,filing-level-unmapped,2026-09-18,https://www.sec.gov/Archives/edgar/data/2079999/000121390025120076/0001213900-25-120076-index.htm
Cardinal Infrastructure Group Inc.,CDNL,0002079999,0001213900-25-120076,424B4,Priced,2025-12-10,2025-12-01,2025-12-09,High,New,241500000.0,11500000,,final 424B4 explicit issuer-only THE OFFERING row,High,20-22,21.0,30.87,2026-09-18T20:00:00+00:00,"RALEIGH, NC",SEC submissions metadata,2026-06-07,Ivy Zelman,892.0,27536.04,18732.0,,,,,,Unclassified,Unknown — filing has no defensible holder-specific lock-up mapping,False,True,Individual,,,,,,,892,,filing-level-unmapped,2026-09-18,https://www.sec.gov/Archives/edgar/data/2079999/000121390025120076/0001213900-25-120076-index.htm
